$GPRMC,124316.00,V,,,,,,,060525,,,N*7A
$GPVTG,,,,,,,,,N*30
$GPGGA,124316.00,,,,,0,00,99.99,,,,,,*65
$GPGSA,A,1,,,,,,,,,,,,,99.99,99.99,99.99*30
$GPGSV,3,1,12,05,31,101,,10,03,317,,12,25,143,,13,04,049,*71
$GPGSV,3,2,12,15,32,029,,18,62,281,,20,06,124,,23,35,342,*72
$GPGSV,3,3,12,24,70,025,,25,16,179,,29,15,205,,32,08,268,*7E
$GPGLL,,,,,124316.00,V,N*49
20:43:16 | Long: Waiting... | Lat: Waiting...
$GPRMC,124317.00,V,,,,,,,060525,,,N*7B
$GPVTG,,,,,,,,,N*30
$GPGGA,124317.00,,,,,0,00,99.99,,,,,,*64
$GPGSA,A,1,,,,,,,,,,,,,99.99,99.99,99.99*30
$GPGSV,3,1,12,05,31,101,,10,03,317,,12,25,143,,13,04,049,*71
$GPGSV,3,2,12,15,32,029,,18,62,281,,20,06,124,,23,35,342,*72
$GPGSV,3,3,12,24,70,025,,25,16,179,,29,15,205,,32,08,268,*7E
$GPGLL,,,,,124317.00,V,N*48
20:43:17 | Long: Waiting... | Lat: Waiting...
$GPRMC,124318.00,V,,,,,,,060525,,,N*74
$GPVTG,,,,,,,,,N*30
$GPGGA,124318.00,,,,,0,00,99.99,,,,,,*6B
$GPGSA,A,1,,,,,,,,,,,,,99.99,99.99,99.99*30
$GPGSV,3,1,12,05,31,101,,10,03,317,,12,25,143,,13,04,049,*71
$GPGSV,3,2,12,15,32,029,,18,62,281,,20,06,124,,23,35,342,*72
$GPGSV,3,3,12,24,70,025,,25,16,179,,29,15,205,,32,08,268,*7E
$GPGLL,,,,,124318.00,V,N*47
20:43:18 | Long: Waiting... | Lat: Waiting...
$GPRMC,124319.00,V,,,,,,,060525,,,N*75
$GPVTG,,,,,,,,,N*30
$GPGGA,124319.00,,,,,0,00,99.99,,,,,,*6A
$GPGSA,A,1,,,,,,,,,,,,,99.99,99.99,99.99*30
$GPGSV,3,1,12,05,31,101,,10,03,317,,12,25,143,28,13,04,049,*7B
$GPGSV,3,2,12,15,32,029,,18,62,281,,20,06,124,,23,35,342,*72
$GPGSV,3,3,12,24,70,025,,25,16,179,,29,15,205,,32,08,268,*7E
$GPGLL,,,,,124319.00,V,N*46
20:43:19 | Long: Waiting... | Lat: Waiting...
$GPRMC,124320.00,V,,,,,,,060525,,,N*7F
$GPVTG,,,,,,,,,N*30
$GPGGA,124320.00,,,,,0,00,99.99,,,,,,*60
$GPGSA,A,1,,,,,,,,,,,,,99.99,99.99,99.99*30
$GPGSV,3,1,12,05,31,101,,10,03,317,,12,25,143,,13,04,049,*71
$GPGSV,3,2,12,15,32,029,,18,62,281,,20,06,124,,23,35,342,*72
$GPGSV,3,3,12,24,70,025,,25,16,179,,29,15,205,,32,08,268,*7E
$GPGLL,,,,,124320.00,V,N*4C
20:43:20 | Long: Waiting... | Lat: Waiting...
$GPRMC,124321.00,V,,,,,,,060525,,,N*7E
$GPVTG,,,,,,,,,N*30
$GPGGA,124321.00,,,,,0,00,99.99,,,,,,*61
$GPGSA,A,1,,,,,,,,,,,,,99.99,99.99,99.99*30
$GPGSV,3,1,12,05,31,101,,10,03,317,,12,25,143,,13,04,049,*71
$GPGSV,3,2,12,15,32,029,,18,62,281,,20,06,124,,23,35,342,*72
$GPGSV,3,3,12,24,70,025,,25,16,179,,29,15,205,,32,08,268,*7E
$GPGLL,,,,,124321.00,V,N*4D
20:43:21 | Long: Waiting... | Lat: Waiting...
$GPRMC,124322.00,V,,,,,,,060525,,,N*7D
$GPVTG,,,,,,,,,N*30
$GPGGA,124322.00,,,,,0,00,99.99,,,,,,*62
$GPGSA,A,1,,,,,,,,,,,,,99.99,99.99,99.99*30
$GPGSV,3,1,12,05,31,101,,10,03,317,,12,25,143,,13,04,049,*71
$GPGSV,3,2,12,15,32,029,,18,62,281,,20,06,124,,23,35,342,*72
$GPGSV,3,3,12,24,70,025,,25,16,179,,29,15,205,,32,08,268,*7E
$GPGLL,,,,,124322.00,V,N*4E
20:43:22 | Long: Waiting... | Lat: Waiting...
$GPRMC,124323.00,V,,,,,,,060525,,,N*7C
$GPVTG,,,,,,,,,N*30
$GPGGA,124323.00,,,,,0,00,99.99,,,,,,*63
$GPGSA,A,1,,,,,,,,,,,,,99.99,99.99,99.99*30
$GPGSV,3,1,12,05,31,101,,10,03,317,,12,25,143,,13,04,049,*71
$GPGSV,3,2,12,15,32,029,,18,62,281,,20,06,124,,23,35,342,*72
$GPGSV,3,3,12,24,70,025,,25,16,179,,29,15,205,,32,08,268,*7E
$GPGLL,,,,,124323.00,V,N*4F
20:43:23 | Long: Waiting... | Lat: Waiting...
$GPRMC,124324.00,V,,,,,,,060525,,,N*7B
$GPVTG,,,,,,,,,N*30
$GPGGA,124324.00,,,,,0,00,99.99,,,,,,*64
$GPGSA,A,1,,,,,,,,,,,,,99.99,99.99,99.99*30
$GPGSV,3,1,12,05,31,101,,10,03,317,,12,25,143,,13,04,049,*71
$GPGSV,3,2,12,15,32,029,,18,62,281,,20,06,124,,23,35,342,*72
$GPGSV,3,3,12,24,70,025,,25,16,179,,29,15,205,,32,08,268,*7E
$GPGLL,,,,,124324.00,V,N*48
20:43:24 | Long: Waiting... | Lat: Waiting...
$GPRMC,124325.00,V,,,,,,,060525,,,N*7A
$GPVTG,,,,,,,,,N*30
$GPGGA,124325.00,,,,,0,00,99.99,,,,,,*65
$GPGSA,A,1,,,,,,,,,,,,,99.99,99.99,99.99*30
$GPGSV,3,1,12,05,31,101,,10,03,317,,12,25,143,,13,04,049,*71
$GPGSV,3,2,12,15,32,029,,18,62,281,,20,06,124,,23,35,342,*72
$GPGSV,3,3,12,24,70,025,,25,16,179,,29,15,205,,32,08,268,*7E
$GPGLL,,,,,124325.00,V,N*49
20:43:25 | Long: Waiting... | Lat: Waiting...
$GPRMC,124326.00,V,,,,,,,060525,,,N*79
$GPVTG,,,,,,,,,N*30
$GPGGA,124326.00,,,,,0,00,99.99,,,,,,*66
$GPGSA,A,1,,,,,,,,,,,,,99.99,99.99,99.99*30
$GPGSV,3,1,12,05,31,101,,10,03,317,,12,25,143,,13,04,049,*71
$GPGSV,3,2,12,15,32,029,,18,62,281,,20,06,124,,23,35,342,*72
$GPGSV,3,3,12,24,70,025,,25,16,179,,29,15,205,,32,08,268,*7E
$GPGLL,,,,,124326.00,V,N*4A
20:43:26 | Long: Waiting... | Lat: Waiting...
$GPRMC,124327.00,V,,,,,,,060525,,,N*78
$GPVTG,,,,,,,,,N*30
$GPGGA,124327.00,,,,,0,00,99.99,,,,,,*67
$GPGSA,A,1,,,,,,,,,,,,,99.99,99.99,99.99*30
$GPGSV,3,1,12,05,31,101,,10,03,317,,12,25,143,,13,04,049,*71
$GPGSV,3,2,12,15,32,029,,18,62,281,,20,06,124,,23,35,342,*72
$GPGSV,3,3,12,24,70,025,,25,16,179,,29,15,205,,32,08,268,*7E
$GPGLL,,,,,124327.00,V,N*4B
20:43:27 | Long: Waiting... | Lat: Waiting...
$GPRMC,124328.00,V,,,,,,,060525,,,N*77
$GPVTG,,,,,,,,,N*30
$GPGGA,124328.00,,,,,0,00,99.99,,,,,,*68
$GPGSA,A,1,,,,,,,,,,,,,99.99,99.99,99.99*30
$GPGSV,3,1,12,05,31,101,,10,03,317,,12,25,143,,13,04,049,*71
$GPGSV,3,2,12,15,32,029,24,18,62,281,,20,06,124,,23,35,342,*74
$GPGSV,3,3,12,24,70,025,,25,16,179,,29,15,205,,32,08,268,*7E
$GPGLL,,,,,124328.00,V,N*44
20:43:28 | Long: Waiting... | Lat: Waiting...
$GPRMC,124329.00,V,,,,,,,060525,,,N*76
$GPVTG,,,,,,,,,N*30
$GPGGA,124329.00,,,,,0,00,99.99,,,,,,*69
$GPGSA,A,1,,,,,,,,,,,,,99.99,99.99,99.99*30
$GPGSV,3,1,12,05,31,101,,10,03,317,,12,25,143,,13,04,049,*71
$GPGSV,3,2,12,15,32,029,,18,62,281,,20,06,124,,23,35,342,*72
$GPGSV,3,3,12,24,70,025,,25,16,179,,29,15,205,,32,08,268,*7E
$GPGLL,,,,,124329.00,V,N*45
20:43:29 | Long: Waiting... | Lat: Waiting...
$GPRMC,124330.00,V,,,,,,,060525,,,N*7E
$GPVTG,,,,,,,,,N*30
$GPGGA,124330.00,,,,,0,00,99.99,,,,,,*61
$GPGSA,A,1,,,,,,,,,,,,,99.99,99.99,99.99*30
$GPGSV,3,1,12,05,31,101,,10,03,317,,12,25,143,,13,04,049,*71
$GPGSV,3,2,12,15,32,029,,18,62,281,,20,06,124,,23,35,342,*72
$GPGSV,3,3,12,24,70,025,,25,16,179,,29,15,205,,32,08,268,*7E
$GPGLL,,,,,124330.00,V,N*4D
20:43:30 | Long: Waiting... | Lat: Waiting...
$GPRMC,124331.00,V,,,,,,,060525,,,N*7F
$GPVTG,,,,,,,,,N*30
$GPGGA,124331.00,,,,,0,00,99.99,,,,,,*60
$GPGSA,A,1,,,,,,,,,,,,,99.99,99.99,99.99*30
$GPGSV,3,1,12,05,31,101,,10,03,317,,12,25,143,,13,04,049,*71
$GPGSV,3,2,12,15,32,029,,18,62,281,,20,06,124,,23,35,342,*72
$GPGSV,3,3,12,24,70,025,,25,16,179,,29,15,205,,32,08,268,*7E
$GPGLL,,,,,124331.00,V,N*4C
20:43:31 | Long: Waiting... | Lat: Waiting...
$GPRMC,124332.00,V,,,,,,,060525,,,N*7C
$GPVTG,,,,,,,,,N*30
$GPGGA,124332.00,,,,,0,00,99.99,,,,,,*63
$GPGSA,A,1,,,,,,,,,,,,,99.99,99.99,99.99*30
$GPGSV,3,1,12,05,31,101,,10,03,317,,12,25,143,,13,04,049,*71
$GPGSV,3,2,12,15,32,029,,18,62,281,,20,06,124,,23,35,342,*72
$GPGSV,3,3,12,24,70,025,,25,16,179,,29,15,205,,32,08,268,*7E
$GPGLL,,,,,124332.00,V,N*4F
20:43:32 | Long: Waiting... | Lat: Waiting...
$GPRMC,124333.00,V,,,,,,,060525,,,N*7D
$GPVTG,,,,,,,,,N*30
$GPGGA,124333.00,,,,,0,00,99.99,,,,,,*62
$GPGSA,A,1,,,,,,,,,,,,,99.99,99.99,99.99*30
$GPGSV,3,1,12,05,31,101,,10,03,317,,12,25,143,,13,04,049,*71
$GPGSV,3,2,12,15,32,029,,18,62,281,23,20,06,124,,23,35,342,*73
$GPGSV,3,3,12,24,70,025,,25,16,179,,29,15,205,,32,08,268,*7E
$GPGLL,,,,,124333.00,V,N*4E
20:43:33 | Long: Waiting... | Lat: Waiting...
$GPRMC,124334.00,V,,,,,,,060525,,,N*7A
$GPVTG,,,,,,,,,N*30
$GPGGA,124334.00,,,,,0,00,99.99,,,,,,*65
$GPGSA,A,1,,,,,,,,,,,,,99.99,99.99,99.99*30
$GPGSV,3,1,12,05,31,101,,10,03,317,,12,25,143,,13,04,049,*71
$GPGSV,3,2,12,15,32,029,,18,62,281,,20,06,124,,23,35,342,*72
$GPGSV,3,3,12,24,70,025,,25,16,179,,29,15,205,,32,08,268,*7E
$GPGLL,,,,,124334.00,V,N*49
20:43:34 | Long: Waiting... | Lat: Waiting...
$GPRMC,124335.00,V,,,,,,,060525,,,N*7B
$GPVTG,,,,,,,,,N*30
$GPGGA,124335.00,,,,,0,00,99.99,,,,,,*64
$GPGSA,A,1,,,,,,,,,,,,,99.99,99.99,99.99*30
$GPGSV,3,1,12,05,31,101,,10,03,317,,12,25,143,,13,04,049,*71
$GPGSV,3,2,12,15,32,029,,18,62,281,,20,06,124,,23,35,342,*72
$GPGSV,3,3,12,24,70,025,,25,16,179,,29,15,205,,32,08,268,*7E
$GPGLL,,,,,124335.00,V,N*48
20:43:35 | Long: Waiting... | Lat: Waiting...
$GPRMC,124336.00,V,,,,,,,060525,,,N*78
$GPVTG,,,,,,,,,N*30
$GPGGA,124336.00,,,,,0,00,99.99,,,,,,*67
$GPGSA,A,1,,,,,,,,,,,,,99.99,99.99,99.99*30
$GPGSV,3,1,12,05,31,101,,10,03,317,,12,25,143,,13,04,049,*71
$GPGSV,3,2,12,15,32,029,,18,62,281,,20,06,124,,23,35,342,*72
$GPGSV,3,3,12,24,70,025,,25,16,179,,29,15,205,,32,08,268,*7E
$GPGLL,,,,,124336.00,V,N*4B
20:43:36 | Long: Waiting... | Lat: Waiting...
$GPRMC,124337.00,V,,,,,,,060525,,,N*79
$GPVTG,,,,,,,,,N*30
$GPGGA,124337.00,,,,,0,00,99.99,,,,,,*66
$GPGSA,A,1,,,,,,,,,,,,,99.99,99.99,99.99*30
$GPGSV,3,1,12,05,31,101,,10,03,317,,12,25,143,,13,04,049,*71
$GPGSV,3,2,12,15,32,029,,18,62,281,,20,06,124,,23,35,342,*72
$GPGSV,3,3,12,24,70,025,,25,16,179,,29,15,205,,32,08,268,*7E
$GPGLL,,,,,124337.00,V,N*4A
20:43:37 | Long: Waiting... | Lat: Waiting...
$GPRMC,124338.00,V,,,,,,,060525,,,N*76
$GPVTG,,,,,,,,,N*30
$GPGGA,124338.00,,,,,0,00,99.99,,,,,,*69
$GPGSA,A,1,,,,,,,,,,,,,99.99,99.99,99.99*30
$GPGSV,3,1,12,05,31,101,,10,03,317,,12,25,143,,13,04,049,*71
$GPGSV,3,2,12,15,32,029,,18,62,281,,20,06,124,28,23,35,342,*78
$GPGSV,3,3,12,24,70,025,,25,16,179,,29,15,205,,32,08,268,*7E
$GPGLL,,,,,124338.00,V,N*45
20:43:38 | Long: Waiting... | Lat: Waiting...
$GPRMC,124339.00,V,,,,,,,060525,,,N*77
$GPVTG,,,,,,,,,N*30
$GPGGA,124339.00,,,,,0,00,99.99,,,,,,*68
$GPGSA,A,1,,,,,,,,,,,,,99.99,99.99,99.99*30
$GPGSV,3,1,12,05,31,101,,10,03,317,,12,25,143,,13,04,049,*71
$GPGSV,3,2,12,15,32,029,,18,62,281,,20,06,124,,23,35,342,*72
$GPGSV,3,3,12,24,70,025,,25,16,179,,29,15,205,,32,08,268,*7E
$GPGLL,,,,,124339.00,V,N*44
20:43:39 | Long: Waiting... | Lat: Waiting...
$GPRMC,124340.00,V,,,,,,,060525,,,N*79
$GPVTG,,,,,,,,,N*30
$GPGGA,124340.00,,,,,0,00,99.99,,,,,,*66
$GPGSA,A,1,,,,,,,,,,,,,99.99,99.99,99.99*30
$GPGSV,3,1,12,05,31,101,,10,03,317,,12,25,143,,13,04,049,*71
$GPGSV,3,2,12,15,32,029,,18,62,281,,20,06,124,,23,35,342,*72
$GPGSV,3,3,12,24,70,025,,25,16,179,,29,15,205,,32,08,268,*7E
$GPGLL,,,,,124340.00,V,N*4A
20:43:40 | Long: Waiting... | Lat: Waiting...
$GPRMC,124341.00,V,,,,,,,060525,,,N*78
$GPVTG,,,,,,,,,N*30
$GPGGA,124341.00,,,,,0,00,99.99,,,,,,*67
$GPGSA,A,1,,,,,,,,,,,,,99.99,99.99,99.99*30
$GPGSV,3,1,12,05,31,101,,10,03,317,,12,25,143,,13,04,049,*71
$GPGSV,3,2,12,15,32,029,,18,62,281,,20,06,124,,23,35,342,*72
$GPGSV,3,3,12,24,70,025,,25,16,179,,29,15,205,,32,08,268,*7E
$GPGLL,,,,,124341.00,V,N*4B
20:43:41 | Long: Waiting... | Lat: Waiting...
$GPRMC,124342.00,V,,,,,,,060525,,,N*7B
$GPVTG,,,,,,,,,N*30
$GPGGA,124342.00,,,,,0,00,99.99,,,,,,*64
$GPGSA,A,1,,,,,,,,,,,,,99.99,99.99,99.99*30
$GPGSV,3,1,12,05,31,101,,10,03,317,,12,25,143,,13,04,049,*71
$GPGSV,3,2,12,15,32,029,,18,62,281,,20,06,124,,23,35,342,*72
$GPGSV,3,3,12,24,70,025,,25,16,179,,29,15,205,,32,08,268,*7E
$GPGLL,,,,,124342.00,V,N*48
20:43:42 | Long: Waiting... | Lat: Waiting...
$GPRMC,124343.00,V,,,,,,,060525,,,N*7A
$GPVTG,,,,,,,,,N*30
$GPGGA,124343.00,,,,,0,00,99.99,,,,,,*65
$GPGSA,A,1,,,,,,,,,,,,,99.99,99.99,99.99*30
$GPGSV,3,1,12,05,31,101,,10,03,317,,12,25,143,,13,04,049,*71
$GPGSV,3,2,12,15,32,029,,18,62,281,,20,06,124,,23,35,342,*72
$GPGSV,3,3,12,24,70,025,,25,16,179,,29,15,205,,32,08,268,*7E
$GPGLL,,,,,124343.00,V,N*49
20:43:43 | Long: Waiting... | Lat: Waiting...
$GPRMC,124344.00,V,,,,,,,060525,,,N*7D
$GPVTG,,,,,,,,,N*30
$GPGGA,124344.00,,,,,0,00,99.99,,,,,,*62
$GPGSA,A,1,,,,,,,,,,,,,99.99,99.99,99.99*30
$GPGSV,3,1,12,05,31,101,,10,03,317,,12,25,143,,13,04,049,*71
$GPGSV,3,2,12,15,32,029,,18,62,281,,20,06,124,,23,35,342,*72
$GPGSV,3,3,12,24,70,025,,25,16,179,,29,15,205,,32,08,268,*7E
$GPGLL,,,,,124344.00,V,N*4E
20:43:44 | Long: Waiting... | Lat: Waiting...
$GPRMC,124345.00,V,,,,,,,060525,,,N*7C
$GPVTG,,,,,,,,,N*30
$GPGGA,124345.00,,,,,0,00,99.99,,,,,,*63
$GPGSA,A,1,,,,,,,,,,,,,99.99,99.99,99.99*30
$GPGSV,3,1,12,05,31,101,,10,03,317,,12,25,143,,13,04,049,*71
$GPGSV,3,2,12,15,32,029,,18,62,281,,20,06,124,,23,35,342,*72
$GPGSV,3,3,12,24,70,025,,25,16,179,,29,15,205,,32,08,268,*7E
$GPGLL,,,,,124345.00,V,N*4F
20:43:45 | Long: Waiting... | Lat: Waiting...
$GPRMC,124346.00,V,,,,,,,060525,,,N*7F
$GPVTG,,,,,,,,,N*30
$GPGGA,124346.00,,,,,0,00,99.99,,,,,,*60
$GPGSA,A,1,,,,,,,,,,,,,99.99,99.99,99.99*30
$GPGSV,3,1,12,05,31,101,,10,03,317,,12,25,143,,13,04,049,*71
$GPGSV,3,2,12,15,32,029,,18,63,280,,20,06,124,,23,35,342,*72
$GPGSV,3,3,12,24,70,025,,25,16,179,,29,15,205,,32,08,268,*7E
$GPGLL,,,,,124346.00,V,N*4C
20:43:46 | Long: Waiting... | Lat: Waiting...
$GPRMC,124347.00,V,,,,,,,060525,,,N*7E
$GPVTG,,,,,,,,,N*30
$GPGGA,124347.00,,,,,0,00,99.99,,,,,,*61
$GPGSA,A,1,,,,,,,,,,,,,99.99,99.99,99.99*30
$GPGSV,3,1,12,05,31,101,,10,03,317,,12,25,143,,13,04,049,*71
$GPGSV,3,2,12,15,32,029,,18,63,280,,20,06,125,,23,35,342,*73
$GPGSV,3,3,12,24,70,025,20,25,16,179,,29,15,205,,32,08,268,*7C
$GPGLL,,,,,124347.00,V,N*4D
20:43:47 | Long: Waiting... | Lat: Waiting...
$GPRMC,124348.00,V,,,,,,,060525,,,N*71
$GPVTG,,,,,,,,,N*30
$GPGGA,124348.00,,,,,0,00,99.99,,,,,,*6E
$GPGSA,A,1,,,,,,,,,,,,,99.99,99.99,99.99*30
$GPGSV,3,1,12,05,31,101,,10,03,317,,12,25,143,,13,04,049,*71
$GPGSV,3,2,12,15,32,029,,18,63,280,,20,06,125,,23,35,342,*73
$GPGSV,3,3,12,24,70,025,,25,16,179,,29,15,205,,32,08,268,*7E
$GPGLL,,,,,124348.00,V,N*42
20:43:48 | Long: Waiting... | Lat: Waiting...
$GPRMC,124349.00,V,,,,,,,060525,,,N*70
$GPVTG,,,,,,,,,N*30
$GPGGA,124349.00,,,,,0,00,99.99,,,,,,*6F
$GPGSA,A,1,,,,,,,,,,,,,99.99,99.99,99.99*30
$GPGSV,3,1,12,05,31,101,,10,03,317,,12,25,143,,13,04,049,*71
$GPGSV,3,2,12,15,32,029,,18,63,280,,20,06,125,,23,36,342,*70
$GPGSV,3,3,12,24,69,025,,25,16,179,,29,15,205,,32,08,268,*76
$GPGLL,,,,,124349.00,V,N*43
20:43:49 | Long: Waiting... | Lat: Waiting...
$GPRMC,124350.00,V,,,,,,,060525,,,N*78
$GPVTG,,,,,,,,,N*30
$GPGGA,124350.00,,,,,0,00,99.99,,,,,,*67
$GPGSA,A,1,,,,,,,,,,,,,99.99,99.99,99.99*30
$GPGSV,3,1,12,05,31,101,,10,03,317,,12,25,143,,13,04,049,*71
$GPGSV,3,2,12,15,32,029,,18,63,280,,20,06,125,,23,36,342,*70
$GPGSV,3,3,12,24,69,025,,25,16,179,,29,15,205,,32,08,268,*76
$GPGLL,,,,,124350.00,V,N*4B
20:43:50 | Long: Waiting... | Lat: Waiting...
$GPRMC,124351.00,V,,,,,,,060525,,,N*79
$GPVTG,,,,,,,,,N*30
$GPGGA,124351.00,,,,,0,00,99.99,,,,,,*66
$GPGSA,A,1,,,,,,,,,,,,,99.99,99.99,99.99*30
$GPGSV,3,1,12,05,31,101,,10,03,317,,12,25,143,,13,04,049,*71
$GPGSV,3,2,12,15,32,029,,18,63,280,,20,06,125,,23,36,342,*70
$GPGSV,3,3,12,24,69,025,,25,16,179,,29,15,205,,32,08,268,*76
$GPGLL,,,,,124351.00,V,N*4A
20:43:51 | Long: Waiting... | Lat: Waiting...
$GPRMC,124352.00,V,,,,,,,060525,,,N*7A
$GPVTG,,,,,,,,,N*30
$GPGGA,124352.00,,,,,0,00,99.99,,,,,,*65
$GPGSA,A,1,,,,,,,,,,,,,99.99,99.99,99.99*30
$GPGSV,3,1,12,05,31,101,,10,03,317,,12,25,143,,13,04,049,*71
$GPGSV,3,2,12,15,32,029,,18,63,280,,20,06,125,,23,36,342,*70
$GPGSV,3,3,12,24,69,025,20,25,16,179,,29,15,204,,32,08,268,*75
$GPGLL,,,,,124352.00,V,N*49
20:43:52 | Long: Waiting... | Lat: Waiting...
$GPRMC,124353.00,V,,,,,,,060525,,,N*7B
$GPVTG,,,,,,,,,N*30
$GPGGA,124353.00,,,,,0,00,99.99,,,,,,*64
$GPGSA,A,1,,,,,,,,,,,,,99.99,99.99,99.99*30
$GPGSV,3,1,12,05,31,101,,10,03,317,,12,25,143,,13,04,049,*71
$GPGSV,3,2,12,15,32,029,,18,63,280,,20,06,125,,23,36,342,*70
$GPGSV,3,3,12,24,69,025,18,25,16,179,,29,15,204,,32,08,268,*7E
$GPGLL,,,,,124353.00,V,N*48
20:43:53 | Long: Waiting... | Lat: Waiting...
$GPRMC,124354.00,V,,,,,,,060525,,,N*7C
$GPVTG,,,,,,,,,N*30
$GPGGA,124354.00,,,,,0,00,99.99,,,,,,*63
$GPGSA,A,1,,,,,,,,,,,,,99.99,99.99,99.99*30
$GPGSV,3,1,12,05,31,101,,10,03,317,,12,25,143,,13,04,049,*71
$GPGSV,3,2,12,15,32,029,,18,63,280,,20,06,125,,23,36,342,*70
$GPGSV,3,3,12,24,69,025,14,25,16,179,26,29,15,204,,32,08,268,*76
$GPGLL,,,,,124354.00,V,N*4F
20:43:54 | Long: Waiting... | Lat: Waiting...
$GPRMC,124355.00,V,,,,,,,060525,,,N*7D
$GPVTG,,,,,,,,,N*30
$GPGGA,124355.00,,,,,0,00,99.99,,,,,,*62
$GPGSA,A,1,,,,,,,,,,,,,99.99,99.99,99.99*30
$GPGSV,3,1,12,05,31,101,,10,03,317,,12,25,143,,13,04,049,*71
$GPGSV,3,2,12,15,32,029,,18,63,280,,20,06,125,,23,36,342,*70
$GPGSV,3,3,12,24,69,025,,25,16,179,,29,15,204,,32,08,268,*77
$GPGLL,,,,,124355.00,V,N*4E
20:43:55 | Long: Waiting... | Lat: Waiting...
$GPRMC,124356.00,V,,,,,,,060525,,,N*7E
$GPVTG,,,,,,,,,N*30
$GPGGA,124356.00,,,,,0,00,99.99,,,,,,*61
$GPGSA,A,1,,,,,,,,,,,,,99.99,99.99,99.99*30
$GPGSV,3,1,12,05,31,101,,10,03,317,,12,25,143,,13,04,049,*71
$GPGSV,3,2,12,15,32,029,,18,63,280,,20,06,125,,23,36,342,*70
$GPGSV,3,3,12,24,69,025,,25,16,179,,29,15,204,,32,08,268,*77
$GPGLL,,,,,124356.00,V,N*4D
20:43:56 | Long: Waiting... | Lat: Waiting...
$GPRMC,124357.00,V,,,,,,,060525,,,N*7F
$GPVTG,,,,,,,,,N*30
$GPGGA,124357.00,,,,,0,00,99.99,,,,,,*60
$GPGSA,A,1,,,,,,,,,,,,,99.99,99.99,99.99*30
$GPGSV,3,1,12,05,31,101,,10,03,317,,12,25,143,,13,04,049,*71
$GPGSV,3,2,12,15,32,029,,18,63,280,,20,06,125,,23,36,342,*70
$GPGSV,3,3,12,24,69,025,,25,16,179,,29,15,204,24,32,08,268,*71
$GPGLL,,,,,124357.00,V,N*4C
20:43:57 | Long: Waiting... | Lat: Waiting...
$GPRMC,124358.00,V,,,,,,,060525,,,N*70
$GPVTG,,,,,,,,,N*30
$GPGGA,124358.00,,,,,0,00,99.99,,,,,,*6F
$GPGSA,A,1,,,,,,,,,,,,,99.99,99.99,99.99*30
$GPGSV,3,1,12,05,31,101,,10,03,317,,12,25,143,,13,04,049,*71
$GPGSV,3,2,12,15,32,029,,18,63,280,,20,06,125,,23,36,342,*70
$GPGSV,3,3,12,24,69,025,,25,16,179,,29,15,204,,32,08,268,*77
$GPGLL,,,,,124358.00,V,N*43
20:43:58 | Long: Waiting... | Lat: Waiting...
$GPRMC,124359.00,V,,,,,,,060525,,,N*71
$GPVTG,,,,,,,,,N*30
$GPGGA,124359.00,,,,,0,00,99.99,,,,,,*6E
$GPGSA,A,1,,,,,,,,,,,,,99.99,99.99,99.99*30
$GPGSV,3,1,12,05,31,101,,10,03,317,,12,25,143,,13,04,049,*71
$GPGSV,3,2,12,15,32,029,,18,63,280,,20,06,125,,23,36,342,*70
$GPGSV,3,3,12,24,69,025,,25,16,179,,29,15,204,,32,08,268,*77
$GPGLL,,,,,124359.00,V,N*42
20:43:59 | Long: Waiting... | Lat: Waiting...
$GPRMC,124400.00,V,,,,,,,060525,,,N*7A
$GPVTG,,,,,,,,,N*30
$GPGGA,124400.00,,,,,0,00,99.99,,,,,,*65
$GPGSA,A,1,,,,,,,,,,,,,99.99,99.99,99.99*30
$GPGSV,3,1,12,05,31,101,,10,03,317,,12,25,143,,13,04,049,*71
$GPGSV,3,2,12,15,32,029,,18,63,280,,20,06,125,,23,36,342,*70
$GPGSV,3,3,12,24,69,025,,25,16,179,,29,15,204,,32,08,268,*77
$GPGLL,,,,,124400.00,V,N*49
20:44:00 | Long: Waiting... | Lat: Waiting...
$GPRMC,124401.00,V,,,,,,,060525,,,N*7B
$GPVTG,,,,,,,,,N*30
$GPGGA,124401.00,,,,,0,00,99.99,,,,,,*64
$GPGSA,A,1,,,,,,,,,,,,,99.99,99.99,99.99*30
$GPGSV,3,1,12,05,31,101,,10,03,317,,12,25,143,,13,04,049,*71
$GPGSV,3,2,12,15,32,029,,18,63,280,,20,06,125,,23,36,342,*70
$GPGSV,3,3,12,24,69,025,,25,16,179,,29,15,204,,32,08,268,*77
$GPGLL,,,,,124401.00,V,N*48
20:44:01 | Long: Waiting... | Lat: Waiting...
$GPRMC,124402.00,V,,,,,,,060525,,,N*78
$GPVTG,,,,,,,,,N*30
$GPGGA,124402.00,,,,,0,00,99.99,,,,,,*67
$GPGSA,A,1,,,,,,,,,,,,,99.99,99.99,99.99*30
$GPGSV,3,1,12,05,31,101,,10,03,317,,12,25,143,,13,04,049,*71
$GPGSV,3,2,12,15,32,029,,18,63,280,,20,06,125,,23,36,342,*70
$GPGSV,3,3,12,24,69,025,,25,16,179,,29,15,204,,32,08,268,25*70
$GPGLL,,,,,124402.00,V,N*4B
20:44:02 | Long: Waiting... | Lat: Waiting...
$GPRMC,124403.00,V,,,,,,,060525,,,N*79
$GPVTG,,,,,,,,,N*30
$GPGGA,124403.00,,,,,0,00,99.99,,,,,,*66
$GPGSA,A,1,,,,,,,,,,,,,99.99,99.99,99.99*30
$GPGSV,3,1,12,05,31,101,,10,03,317,,12,25,143,,13,04,049,*71
$GPGSV,3,2,12,15,32,029,,18,63,280,,20,06,125,,23,36,342,*70
$GPGSV,3,3,12,24,69,025,,25,16,179,,29,15,204,,32,08,268,*77
$GPGLL,,,,,124403.00,V,N*4A
20:44:03 | Long: Waiting... | Lat: Waiting...
$GPRMC,124404.00,V,,,,,,,060525,,,N*7E
$GPVTG,,,,,,,,,N*30
$GPGGA,124404.00,,,,,0,00,99.99,,,,,,*61
$GPGSA,A,1,,,,,,,,,,,,,99.99,99.99,99.99*30
$GPGSV,3,1,12,05,31,101,,10,03,317,,12,25,143,,13,04,049,*71
$GPGSV,3,2,12,15,32,029,,18,63,280,,20,06,125,,23,36,342,*70
$GPGSV,3,3,12,24,69,025,,25,16,179,,29,15,204,,32,08,268,*77
$GPGLL,,,,,124404.00,V,N*4D
20:44:04 | Long: Waiting... | Lat: Waiting...
$GPRMC,124405.00,V,,,,,,,060525,,,N*7F
$GPVTG,,,,,,,,,N*30
$GPGGA,124405.00,,,,,0,00,99.99,,,,,,*60
$GPGSA,A,1,,,,,,,,,,,,,99.99,99.99,99.99*30
$GPGSV,3,1,12,05,31,101,,10,03,317,,12,25,143,,13,04,049,*71
$GPGSV,3,2,12,15,32,029,,18,63,280,,20,06,125,,23,36,342,*70
$GPGSV,3,3,12,24,69,025,,25,16,179,,29,15,204,20,32,08,268,20*77
$GPGLL,,,,,124405.00,V,N*4C
20:44:05 | Long: Waiting... | Lat: Waiting...
$GPRMC,124406.00,V,,,,,,,060525,,,N*7C
$GPVTG,,,,,,,,,N*30
$GPGGA,124406.00,,,,,0,00,99.99,,,,,,*63
$GPGSA,A,1,,,,,,,,,,,,,99.99,99.99,99.99*30
$GPGSV,3,1,12,05,31,101,,10,03,317,,12,25,143,,13,04,049,*71
$GPGSV,3,2,12,15,32,029,,18,63,280,,20,06,125,,23,36,342,*70
$GPGSV,3,3,12,24,69,025,,25,16,179,,29,15,204,18,32,08,268,19*76
$GPGLL,,,,,124406.00,V,N*4F
20:44:06 | Long: Waiting... | Lat: Waiting...
$GPRMC,124407.00,V,,,,,,,060525,,,N*7D
$GPVTG,,,,,,,,,N*30
$GPGGA,124407.00,,,,,0,00,99.99,,,,,,*62
$GPGSA,A,1,,,,,,,,,,,,,99.99,99.99,99.99*30
$GPGSV,3,1,12,05,31,101,25,10,03,317,,12,25,143,,13,04,049,*76
$GPGSV,3,2,12,15,32,029,,18,63,280,,20,06,125,,23,36,342,*70
$GPGSV,3,3,12,24,69,025,,25,16,179,,29,15,204,,32,08,268,16*70
$GPGLL,,,,,124407.00,V,N*4E
20:44:07 | Long: Waiting... | Lat: Waiting...
$GPRMC,124408.00,V,,,,,,,060525,,,N*72
$GPVTG,,,,,,,,,N*30
$GPGGA,124408.00,,,,,0,00,99.99,,,,,,*6D
$GPGSA,A,1,,,,,,,,,,,,,99.99,99.99,99.99*30
$GPGSV,3,1,12,05,31,101,,10,03,317,,12,25,143,,13,04,049,*71
$GPGSV,3,2,12,15,32,029,,18,63,280,,20,06,125,,23,36,342,*70
$GPGSV,3,3,12,24,69,025,,25,16,179,,29,15,204,,32,08,268,*77
$GPGLL,,,,,124408.00,V,N*41
20:44:08 | Long: Waiting... | Lat: Waiting...
$GPRMC,124409.00,V,,,,,,,060525,,,N*73
$GPVTG,,,,,,,,,N*30
$GPGGA,124409.00,,,,,0,00,99.99,,,,,,*6C
$GPGSA,A,1,,,,,,,,,,,,,99.99,99.99,99.99*30
$GPGSV,3,1,12,05,31,101,,10,03,317,,12,25,143,,13,04,049,*71
$GPGSV,3,2,12,15,32,029,,18,63,280,,20,06,125,,23,36,342,*70
$GPGSV,3,3,12,24,69,025,,25,16,179,,29,15,204,,32,08,268,*77
$GPGLL,,,,,124409.00,V,N*40
20:44:09 | Long: Waiting... | Lat: Waiting...
$GPRMC,124410.00,V,,,,,,,060525,,,N*7B
$GPVTG,,,,,,,,,N*30
$GPGGA,124410.00,,,,,0,00,99.99,,,,,,*64
$GPGSA,A,1,,,,,,,,,,,,,99.99,99.99,99.99*30
$GPGSV,4,1,14,05,31,101,,10,03,317,,12,25,143,,13,04,049,*70
$GPGSV,4,2,14,15,32,029,,18,63,280,,19,,,26,20,06,125,*4C
$GPGSV,4,3,14,21,,,27,23,36,342,,24,69,025,,25,16,179,*4D
$GPGSV,4,4,14,29,15,204,,32,08,268,*70
$GPGLL,,,,,124410.00,V,N*48
20:44:10 | Long: Waiting... | Lat: Waiting...
$GPRMC,124411.00,V,,,,,,,060525,,,N*7A
$GPVTG,,,,,,,,,N*30
$GPGGA,124411.00,,,,,0,00,99.99,,,,,,*65
$GPGSA,A,1,,,,,,,,,,,,,99.99,99.99,99.99*30
$GPGSV,4,1,14,05,31,101,,10,03,317,,12,25,143,,13,04,049,*70
$GPGSV,4,2,14,15,32,029,,18,63,280,,19,,,22,20,06,125,*48
$GPGSV,4,3,14,21,,,24,23,36,342,,24,69,025,,25,16,179,*4E
$GPGSV,4,4,14,29,15,204,,32,08,268,*70
$GPGLL,,,,,124411.00,V,N*49
20:44:11 | Long: Waiting... | Lat: Waiting...
$GPRMC,124412.00,V,,,,,,,060525,,,N*79
$GPVTG,,,,,,,,,N*30
$GPGGA,124412.00,,,,,0,00,99.99,,,,,,*66
$GPGSA,A,1,,,,,,,,,,,,,99.99,99.99,99.99*30
$GPGSV,4,1,13,05,31,101,,10,03,317,26,12,25,143,,13,04,049,*73
$GPGSV,4,2,13,15,32,029,,18,63,280,,20,06,125,,21,,,20*46
$GPGSV,4,3,13,23,36,342,,24,69,025,,25,16,179,,29,15,204,*75
$GPGSV,4,4,13,32,08,268,*4E
$GPGLL,,,,,124412.00,V,N*4A
20:44:12 | Long: Waiting... | Lat: Waiting...
$GPRMC,124413.00,V,,,,,,,060525,,,N*78
$GPVTG,,,,,,,,,N*30
$GPGGA,124413.00,,,,,0,00,99.99,,,,,,*67
$GPGSA,A,1,,,,,,,,,,,,,99.99,99.99,99.99*30
$GPGSV,3,1,12,05,31,101,,10,03,317,,12,25,143,,13,04,049,*71
$GPGSV,3,2,12,15,32,029,,18,63,280,,20,06,125,,23,36,342,*70
$GPGSV,3,3,12,24,69,025,,25,16,179,,29,15,204,,32,08,268,*77
$GPGLL,,,,,124413.00,V,N*4B
20:44:13 | Long: Waiting... | Lat: Waiting...
$GPRMC,124414.00,V,,,,,,,060525,,,N*7F
$GPVTG,,,,,,,,,N*30
$GPGGA,124414.00,,,,,0,00,99.99,,,,,,*60
$GPGSA,A,1,,,,,,,,,,,,,99.99,99.99,99.99*30
$GPGSV,3,1,12,05,31,101,,10,03,317,,12,25,143,,13,04,049,*71
$GPGSV,3,2,12,15,32,029,,18,63,280,,20,06,125,,23,36,342,*70
$GPGSV,3,3,12,24,69,025,,25,16,179,,29,15,204,,32,08,268,*77
$GPGLL,,,,,124414.00,V,N*4C
20:44:14 | Long: Waiting... | Lat: Waiting...
$GPRMC,124415.00,V,,,,,,,060525,,,N*7E
$GPVTG,,,,,,,,,N*30
$GPGGA,124415.00,,,,,0,00,99.99,,,,,,*61
$GPGSA,A,1,,,,,,,,,,,,,99.99,99.99,99.99*30
$GPGSV,3,1,12,05,31,102,,10,03,317,,12,25,143,,13,04,049,*72
$GPGSV,3,2,12,15,32,029,,18,63,280,,20,06,125,,23,36,342,*70
$GPGSV,3,3,12,24,69,025,,25,16,179,,29,15,204,,32,08,268,*77
$GPGLL,,,,,124415.00,V,N*4D
20:44:15 | Long: Waiting... | Lat: Waiting...
$GPRMC,124416.00,V,,,,,,,060525,,,N*7D
$GPVTG,,,,,,,,,N*30
$GPGGA,124416.00,,,,,0,00,99.99,,,,,,*62
$GPGSA,A,1,,,,,,,,,,,,,99.99,99.99,99.99*30
$GPGSV,3,1,12,05,31,102,,10,03,317,,12,25,143,,13,04,049,*72
$GPGSV,3,2,12,15,32,029,,18,63,280,,20,06,125,,23,36,342,*70
$GPGSV,3,3,12,24,69,025,,25,16,179,,29,15,204,,32,08,268,*77
$GPGLL,,,,,124416.00,V,N*4E
20:44:16 | Long: Waiting... | Lat: Waiting...
$GPRMC,124417.00,V,,,,,,,060525,,,N*7C
$GPVTG,,,,,,,,,N*30
$GPGGA,124417.00,,,,,0,00,99.99,,,,,,*63
$GPGSA,A,1,,,,,,,,,,,,,99.99,99.99,99.99*30
$GPGSV,3,1,12,05,31,102,,10,03,317,,12,25,143,,13,04,049,*72
$GPGSV,3,2,12,15,32,029,,18,63,280,,20,06,125,,23,36,342,*70
$GPGSV,3,3,12,24,69,025,,25,16,179,,29,15,204,,32,08,268,*77
$GPGLL,,,,,124417.00,V,N*4F
20:44:17 | Long: Waiting... | Lat: Waiting...
$GPRMC,124418.00,V,,,,,,,060525,,,N*73
$GPVTG,,,,,,,,,N*30
$GPGGA,124418.00,,,,,0,00,99.99,,,,,,*6C
$GPGSA,A,1,,,,,,,,,,,,,99.99,99.99,99.99*30
$GPGSV,3,1,12,05,31,102,,10,03,317,,12,25,143,,13,04,049,*72
$GPGSV,3,2,12,15,32,029,,18,63,280,,20,06,125,,23,36,342,*70
$GPGSV,3,3,12,24,69,025,,25,16,179,,29,15,204,,32,08,268,*77
$GPGLL,,,,,124418.00,V,N*40
20:44:18 | Long: Waiting... | Lat: Waiting...
$GPRMC,124419.00,V,,,,,,,060525,,,N*72
$GPVTG,,,,,,,,,N*30
$GPGGA,124419.00,,,,,0,00,99.99,,,,,,*6D
$GPGSA,A,1,,,,,,,,,,,,,99.99,99.99,99.99*30
$GPGSV,3,1,12,05,31,102,,10,03,317,,12,25,143,,13,04,049,*72
$GPGSV,3,2,12,15,32,029,,18,63,280,,20,06,125,,23,36,342,*70
$GPGSV,3,3,12,24,69,025,,25,16,179,,29,15,204,,32,08,268,*77
$GPGLL,,,,,124419.00,V,N*41
20:44:19 | Long: Waiting... | Lat: Waiting...
$GPRMC,124420.00,V,,,,,,,060525,,,N*78
$GPVTG,,,,,,,,,N*30
$GPGGA,124420.00,,,,,0,00,99.99,,,,,,*67
$GPGSA,A,1,,,,,,,,,,,,,99.99,99.99,99.99*30
$GPGSV,3,1,12,05,31,102,,10,03,317,,12,25,143,21,13,04,049,26*75
$GPGSV,3,2,12,15,32,029,,18,63,280,,20,06,125,,23,36,342,*70
$GPGSV,3,3,12,24,69,025,,25,16,179,,29,15,204,,32,08,268,*77
$GPGLL,,,,,124420.00,V,N*4B
20:44:20 | Long: Waiting... | Lat: Waiting...
$GPRMC,124421.00,V,,,,,,,060525,,,N*79
$GPVTG,,,,,,,,,N*30
$GPGGA,124421.00,,,,,0,00,99.99,,,,,,*66
$GPGSA,A,1,,,,,,,,,,,,,99.99,99.99,99.99*30
$GPGSV,3,1,12,05,31,102,,10,03,317,,12,25,143,18,13,04,049,*7B
$GPGSV,3,2,12,15,32,029,,18,63,280,,20,06,125,,23,36,342,*70
$GPGSV,3,3,12,24,69,025,,25,16,179,,29,15,204,,32,08,268,*77
$GPGLL,,,,,124421.00,V,N*4A
20:44:21 | Long: Waiting... | Lat: Waiting...
$GPRMC,124422.00,V,,,,,,,060525,,,N*7A
$GPVTG,,,,,,,,,N*30
$GPGGA,124422.00,,,,,0,00,99.99,,,,,,*65
$GPGSA,A,1,,,,,,,,,,,,,99.99,99.99,99.99*30
$GPGSV,3,1,12,05,31,102,,10,03,317,,12,25,143,,13,04,049,*72
$GPGSV,3,2,12,15,32,029,,18,63,280,,20,06,125,,23,36,342,*70
$GPGSV,3,3,12,24,69,025,,25,16,179,,29,15,204,,32,08,268,*77
$GPGLL,,,,,124422.00,V,N*49
20:44:22 | Long: Waiting... | Lat: Waiting...
$GPRMC,124423.00,V,,,,,,,060525,,,N*7B
$GPVTG,,,,,,,,,N*30
$GPGGA,124423.00,,,,,0,00,99.99,,,,,,*64
$GPGSA,A,1,,,,,,,,,,,,,99.99,99.99,99.99*30
$GPGSV,3,1,12,05,31,102,,10,03,317,,12,25,143,,13,04,049,*72
$GPGSV,3,2,12,15,32,029,,18,63,280,,20,06,125,,23,36,342,*70
$GPGSV,3,3,12,24,69,025,,25,16,179,,29,15,204,,32,08,268,*77
$GPGLL,,,,,124423.00,V,N*48
20:44:23 | Long: Waiting... | Lat: Waiting...
$GPRMC,124424.00,V,,,,,,,060525,,,N*7C
$GPVTG,,,,,,,,,N*30
$GPGGA,124424.00,,,,,0,00,99.99,,,,,,*63
$GPGSA,A,1,,,,,,,,,,,,,99.99,99.99,99.99*30
$GPGSV,3,1,12,05,31,102,,10,03,317,,12,25,143,,13,04,049,*72
$GPGSV,3,2,12,15,32,029,,18,63,280,,20,06,125,,23,36,342,*70
$GPGSV,3,3,12,24,69,025,,25,16,179,,29,15,204,,32,08,268,*77
$GPGLL,,,,,124424.00,V,N*4F
20:44:24 | Long: Waiting... | Lat: Waiting...
$GPRMC,124425.00,V,,,,,,,060525,,,N*7D
$GPVTG,,,,,,,,,N*30
$GPGGA,124425.00,,,,,0,00,99.99,,,,,,*62
$GPGSA,A,1,,,,,,,,,,,,,99.99,99.99,99.99*30
$GPGSV,3,1,12,05,31,102,,10,03,317,,12,25,143,,13,04,049,*72
$GPGSV,3,2,12,15,32,029,24,18,63,280,,20,06,125,,23,36,342,*76
$GPGSV,3,3,12,24,69,024,,25,17,178,,29,15,204,,32,08,268,*76
$GPGLL,,,,,124425.00,V,N*4E
20:44:25 | Long: Waiting... | Lat: Waiting...
$GPRMC,124426.00,V,,,,,,,060525,,,N*7E
$GPVTG,,,,,,,,,N*30
$GPGGA,124426.00,,,,,0,00,99.99,,,,,,*61
$GPGSA,A,1,,,,,,,,,,,,,99.99,99.99,99.99*30
$GPGSV,3,1,12,05,31,102,,10,03,317,,12,25,143,,13,04,049,*72
$GPGSV,3,2,12,15,32,029,,18,63,280,,20,06,125,,23,36,342,*70
$GPGSV,3,3,12,24,69,024,,25,17,178,,29,15,204,,32,08,268,*76
$GPGLL,,,,,124426.00,V,N*4D
20:44:26 | Long: Waiting... | Lat: Waiting...
$GPRMC,124427.00,V,,,,,,,060525,,,N*7F
$GPVTG,,,,,,,,,N*30
$GPGGA,124427.00,,,,,0,00,99.99,,,,,,*60
$GPGSA,A,1,,,,,,,,,,,,,99.99,99.99,99.99*30
$GPGSV,3,1,12,05,31,102,,10,03,317,,12,25,143,,13,04,049,*72
$GPGSV,3,2,12,15,32,029,,18,63,280,,20,06,125,,23,36,342,*70
$GPGSV,3,3,12,24,69,024,,25,17,178,,29,15,204,,32,08,268,*76
$GPGLL,,,,,124427.00,V,N*4C
20:44:27 | Long: Waiting... | Lat: Waiting...
$GPRMC,124428.00,V,,,,,,,060525,,,N*70
$GPVTG,,,,,,,,,N*30
$GPGGA,124428.00,,,,,0,00,99.99,,,,,,*6F
$GPGSA,A,1,,,,,,,,,,,,,99.99,99.99,99.99*30
$GPGSV,3,1,12,05,31,102,,10,03,317,,12,25,143,,13,04,049,*72
$GPGSV,3,2,12,15,32,029,,18,63,280,,20,06,125,,23,36,342,*70
$GPGSV,3,3,12,24,69,024,,25,17,178,,29,15,204,,32,08,268,*76
$GPGLL,,,,,124428.00,V,N*43
20:44:28 | Long: Waiting... | Lat: Waiting...
$GPRMC,124429.00,V,,,,,,,060525,,,N*71
$GPVTG,,,,,,,,,N*30
$GPGGA,124429.00,,,,,0,00,99.99,,,,,,*6E
$GPGSA,A,1,,,,,,,,,,,,,99.99,99.99,99.99*30
$GPGSV,3,1,12,05,31,102,,10,03,317,,12,25,143,,13,04,049,*72
$GPGSV,3,2,12,15,32,029,,18,63,280,,20,06,125,,23,36,342,*70
$GPGSV,3,3,12,24,69,024,,25,17,178,,29,15,204,,32,09,268,*77
$GPGLL,,,,,124429.00,V,N*42
20:44:29 | Long: Waiting... | Lat: Waiting...
$GPRMC,124430.00,V,,,,,,,060525,,,N*79
$GPVTG,,,,,,,,,N*30
$GPGGA,124430.00,,,,,0,00,99.99,,,,,,*66
$GPGSA,A,1,,,,,,,,,,,,,99.99,99.99,99.99*30
$GPGSV,3,1,12,05,31,102,,10,03,317,,12,25,143,,13,04,049,*72
$GPGSV,3,2,12,15,32,029,,18,63,280,,20,06,125,,23,36,342,*70
$GPGSV,3,3,12,24,69,024,,25,17,178,,29,15,204,,32,09,268,*77
$GPGLL,,,,,124430.00,V,N*4A
20:44:30 | Long: Waiting... | Lat: Waiting...
$GPRMC,124431.00,V,,,,,,,060525,,,N*78
$GPVTG,,,,,,,,,N*30
$GPGGA,124431.00,,,,,0,00,99.99,,,,,,*67
$GPGSA,A,1,,,,,,,,,,,,,99.99,99.99,99.99*30
$GPGSV,3,1,12,05,31,102,,10,03,317,,12,25,143,,13,04,049,*72
$GPGSV,3,2,12,15,32,029,,18,63,280,,20,06,125,,23,36,342,*70
$GPGSV,3,3,12,24,69,024,,25,17,178,,29,15,204,,32,09,268,*77
$GPGLL,,,,,124431.00,V,N*4B
20:44:31 | Long: Waiting... | Lat: Waiting...
$GPRMC,124432.00,V,,,,,,,060525,,,N*7B
$GPVTG,,,,,,,,,N*30
$GPGGA,124432.00,,,,,0,00,99.99,,,,,,*64
$GPGSA,A,1,,,,,,,,,,,,,99.99,99.99,99.99*30
$GPGSV,3,1,12,05,31,102,,10,03,317,,12,25,143,,13,04,049,*72
$GPGSV,3,2,12,15,32,029,,18,63,280,,20,06,125,,23,36,342,*70
$GPGSV,3,3,12,24,69,024,,25,17,178,,29,15,204,,32,09,268,*77
$GPGLL,,,,,124432.00,V,N*48
20:44:32 | Long: Waiting... | Lat: Waiting...
$GPRMC,124433.00,V,,,,,,,060525,,,N*7A
$GPVTG,,,,,,,,,N*30
$GPGGA,124433.00,,,,,0,00,99.99,,,,,,*65
$GPGSA,A,1,,,,,,,,,,,,,99.99,99.99,99.99*30
$GPGSV,3,1,12,05,31,102,,10,03,317,,12,25,143,,13,04,049,*72
$GPGSV,3,2,12,15,32,029,,18,63,280,,20,06,125,,23,36,342,*70
$GPGSV,3,3,12,24,69,024,,25,17,178,,29,15,204,,32,09,268,*77
$GPGLL,,,,,124433.00,V,N*49
20:44:33 | Long: Waiting... | Lat: Waiting...
$GPRMC,124434.00,V,,,,,,,060525,,,N*7D
$GPVTG,,,,,,,,,N*30
$GPGGA,124434.00,,,,,0,00,99.99,,,,,,*62
$GPGSA,A,1,,,,,,,,,,,,,99.99,99.99,99.99*30
$GPGSV,3,1,12,05,31,102,,10,03,317,,12,25,143,,13,04,049,*72
$GPGSV,3,2,12,15,32,029,18,18,63,280,,20,06,125,,23,36,342,*79
$GPGSV,3,3,12,24,69,024,,25,17,178,,29,15,204,,32,09,268,*77
$GPGLL,,,,,124434.00,V,N*4E
20:44:34 | Long: Waiting... | Lat: Waiting...
$GPRMC,124435.00,V,,,,,,,060525,,,N*7C
$GPVTG,,,,,,,,,N*30
$GPGGA,124435.00,,,,,0,00,99.99,,,,,,*63
$GPGSA,A,1,,,,,,,,,,,,,99.99,99.99,99.99*30
$GPGSV,3,1,12,05,31,102,,10,03,317,,12,25,143,,13,04,049,*72
$GPGSV,3,2,12,15,32,029,15,18,63,280,,20,06,125,,23,36,342,*74
$GPGSV,3,3,12,24,69,024,,25,17,178,,29,15,204,,32,09,268,*77
$GPGLL,,,,,124435.00,V,N*4F
20:44:35 | Long: Waiting... | Lat: Waiting...
$GPRMC,124436.00,V,,,,,,,060525,,,N*7F
$GPVTG,,,,,,,,,N*30
$GPGGA,124436.00,,,,,0,00,99.99,,,,,,*60
$GPGSA,A,1,,,,,,,,,,,,,99.99,99.99,99.99*30
$GPGSV,3,1,12,05,31,102,,10,03,317,,12,25,143,,13,04,049,*72
$GPGSV,3,2,12,15,32,029,08,18,63,280,,20,06,125,,23,36,342,*78
$GPGSV,3,3,12,24,69,024,,25,17,178,,29,15,204,,32,09,268,*77
$GPGLL,,,,,124436.00,V,N*4C
20:44:36 | Long: Waiting... | Lat: Waiting...
$GPRMC,124437.00,V,,,,,,,060525,,,N*7E
$GPVTG,,,,,,,,,N*30
$GPGGA,124437.00,,,,,0,00,99.99,,,,,,*61
$GPGSA,A,1,,,,,,,,,,,,,99.99,99.99,99.99*30
$GPGSV,3,1,12,05,31,102,,10,03,317,,12,25,143,,13,04,049,*72
$GPGSV,3,2,12,15,32,029,,18,63,280,,20,06,125,,23,36,342,*70
$GPGSV,3,3,12,24,69,024,,25,17,178,,29,15,204,,32,09,268,*77
$GPGLL,,,,,124437.00,V,N*4D
20:44:37 | Long: Waiting... | Lat: Waiting...
$GPRMC,124438.00,V,,,,,,,060525,,,N*71
$GPVTG,,,,,,,,,N*30
$GPGGA,124438.00,,,,,0,00,99.99,,,,,,*6E
$GPGSA,A,1,,,,,,,,,,,,,99.99,99.99,99.99*30
$GPGSV,3,1,12,05,31,102,,10,03,317,,12,25,143,,13,04,049,*72
$GPGSV,3,2,12,15,32,029,,18,63,280,,20,06,125,,23,36,342,*70
$GPGSV,3,3,12,24,69,024,,25,17,178,,29,15,204,,32,09,268,*77
$GPGLL,,,,,124438.00,V,N*42
20:44:38 | Long: Waiting... | Lat: Waiting...
$GPRMC,124439.00,V,,,,,,,060525,,,N*70
$GPVTG,,,,,,,,,N*30
$GPGGA,124439.00,,,,,0,00,99.99,,,,,,*6F
$GPGSA,A,1,,,,,,,,,,,,,99.99,99.99,99.99*30
$GPGSV,3,1,12,05,31,102,,10,03,317,,12,25,143,,13,04,049,*72
$GPGSV,3,2,12,15,32,029,,18,63,280,,20,06,125,,23,36,342,*70
$GPGSV,3,3,12,24,69,024,,25,17,178,,29,15,204,,32,09,268,*77
$GPGLL,,,,,124439.00,V,N*43
20:44:39 | Long: Waiting... | Lat: Waiting...
$GPRMC,124440.00,V,,,,,,,060525,,,N*7E
$GPVTG,,,,,,,,,N*30
$GPGGA,124440.00,,,,,0,00,99.99,,,,,,*61
$GPGSA,A,1,,,,,,,,,,,,,99.99,99.99,99.99*30
$GPGSV,3,1,12,05,31,102,,10,03,317,,12,25,143,,13,04,049,*72
$GPGSV,3,2,12,15,32,029,,18,63,280,,20,06,125,,23,36,342,22*70
$GPGSV,3,3,12,24,69,024,,25,17,178,,29,15,204,,32,09,268,*77
$GPGLL,,,,,124440.00,V,N*4D
20:44:40 | Long: Waiting... | Lat: Waiting...
$GPRMC,124441.00,V,,,,,,,060525,,,N*7F
$GPVTG,,,,,,,,,N*30
$GPGGA,124441.00,,,,,0,00,99.99,,,,,,*60
$GPGSA,A,1,,,,,,,,,,,,,99.99,99.99,99.99*30
$GPGSV,4,1,13,01,,,25,05,31,102,,10,03,317,,12,25,143,*49
$GPGSV,4,2,13,13,04,049,,15,32,029,,18,63,280,,20,06,125,*7C
$GPGSV,4,3,13,23,36,342,,24,69,024,,25,17,178,,29,15,204,*74
$GPGSV,4,4,13,32,09,268,*4F
$GPGLL,,,,,124441.00,V,N*4C
20:44:41 | Long: Waiting... | Lat: Waiting...
$GPRMC,124442.00,V,,,,,,,060525,,,N*7C
$GPVTG,,,,,,,,,N*30
$GPGGA,124442.00,,,,,0,00,99.99,,,,,,*63
$GPGSA,A,1,,,,,,,,,,,,,99.99,99.99,99.99*30
$GPGSV,4,1,13,01,,,21,05,31,102,,10,03,317,,12,25,143,22*4D
$GPGSV,4,2,13,13,04,049,,15,32,029,,18,63,280,,20,06,125,*7C
$GPGSV,4,3,13,23,36,342,,24,69,024,,25,17,178,,29,15,204,*74
$GPGSV,4,4,13,32,09,268,*4F
$GPGLL,,,,,124442.00,V,N*4F
20:44:42 | Long: Waiting... | Lat: Waiting...
$GPRMC,124443.00,V,,,,,,,060525,,,N*7D
$GPVTG,,,,,,,,,N*30
$GPGGA,124443.00,,,,,0,00,99.99,,,,,,*62
$GPGSA,A,1,,,,,,,,,,,,,99.99,99.99,99.99*30
$GPGSV,4,1,13,01,,,18,05,31,102,,10,03,317,,12,25,143,*47
$GPGSV,4,2,13,13,04,049,,15,32,029,,18,63,280,,20,06,125,*7C
$GPGSV,4,3,13,23,36,342,,24,69,024,,25,17,178,,29,15,204,*74
$GPGSV,4,4,13,32,09,268,*4F
$GPGLL,,,,,124443.00,V,N*4E
20:44:43 | Long: Waiting... | Lat: Waiting...
$GPRMC,124444.00,V,,,,,,,060525,,,N*7A
$GPVTG,,,,,,,,,N*30
$GPGGA,124444.00,,,,,0,00,99.99,,,,,,*65
$GPGSA,A,1,,,,,,,,,,,,,99.99,99.99,99.99*30
$GPGSV,4,1,13,01,,,10,05,31,102,,10,03,317,,12,25,143,*4F
$GPGSV,4,2,13,13,04,049,,15,32,029,,18,63,280,,20,06,125,*7C
$GPGSV,4,3,13,23,36,342,,24,69,024,,25,17,178,,29,15,204,*74
$GPGSV,4,4,13,32,09,268,*4F
$GPGLL,,,,,124444.00,V,N*49
20:44:44 | Long: Waiting... | Lat: Waiting...
$GPRMC,124445.00,V,,,,,,,060525,,,N*7B
$GPVTG,,,,,,,,,N*30
$GPGGA,124445.00,,,,,0,00,99.99,,,,,,*64
$GPGSA,A,1,,,,,,,,,,,,,99.99,99.99,99.99*30
$GPGSV,4,1,13,01,,,08,05,31,102,,10,03,317,,12,25,143,*46
$GPGSV,4,2,13,13,04,049,,15,32,029,,18,63,280,,20,06,125,*7C
$GPGSV,4,3,13,23,36,342,,24,69,024,26,25,17,178,,29,15,204,*70
$GPGSV,4,4,13,32,09,268,*4F
$GPGLL,,,,,124445.00,V,N*48
20:44:45 | Long: Waiting... | Lat: Waiting...
$GPRMC,124446.00,V,,,,,,,060525,,,N*78
$GPVTG,,,,,,,,,N*30
$GPGGA,124446.00,,,,,0,00,99.99,,,,,,*67
$GPGSA,A,1,,,,,,,,,,,,,99.99,99.99,99.99*30
$GPGSV,4,1,13,01,,,08,05,31,102,,10,03,317,,12,25,143,*46
$GPGSV,4,2,13,13,04,049,,15,32,029,,18,63,280,,20,06,125,*7C
$GPGSV,4,3,13,23,36,342,,24,69,024,,25,17,178,,29,15,204,*74
$GPGSV,4,4,13,32,09,268,*4F
$GPGLL,,,,,124446.00,V,N*4B
20:44:46 | Long: Waiting... | Lat: Waiting...
$GPRMC,124447.00,V,,,,,,,060525,,,N*79
$GPVTG,,,,,,,,,N*30
$GPGGA,124447.00,,,,,0,00,99.99,,,,,,*66
$GPGSA,A,1,,,,,,,,,,,,,99.99,99.99,99.99*30
$GPGSV,3,1,12,05,31,102,,10,03,317,,12,25,143,,13,04,049,*72
$GPGSV,3,2,12,15,32,029,,18,63,280,,20,06,125,,23,36,342,*70
$GPGSV,3,3,12,24,69,024,,25,17,178,,29,15,204,,32,09,268,*77
$GPGLL,,,,,124447.00,V,N*4A
20:44:47 | Long: Waiting... | Lat: Waiting...
$GPRMC,124448.00,V,,,,,,,060525,,,N*76
$GPVTG,,,,,,,,,N*30
$GPGGA,124448.00,,,,,0,00,99.99,,,,,,*69
$GPGSA,A,1,,,,,,,,,,,,,99.99,99.99,99.99*30
$GPGSV,3,1,12,05,31,102,,10,03,317,,12,25,143,,13,04,049,*72
$GPGSV,3,2,12,15,32,029,,18,63,280,,20,06,125,,23,36,342,*70
$GPGSV,3,3,12,24,69,024,,25,17,178,,29,15,204,,32,09,268,*77
$GPGLL,,,,,124448.00,V,N*45
20:44:48 | Long: Waiting... | Lat: Waiting...
$GPRMC,124449.00,V,,,,,,,060525,,,N*77
$GPVTG,,,,,,,,,N*30
$GPGGA,124449.00,,,,,0,00,99.99,,,,,,*68
$GPGSA,A,1,,,,,,,,,,,,,99.99,99.99,99.99*30
$GPGSV,3,1,12,05,31,102,,10,03,317,,12,25,143,,13,04,049,*72
$GPGSV,3,2,12,15,32,029,,18,63,280,,20,06,125,,23,36,342,*70
$GPGSV,3,3,12,24,69,024,24,25,17,178,,29,15,204,,32,09,268,*71
$GPGLL,,,,,124449.00,V,N*44
20:44:49 | Long: Waiting... | Lat: Waiting...
$GPRMC,124450.00,V,,,,,,,060525,,,N*7F
$GPVTG,,,,,,,,,N*30
$GPGGA,124450.00,,,,,0,00,99.99,,,,,,*60
$GPGSA,A,1,,,,,,,,,,,,,99.99,99.99,99.99*30
$GPGSV,3,1,12,05,31,102,,10,03,317,,12,25,143,,13,04,049,*72
$GPGSV,3,2,12,15,32,029,,18,63,280,,20,06,125,,23,36,342,*70
$GPGSV,3,3,12,24,69,024,19,25,17,178,,29,15,204,,32,09,268,*7F
$GPGLL,,,,,124450.00,V,N*4C
20:44:50 | Long: Waiting... | Lat: Waiting...
$GPRMC,124451.00,V,,,,,,,060525,,,N*7E
$GPVTG,,,,,,,,,N*30
$GPGGA,124451.00,,,,,0,00,99.99,,,,,,*61
$GPGSA,A,1,,,,,,,,,,,,,99.99,99.99,99.99*30
$GPGSV,3,1,12,05,31,102,,10,03,317,,12,25,143,,13,04,049,*72
$GPGSV,3,2,12,15,32,029,,18,63,280,,20,06,125,,23,36,342,*70
$GPGSV,3,3,12,24,69,024,,25,17,178,20,29,15,204,,32,09,268,*75
$GPGLL,,,,,124451.00,V,N*4D
20:44:51 | Long: Waiting... | Lat: Waiting...
$GPRMC,124452.00,V,,,,,,,060525,,,N*7D
$GPVTG,,,,,,,,,N*30
$GPGGA,124452.00,,,,,0,00,99.99,,,,,,*62
$GPGSA,A,1,,,,,,,,,,,,,99.99,99.99,99.99*30
$GPGSV,3,1,12,05,31,102,,10,03,317,,12,25,143,,13,04,049,*72
$GPGSV,3,2,12,15,32,029,,18,63,280,,20,06,125,,23,36,342,*70
$GPGSV,3,3,12,24,69,024,,25,17,178,,29,15,204,,32,09,268,*77
$GPGLL,,,,,124452.00,V,N*4E
20:44:52 | Long: Waiting... | Lat: Waiting...
$GPRMC,124453.00,V,,,,,,,060525,,,N*7C
$GPVTG,,,,,,,,,N*30
$GPGGA,124453.00,,,,,0,00,99.99,,,,,,*63
$GPGSA,A,1,,,,,,,,,,,,,99.99,99.99,99.99*30
$GPGSV,3,1,12,05,31,102,,10,03,317,,12,25,143,,13,04,049,*72
$GPGSV,3,2,12,15,32,029,,18,63,280,,20,06,125,,23,36,342,*70
$GPGSV,3,3,12,24,69,024,,25,17,178,,29,15,204,,32,09,268,*77
$GPGLL,,,,,124453.00,V,N*4F
20:44:53 | Long: Waiting... | Lat: Waiting...
$GPRMC,124454.00,V,,,,,,,060525,,,N*7B
$GPVTG,,,,,,,,,N*30
$GPGGA,124454.00,,,,,0,00,99.99,,,,,,*64
$GPGSA,A,1,,,,,,,,,,,,,99.99,99.99,99.99*30
$GPGSV,3,1,12,05,31,102,,10,03,317,,12,25,143,,13,04,049,*72
$GPGSV,3,2,12,15,32,029,,18,63,280,,20,06,125,,23,36,342,*70
$GPGSV,3,3,12,24,69,024,,25,17,178,,29,15,204,,32,09,268,*77
$GPGLL,,,,,124454.00,V,N*48
20:44:54 | Long: Waiting... | Lat: Waiting...
$GPRMC,124455.00,V,,,,,,,060525,,,N*7A
$GPVTG,,,,,,,,,N*30
$GPGGA,124455.00,,,,,0,00,99.99,,,,,,*65
$GPGSA,A,1,,,,,,,,,,,,,99.99,99.99,99.99*30
$GPGSV,3,1,12,05,31,102,,10,03,317,,12,25,143,,13,03,049,*75
$GPGSV,3,2,12,15,32,029,,18,63,280,,20,06,125,,23,36,342,*70
$GPGSV,3,3,12,24,69,024,,25,17,178,,29,15,204,,32,09,268,*77
$GPGLL,,,,,124455.00,V,N*49
20:44:55 | Long: Waiting... | Lat: Waiting...
$GPRMC,124456.00,V,,,,,,,060525,,,N*79
$GPVTG,,,,,,,,,N*30
$GPGGA,124456.00,,,,,0,00,99.99,,,,,,*66
$GPGSA,A,1,,,,,,,,,,,,,99.99,99.99,99.99*30
$GPGSV,3,1,12,05,31,102,,10,03,317,,12,25,143,,13,03,049,*75
$GPGSV,3,2,12,15,32,030,,18,63,280,,20,06,125,,23,36,342,*78
$GPGSV,3,3,12,24,69,024,,25,17,178,,29,15,204,,32,09,268,*77
$GPGLL,,,,,124456.00,V,N*4A
20:44:56 | Long: Waiting... | Lat: Waiting...
$GPRMC,124457.00,V,,,,,,,060525,,,N*78
$GPVTG,,,,,,,,,N*30
$GPGGA,124457.00,,,,,0,00,99.99,,,,,,*67
$GPGSA,A,1,,,,,,,,,,,,,99.99,99.99,99.99*30
$GPGSV,3,1,12,05,31,102,,10,03,317,,12,25,143,,13,03,049,*75
$GPGSV,3,2,12,15,32,030,,18,63,279,,20,06,125,,23,36,342,*7E
$GPGSV,3,3,12,24,69,024,,25,17,178,,29,15,204,,32,09,268,*77
$GPGLL,,,,,124457.00,V,N*4B
20:44:57 | Long: Waiting... | Lat: Waiting...
$GPRMC,124458.00,V,,,,,,,060525,,,N*77
$GPVTG,,,,,,,,,N*30
$GPGGA,124458.00,,,,,0,00,99.99,,,,,,*68
$GPGSA,A,1,,,,,,,,,,,,,99.99,99.99,99.99*30
$GPGSV,3,1,12,05,31,102,,10,03,317,,12,25,143,,13,03,049,*75
$GPGSV,3,2,12,15,32,030,,18,63,279,,20,05,125,,23,36,342,*7D
$GPGSV,3,3,12,24,69,024,,25,17,178,,29,15,204,,32,09,268,29*7C
$GPGLL,,,,,124458.00,V,N*44
20:44:58 | Long: Waiting... | Lat: Waiting...
$GPRMC,124459.00,V,,,,,,,060525,,,N*76
$GPVTG,,,,,,,,,N*30
$GPGGA,124459.00,,,,,0,00,99.99,,,,,,*69
$GPGSA,A,1,,,,,,,,,,,,,99.99,99.99,99.99*30
$GPGSV,3,1,12,05,31,102,,10,03,317,,12,25,143,,13,03,049,*75
$GPGSV,3,2,12,15,32,030,,18,63,279,,20,05,125,,23,36,342,*7D
$GPGSV,3,3,12,24,69,024,,25,17,178,,29,15,204,,32,09,268,*77
$GPGLL,,,,,124459.00,V,N*45
20:44:59 | Long: Waiting... | Lat: Waiting...
$GPRMC,124500.00,V,,,,,,,060525,,,N*7B
$GPVTG,,,,,,,,,N*30
$GPGGA,124500.00,,,,,0,00,99.99,,,,,,*64
$GPGSA,A,1,,,,,,,,,,,,,99.99,99.99,99.99*30
$GPGSV,3,1,12,05,31,102,,10,03,317,,12,25,143,,13,03,049,*75
$GPGSV,3,2,12,15,32,030,,18,63,279,,20,05,125,,23,36,342,*7D
$GPGSV,3,3,12,24,69,024,,25,17,178,,29,15,204,,32,09,268,*77
$GPGLL,,,,,124500.00,V,N*48
20:45:00 | Long: Waiting... | Lat: Waiting...
$GPRMC,124501.00,V,,,,,,,060525,,,N*7A
$GPVTG,,,,,,,,,N*30
$GPGGA,124501.00,,,,,0,00,99.99,,,,,,*65
$GPGSA,A,1,,,,,,,,,,,,,99.99,99.99,99.99*30
$GPGSV,3,1,12,05,31,102,,10,03,317,,12,25,143,,13,03,049,*75
$GPGSV,3,2,12,15,32,030,,18,63,279,,20,05,125,,23,36,342,*7D
$GPGSV,3,3,12,24,69,024,,25,17,178,,29,15,204,,32,09,268,*77
$GPGLL,,,,,124501.00,V,N*49
20:45:01 | Long: Waiting... | Lat: Waiting...
$GPRMC,124502.00,V,,,,,,,060525,,,N*79
$GPVTG,,,,,,,,,N*30
$GPGGA,124502.00,,,,,0,00,99.99,,,,,,*66
$GPGSA,A,1,,,,,,,,,,,,,99.99,99.99,99.99*30
$GPGSV,3,1,12,05,31,102,,10,03,317,,12,25,143,,13,03,049,*75
$GPGSV,3,2,12,15,32,030,,18,63,279,,20,05,125,,23,36,342,*7D
$GPGSV,3,3,12,24,69,024,,25,17,178,,29,15,204,,32,09,268,*77
$GPGLL,,,,,124502.00,V,N*4A
20:45:02 | Long: Waiting... | Lat: Waiting...
$GPRMC,124503.00,V,,,,,,,060525,,,N*78
$GPVTG,,,,,,,,,N*30
$GPGGA,124503.00,,,,,0,00,99.99,,,,,,*67
$GPGSA,A,1,,,,,,,,,,,,,99.99,99.99,99.99*30
$GPGSV,3,1,12,05,31,102,28,10,03,317,,12,25,143,,13,03,049,*7F
$GPGSV,3,2,12,15,32,030,,18,63,279,,20,05,125,,23,36,342,*7D
$GPGSV,3,3,12,24,69,024,,25,17,178,,29,14,204,,32,09,268,*76
$GPGLL,,,,,124503.00,V,N*4B
20:45:03 | Long: Waiting... | Lat: Waiting...
$GPRMC,124504.00,V,,,,,,,060525,,,N*7F
$GPVTG,,,,,,,,,N*30
$GPGGA,124504.00,,,,,0,00,99.99,,,,,,*60
$GPGSA,A,1,,,,,,,,,,,,,99.99,99.99,99.99*30
$GPGSV,3,1,12,05,31,102,,10,03,317,,12,25,143,,13,03,049,*75
$GPGSV,3,2,12,15,32,030,,18,63,279,,20,05,125,,23,36,342,*7D
$GPGSV,3,3,12,24,69,024,,25,17,178,,29,14,204,,32,09,269,*77
$GPGLL,,,,,124504.00,V,N*4C
20:45:04 | Long: Waiting... | Lat: Waiting...
$GPRMC,124505.00,V,,,,,,,060525,,,N*7E
$GPVTG,,,,,,,,,N*30
$GPGGA,124505.00,,,,,0,00,99.99,,,,,,*61
$GPGSA,A,1,,,,,,,,,,,,,99.99,99.99,99.99*30
$GPGSV,3,1,12,05,31,102,,10,03,317,,12,25,143,,13,03,049,*75
$GPGSV,3,2,12,15,32,030,,18,63,279,,20,05,125,,23,36,342,*7D
$GPGSV,3,3,12,24,69,024,,25,17,178,,29,14,204,,32,09,269,*77
$GPGLL,,,,,124505.00,V,N*4D
20:45:05 | Long: Waiting... | Lat: Waiting...
$GPRMC,124506.00,V,,,,,,,060525,,,N*7D
$GPVTG,,,,,,,,,N*30
$GPGGA,124506.00,,,,,0,00,99.99,,,,,,*62
$GPGSA,A,1,,,,,,,,,,,,,99.99,99.99,99.99*30
$GPGSV,3,1,12,05,31,102,,10,03,317,24,12,25,143,,13,03,049,*73
$GPGSV,3,2,12,15,32,030,,18,63,279,,20,05,125,,23,36,342,*7D
$GPGSV,3,3,12,24,69,024,,25,17,178,,29,14,204,,32,09,269,*77
$GPGLL,,,,,124506.00,V,N*4E
20:45:06 | Long: Waiting... | Lat: Waiting...
$GPRMC,124507.00,V,,,,,,,060525,,,N*7C
$GPVTG,,,,,,,,,N*30
$GPGGA,124507.00,,,,,0,00,99.99,,,,,,*63
$GPGSA,A,1,,,,,,,,,,,,,99.99,99.99,99.99*30
$GPGSV,3,1,12,05,31,102,,10,03,317,,12,25,143,,13,03,049,*75
$GPGSV,3,2,12,15,32,030,,18,63,279,,20,05,125,,23,36,342,*7D
$GPGSV,3,3,12,24,69,024,,25,17,178,,29,14,204,,32,09,269,*77
$GPGLL,,,,,124507.00,V,N*4F
20:45:07 | Long: Waiting... | Lat: Waiting...
$GPRMC,124508.00,V,,,,,,,060525,,,N*73
$GPVTG,,,,,,,,,N*30
$GPGGA,124508.00,,,,,0,00,99.99,,,,,,*6C
$GPGSA,A,1,,,,,,,,,,,,,99.99,99.99,99.99*30
$GPGSV,3,1,12,05,31,102,,10,03,317,,12,25,143,,13,03,049,*75
$GPGSV,3,2,12,15,32,030,,18,63,279,,20,05,125,,23,36,342,*7D
$GPGSV,3,3,12,24,69,024,,25,17,178,,29,14,204,,32,09,269,*77
$GPGLL,,,,,124508.00,V,N*40
20:45:08 | Long: Waiting... | Lat: Waiting...
$GPRMC,124509.00,V,,,,,,,060525,,,N*72
$GPVTG,,,,,,,,,N*30
$GPGGA,124509.00,,,,,0,00,99.99,,,,,,*6D
$GPGSA,A,1,,,,,,,,,,,,,99.99,99.99,99.99*30
$GPGSV,3,1,12,05,31,102,,10,03,317,,12,25,143,,13,03,049,*75
$GPGSV,3,2,12,15,32,030,,18,63,279,,20,05,125,,23,36,342,*7D
$GPGSV,3,3,12,24,69,024,,25,17,178,,29,14,204,,32,09,269,*77
$GPGLL,,,,,124509.00,V,N*41
20:45:09 | Long: Waiting... | Lat: Waiting...
$GPRMC,124510.00,V,,,,,,,060525,,,N*7A
$GPVTG,,,,,,,,,N*30
$GPGGA,124510.00,,,,,0,00,99.99,,,,,,*65
$GPGSA,A,1,,,,,,,,,,,,,99.99,99.99,99.99*30
$GPGSV,3,1,12,05,31,102,,10,03,317,,12,25,143,,13,03,049,*75
$GPGSV,3,2,12,15,32,030,,18,63,279,,20,05,125,,23,36,342,*7D
$GPGSV,3,3,12,24,69,024,,25,17,178,,29,14,204,,32,09,269,*77
$GPGLL,,,,,124510.00,V,N*49
20:45:10 | Long: Waiting... | Lat: Waiting...
$GPRMC,124511.00,V,,,,,,,060525,,,N*7B
$GPVTG,,,,,,,,,N*30
$GPGGA,124511.00,,,,,0,00,99.99,,,,,,*64
$GPGSA,A,1,,,,,,,,,,,,,99.99,99.99,99.99*30
$GPGSV,3,1,12,05,31,102,,10,03,317,,12,25,143,,13,03,049,*75
$GPGSV,3,2,12,15,32,030,,18,63,279,,20,05,125,,23,36,342,*7D
$GPGSV,3,3,12,24,69,024,,25,17,178,,29,14,204,,32,09,269,*77
$GPGLL,,,,,124511.00,V,N*48
20:45:11 | Long: Waiting... | Lat: Waiting...
$GPRMC,124512.00,V,,,,,,,060525,,,N*78
$GPVTG,,,,,,,,,N*30
$GPGGA,124512.00,,,,,0,00,99.99,,,,,,*67
$GPGSA,A,1,,,,,,,,,,,,,99.99,99.99,99.99*30
$GPGSV,3,1,12,05,31,102,,10,03,317,,12,25,143,,13,03,049,20*77
$GPGSV,3,2,12,15,32,030,,18,63,279,,20,05,125,,23,36,342,*7D
$GPGSV,3,3,12,24,69,024,,25,17,178,,29,14,204,,32,09,269,*77
$GPGLL,,,,,124512.00,V,N*4B
20:45:12 | Long: Waiting... | Lat: Waiting...
$GPRMC,124513.00,V,,,,,,,060525,,,N*79
$GPVTG,,,,,,,,,N*30
$GPGGA,124513.00,,,,,0,00,99.99,,,,,,*66
$GPGSA,A,1,,,,,,,,,,,,,99.99,99.99,99.99*30
$GPGSV,3,1,12,05,31,102,,10,03,317,,12,25,143,,13,03,049,*75
$GPGSV,3,2,12,15,32,030,,18,63,279,,20,05,125,,23,36,342,*7D
$GPGSV,3,3,12,24,69,024,,25,17,178,,29,14,204,,32,09,269,*77
$GPGLL,,,,,124513.00,V,N*4A
20:45:13 | Long: Waiting... | Lat: Waiting...
$GPRMC,124514.00,V,,,,,,,060525,,,N*7E
$GPVTG,,,,,,,,,N*30
$GPGGA,124514.00,,,,,0,00,99.99,,,,,,*61
$GPGSA,A,1,,,,,,,,,,,,,99.99,99.99,99.99*30
$GPGSV,3,1,12,05,31,102,,10,03,317,,12,25,143,,13,03,049,*75
$GPGSV,3,2,12,15,32,030,,18,63,279,,20,05,125,,23,36,342,*7D
$GPGSV,3,3,12,24,69,024,,25,17,178,,29,14,204,,32,09,269,*77
$GPGLL,,,,,124514.00,V,N*4D
20:45:14 | Long: Waiting... | Lat: Waiting...
$GPRMC,124515.00,V,,,,,,,060525,,,N*7F
$GPVTG,,,,,,,,,N*30
$GPGGA,124515.00,,,,,0,00,99.99,,,,,,*60
$GPGSA,A,1,,,,,,,,,,,,,99.99,99.99,99.99*30
$GPGSV,3,1,12,05,31,102,,10,03,317,,12,25,143,,13,03,049,*75
$GPGSV,3,2,12,15,32,030,25,18,63,279,,20,05,125,,23,36,342,*7A
$GPGSV,3,3,12,24,69,024,,25,17,178,,29,14,204,,32,09,269,*77
$GPGLL,,,,,124515.00,V,N*4C
20:45:15 | Long: Waiting... | Lat: Waiting...
$GPRMC,124516.00,V,,,,,,,060525,,,N*7C
$GPVTG,,,,,,,,,N*30
$GPGGA,124516.00,,,,,0,00,99.99,,,,,,*63
$GPGSA,A,1,,,,,,,,,,,,,99.99,99.99,99.99*30
$GPGSV,3,1,12,05,31,102,,10,03,317,,12,25,143,,13,03,049,*75
$GPGSV,3,2,12,15,32,030,,18,63,279,,20,05,125,,23,36,342,*7D
$GPGSV,3,3,12,24,69,024,,25,17,178,,29,14,204,,32,09,269,*77
$GPGLL,,,,,124516.00,V,N*4F
20:45:16 | Long: Waiting... | Lat: Waiting...
$GPRMC,124517.00,V,,,,,,,060525,,,N*7D
$GPVTG,,,,,,,,,N*30
$GPGGA,124517.00,,,,,0,00,99.99,,,,,,*62
$GPGSA,A,1,,,,,,,,,,,,,99.99,99.99,99.99*30
$GPGSV,3,1,12,05,31,102,,10,03,317,,12,25,143,,13,03,049,*75
$GPGSV,3,2,12,15,32,030,,18,63,279,,20,05,125,,23,36,342,*7D
$GPGSV,3,3,12,24,69,024,,25,17,178,,29,14,204,,32,09,269,*77
$GPGLL,,,,,124517.00,V,N*4E
20:45:17 | Long: Waiting... | Lat: Waiting...
$GPRMC,124518.00,V,,,,,,,060525,,,N*72
$GPVTG,,,,,,,,,N*30
$GPGGA,124518.00,,,,,0,00,99.99,,,,,,*6D
$GPGSA,A,1,,,,,,,,,,,,,99.99,99.99,99.99*30
$GPGSV,4,1,13,01,,,25,05,31,102,,10,03,317,,12,25,143,*49
$GPGSV,4,2,13,13,03,049,,15,32,030,,18,63,279,24,20,05,125,*70
$GPGSV,4,3,13,23,36,342,,24,69,024,,25,17,178,,29,14,204,*75
$GPGSV,4,4,13,32,09,269,*4E
$GPGLL,,,,,124518.00,V,N*41
20:45:18 | Long: Waiting... | Lat: Waiting...
$GPRMC,124519.00,V,,,,,,,060525,,,N*73
$GPVTG,,,,,,,,,N*30
$GPGGA,124519.00,,,,,0,00,99.99,,,,,,*6C
$GPGSA,A,1,,,,,,,,,,,,,99.99,99.99,99.99*30
$GPGSV,4,1,13,01,,,20,05,31,102,,10,03,317,,12,25,143,*4C
$GPGSV,4,2,13,13,03,049,,15,32,030,,18,63,279,,20,05,125,*76
$GPGSV,4,3,13,23,36,342,,24,69,024,,25,17,178,,29,14,204,*75
$GPGSV,4,4,13,32,09,269,*4E
$GPGLL,,,,,124519.00,V,N*40
20:45:19 | Long: Waiting... | Lat: Waiting...
$GPRMC,124520.00,V,,,,,,,060525,,,N*79
$GPVTG,,,,,,,,,N*30
$GPGGA,124520.00,,,,,0,00,99.99,,,,,,*66
$GPGSA,A,1,,,,,,,,,,,,,99.99,99.99,99.99*30
$GPGSV,4,1,13,01,,,16,05,31,102,,10,03,317,,12,25,143,*49
$GPGSV,4,2,13,13,03,049,,15,32,030,,18,63,279,,20,05,125,*76
$GPGSV,4,3,13,23,36,342,,24,69,024,,25,17,178,,29,14,204,*75
$GPGSV,4,4,13,32,09,269,*4E
$GPGLL,,,,,124520.00,V,N*4A
20:45:20 | Long: Waiting... | Lat: Waiting...
$GPRMC,124521.00,V,,,,,,,060525,,,N*78
$GPVTG,,,,,,,,,N*30
$GPGGA,124521.00,,,,,0,00,99.99,,,,,,*67
$GPGSA,A,1,,,,,,,,,,,,,99.99,99.99,99.99*30
$GPGSV,4,1,13,01,,,10,05,31,102,,10,03,317,,12,25,143,*4F
$GPGSV,4,2,13,13,03,049,,15,32,030,,18,63,279,,20,05,125,*76
$GPGSV,4,3,13,23,36,342,,24,69,024,,25,17,178,,29,14,204,*75
$GPGSV,4,4,13,32,09,269,*4E
$GPGLL,,,,,124521.00,V,N*4B
20:45:21 | Long: Waiting... | Lat: Waiting...
$GPRMC,124522.00,V,,,,,,,060525,,,N*7B
$GPVTG,,,,,,,,,N*30
$GPGGA,124522.00,,,,,0,00,99.99,,,,,,*64
$GPGSA,A,1,,,,,,,,,,,,,99.99,99.99,99.99*30
$GPGSV,4,1,13,01,,,10,05,31,102,,10,03,317,,12,25,143,*4F
$GPGSV,4,2,13,13,03,049,,15,32,030,,18,63,279,,20,05,125,*76
$GPGSV,4,3,13,23,36,342,,24,69,024,,25,17,178,,29,14,204,*75
$GPGSV,4,4,13,32,09,269,*4E
$GPGLL,,,,,124522.00,V,N*48
20:45:22 | Long: Waiting... | Lat: Waiting...
$GPRMC,124523.00,V,,,,,,,060525,,,N*7A
$GPVTG,,,,,,,,,N*30
$GPGGA,124523.00,,,,,0,00,99.99,,,,,,*65
$GPGSA,A,1,,,,,,,,,,,,,99.99,99.99,99.99*30
$GPGSV,4,1,13,01,,,11,05,31,102,,10,03,317,,12,25,143,*4E
$GPGSV,4,2,13,13,03,049,,15,32,030,,18,63,279,,20,05,125,*76
$GPGSV,4,3,13,23,36,342,,24,69,024,,25,17,178,,29,14,204,*75
$GPGSV,4,4,13,32,09,269,*4E
$GPGLL,,,,,124523.00,V,N*49
20:45:23 | Long: Waiting... | Lat: Waiting...
$GPRMC,124524.00,V,,,,,,,060525,,,N*7D
$GPVTG,,,,,,,,,N*30
$GPGGA,124524.00,,,,,0,00,99.99,,,,,,*62
$GPGSA,A,1,,,,,,,,,,,,,99.99,99.99,99.99*30
$GPGSV,3,1,12,05,31,102,,10,03,317,,12,25,143,,13,03,049,*75
$GPGSV,3,2,12,15,32,030,,18,63,279,,20,05,125,,23,36,342,*7D
$GPGSV,3,3,12,24,69,024,,25,17,178,,29,14,204,,32,09,269,*77
$GPGLL,,,,,124524.00,V,N*4E
20:45:24 | Long: Waiting... | Lat: Waiting...
$GPRMC,124525.00,V,,,,,,,060525,,,N*7C
$GPVTG,,,,,,,,,N*30
$GPGGA,124525.00,,,,,0,00,99.99,,,,,,*63
$GPGSA,A,1,,,,,,,,,,,,,99.99,99.99,99.99*30
$GPGSV,3,1,12,05,31,102,,10,03,317,,12,25,143,,13,03,049,*75
$GPGSV,3,2,12,15,32,030,,18,63,279,,20,05,125,,23,36,342,*7D
$GPGSV,3,3,12,24,69,024,,25,17,178,,29,14,204,,32,09,269,*77
$GPGLL,,,,,124525.00,V,N*4F
20:45:25 | Long: Waiting... | Lat: Waiting...
$GPRMC,124526.00,V,,,,,,,060525,,,N*7F
$GPVTG,,,,,,,,,N*30
$GPGGA,124526.00,,,,,0,00,99.99,,,,,,*60
$GPGSA,A,1,,,,,,,,,,,,,99.99,99.99,99.99*30
$GPGSV,3,1,12,05,31,102,,10,03,317,,12,25,143,,13,03,049,*75
$GPGSV,3,2,12,15,32,030,,18,63,279,,20,05,125,,23,36,342,*7D
$GPGSV,3,3,12,24,69,024,21,25,17,178,,29,14,204,,32,09,269,*74
$GPGLL,,,,,124526.00,V,N*4C
20:45:26 | Long: Waiting... | Lat: Waiting...
$GPRMC,124527.00,V,,,,,,,060525,,,N*7E
$GPVTG,,,,,,,,,N*30
$GPGGA,124527.00,,,,,0,00,99.99,,,,,,*61
$GPGSA,A,1,,,,,,,,,,,,,99.99,99.99,99.99*30
$GPGSV,3,1,12,05,31,102,,10,03,317,,12,25,143,,13,03,049,*75
$GPGSV,3,2,12,15,32,030,,18,63,279,,20,05,125,,23,36,342,*7D
$GPGSV,3,3,12,24,69,024,,25,17,178,,29,14,204,,32,09,269,*77
$GPGLL,,,,,124527.00,V,N*4D
20:45:27 | Long: Waiting... | Lat: Waiting...
$GPRMC,124528.00,V,,,,,,,060525,,,N*71
$GPVTG,,,,,,,,,N*30
$GPGGA,124528.00,,,,,0,00,99.99,,,,,,*6E
$GPGSA,A,1,,,,,,,,,,,,,99.99,99.99,99.99*30
$GPGSV,3,1,12,05,31,102,,10,03,317,,12,25,143,,13,03,049,*75
$GPGSV,3,2,12,15,32,030,,18,63,279,,20,05,125,,23,36,342,*7D
$GPGSV,3,3,12,24,69,024,,25,17,178,,29,14,204,,32,09,269,*77
$GPGLL,,,,,124528.00,V,N*42
20:45:28 | Long: Waiting... | Lat: Waiting...
$GPRMC,124529.00,V,,,,,,,060525,,,N*70
$GPVTG,,,,,,,,,N*30
$GPGGA,124529.00,,,,,0,00,99.99,,,,,,*6F
$GPGSA,A,1,,,,,,,,,,,,,99.99,99.99,99.99*30
$GPGSV,3,1,12,05,31,102,,10,03,317,,12,25,143,,13,03,049,*75
$GPGSV,3,2,12,15,32,030,,18,63,279,,20,05,125,,23,36,342,*7D
$GPGSV,3,3,12,24,69,024,,25,17,178,,29,14,204,,32,09,269,*77
$GPGLL,,,,,124529.00,V,N*43
20:45:29 | Long: Waiting... | Lat: Waiting...
$GPRMC,124530.00,V,,,,,,,060525,,,N*78
$GPVTG,,,,,,,,,N*30
$GPGGA,124530.00,,,,,0,00,99.99,,,,,,*67
$GPGSA,A,1,,,,,,,,,,,,,99.99,99.99,99.99*30
$GPGSV,3,1,12,05,31,102,,10,03,317,,12,25,142,,13,03,050,*7C
$GPGSV,3,2,12,15,32,030,,18,63,279,,20,05,125,,23,36,342,*7D
$GPGSV,3,3,12,24,69,024,,25,17,178,,29,14,204,24,32,09,269,*71
$GPGLL,,,,,124530.00,V,N*4B
20:45:30 | Long: Waiting... | Lat: Waiting...
$GPRMC,124531.00,V,,,,,,,060525,,,N*79
$GPVTG,,,,,,,,,N*30
$GPGGA,124531.00,,,,,0,00,99.99,,,,,,*66
$GPGSA,A,1,,,,,,,,,,,,,99.99,99.99,99.99*30
$GPGSV,3,1,12,05,31,102,,10,03,317,,12,25,142,,13,03,050,*7C
$GPGSV,3,2,12,15,32,030,,18,63,279,,20,05,125,,23,36,342,*7D
$GPGSV,3,3,12,24,69,024,,25,17,178,,29,14,204,,32,09,269,*77
$GPGLL,,,,,124531.00,V,N*4A
20:45:31 | Long: Waiting... | Lat: Waiting...
$GPRMC,124532.00,V,,,,,,,060525,,,N*7A
$GPVTG,,,,,,,,,N*30
$GPGGA,124532.00,,,,,0,00,99.99,,,,,,*65
$GPGSA,A,1,,,,,,,,,,,,,99.99,99.99,99.99*30
$GPGSV,3,1,12,05,31,102,,10,03,317,,12,25,142,,13,03,050,*7C
$GPGSV,3,2,12,15,32,030,,18,63,279,,20,05,125,,23,36,342,*7D
$GPGSV,3,3,12,24,69,024,,25,17,178,,29,14,204,,32,09,269,*77
$GPGLL,,,,,124532.00,V,N*49
20:45:32 | Long: Waiting... | Lat: Waiting...
$GPRMC,124533.00,V,,,,,,,060525,,,N*7B
$GPVTG,,,,,,,,,N*30
$GPGGA,124533.00,,,,,0,00,99.99,,,,,,*64
$GPGSA,A,1,,,,,,,,,,,,,99.99,99.99,99.99*30
$GPGSV,3,1,12,05,31,102,,10,03,317,,12,25,142,,13,03,050,*7C
$GPGSV,3,2,12,15,32,030,,18,63,278,,20,05,125,,23,36,342,*7C
$GPGSV,3,3,12,24,69,024,,25,17,178,,29,14,204,,32,09,269,*77
$GPGLL,,,,,124533.00,V,N*48
20:45:33 | Long: Waiting... | Lat: Waiting...
$GPRMC,124534.00,V,,,,,,,060525,,,N*7C
$GPVTG,,,,,,,,,N*30
$GPGGA,124534.00,,,,,0,00,99.99,,,,,,*63
$GPGSA,A,1,,,,,,,,,,,,,99.99,99.99,99.99*30
$GPGSV,3,1,12,05,31,102,,10,03,317,,12,25,142,,13,03,050,*7C
$GPGSV,3,2,12,15,32,030,,18,63,278,,20,05,125,,23,36,342,*7C
$GPGSV,3,3,12,24,69,024,,25,17,178,,29,14,204,,32,09,269,*77
$GPGLL,,,,,124534.00,V,N*4F
20:45:34 | Long: Waiting... | Lat: Waiting...
$GPRMC,124535.00,V,,,,,,,060525,,,N*7D
$GPVTG,,,,,,,,,N*30
$GPGGA,124535.00,,,,,0,00,99.99,,,,,,*62
$GPGSA,A,1,,,,,,,,,,,,,99.99,99.99,99.99*30
$GPGSV,3,1,12,05,31,102,,10,03,317,,12,25,142,,13,03,050,*7C
$GPGSV,3,2,12,15,32,030,,18,63,278,,20,05,125,,23,36,342,*7C
$GPGSV,3,3,12,24,69,024,,25,17,178,,29,14,204,,32,09,269,*77
$GPGLL,,,,,124535.00,V,N*4E
20:45:35 | Long: Waiting... | Lat: Waiting...
$GPRMC,124536.00,V,,,,,,,060525,,,N*7E
$GPVTG,,,,,,,,,N*30
$GPGGA,124536.00,,,,,0,00,99.99,,,,,,*61
$GPGSA,A,1,,,,,,,,,,,,,99.99,99.99,99.99*30
$GPGSV,3,1,12,05,31,102,,10,03,317,,12,25,142,,13,03,050,*7C
$GPGSV,3,2,12,15,32,030,,18,63,278,,20,05,125,,23,36,342,*7C
$GPGSV,3,3,12,24,69,024,,25,17,178,,29,14,204,,32,09,269,*77
$GPGLL,,,,,124536.00,V,N*4D
20:45:36 | Long: Waiting... | Lat: Waiting...
$GPRMC,124537.00,V,,,,,,,060525,,,N*7F
$GPVTG,,,,,,,,,N*30
$GPGGA,124537.00,,,,,0,00,99.99,,,,,,*60
$GPGSA,A,1,,,,,,,,,,,,,99.99,99.99,99.99*30
$GPGSV,3,1,12,05,31,102,,10,03,317,,12,25,142,,13,03,050,*7C
$GPGSV,3,2,12,15,32,030,,18,63,278,,20,05,125,,23,36,342,*7C
$GPGSV,3,3,12,24,69,024,,25,17,178,,29,14,204,,32,09,269,*77
$GPGLL,,,,,124537.00,V,N*4C
20:45:37 | Long: Waiting... | Lat: Waiting...
$GPRMC,124538.00,V,,,,,,,060525,,,N*70
$GPVTG,,,,,,,,,N*30
$GPGGA,124538.00,,,,,0,00,99.99,,,,,,*6F
$GPGSA,A,1,,,,,,,,,,,,,99.99,99.99,99.99*30
$GPGSV,3,1,12,05,31,102,,10,03,317,,12,25,142,,13,03,050,*7C
$GPGSV,3,2,12,15,32,030,,18,63,278,,20,05,125,,23,36,342,*7C
$GPGSV,3,3,12,24,69,024,,25,17,178,,29,14,204,,32,09,269,*77
$GPGLL,,,,,124538.00,V,N*43
20:45:38 | Long: Waiting... | Lat: Waiting...
$GPRMC,124539.00,V,,,,,,,060525,,,N*71
$GPVTG,,,,,,,,,N*30
$GPGGA,124539.00,,,,,0,00,99.99,,,,,,*6E
$GPGSA,A,1,,,,,,,,,,,,,99.99,99.99,99.99*30
$GPGSV,3,1,12,05,31,102,,10,03,317,,12,25,142,24,13,03,050,*7A
$GPGSV,3,2,12,15,32,030,,18,63,278,,20,05,125,,23,36,342,*7C
$GPGSV,3,3,12,24,69,024,,25,17,178,,29,14,204,,32,09,269,*77
$GPGLL,,,,,124539.00,V,N*42
20:45:39 | Long: Waiting... | Lat: Waiting...
$GPRMC,124540.00,V,,,,,,,060525,,,N*7F
$GPVTG,,,,,,,,,N*30
$GPGGA,124540.00,,,,,0,00,99.99,,,,,,*60
$GPGSA,A,1,,,,,,,,,,,,,99.99,99.99,99.99*30
$GPGSV,3,1,12,05,31,102,,10,03,317,,12,25,142,,13,03,050,*7C
$GPGSV,3,2,12,15,32,030,,18,63,278,,20,05,125,,23,36,342,*7C
$GPGSV,3,3,12,24,69,024,,25,17,178,,29,14,204,,32,09,269,*77
$GPGLL,,,,,124540.00,V,N*4C
20:45:40 | Long: Waiting... | Lat: Waiting...
$GPRMC,124541.00,V,,,,,,,060525,,,N*7E
$GPVTG,,,,,,,,,N*30
$GPGGA,124541.00,,,,,0,00,99.99,,,,,,*61
$GPGSA,A,1,,,,,,,,,,,,,99.99,99.99,99.99*30
$GPGSV,3,1,12,05,31,102,,10,03,317,,12,25,142,,13,03,050,*7C
$GPGSV,3,2,12,15,32,030,,18,63,278,,20,05,125,,23,36,342,*7C
$GPGSV,3,3,12,24,69,024,,25,17,178,,29,14,204,,32,09,269,*77
$GPGLL,,,,,124541.00,V,N*4D
20:45:41 | Long: Waiting... | Lat: Waiting...
$GPRMC,124542.00,V,,,,,,,060525,,,N*7D
$GPVTG,,,,,,,,,N*30
$GPGGA,124542.00,,,,,0,00,99.99,,,,,,*62
$GPGSA,A,1,,,,,,,,,,,,,99.99,99.99,99.99*30
$GPGSV,3,1,12,05,31,102,,10,03,317,,12,25,142,,13,03,050,*7C
$GPGSV,3,2,12,15,32,030,,18,63,278,,20,05,125,,23,36,342,*7C
$GPGSV,3,3,12,24,69,024,,25,17,178,,29,14,204,,32,09,269,*77
$GPGLL,,,,,124542.00,V,N*4E
20:45:42 | Long: Waiting... | Lat: Waiting...
$GPRMC,124543.00,V,,,,,,,060525,,,N*7C
$GPVTG,,,,,,,,,N*30
$GPGGA,124543.00,,,,,0,00,99.99,,,,,,*63
$GPGSA,A,1,,,,,,,,,,,,,99.99,99.99,99.99*30
$GPGSV,3,1,12,05,31,102,,10,03,317,,12,25,142,,13,03,050,*7C
$GPGSV,3,2,12,15,32,030,,18,63,278,,20,05,125,,23,36,342,25*7B
$GPGSV,3,3,12,24,69,024,,25,17,178,,29,14,204,,32,09,269,*77
$GPGLL,,,,,124543.00,V,N*4F
20:45:43 | Long: Waiting... | Lat: Waiting...
$GPRMC,124544.00,V,,,,,,,060525,,,N*7B
$GPVTG,,,,,,,,,N*30
$GPGGA,124544.00,,,,,0,00,99.99,,,,,,*64
$GPGSA,A,1,,,,,,,,,,,,,99.99,99.99,99.99*30
$GPGSV,3,1,12,05,31,102,,10,03,317,,12,25,142,,13,03,050,*7C
$GPGSV,3,2,12,15,32,030,,18,63,278,,20,05,125,,23,36,342,*7C
$GPGSV,3,3,12,24,69,024,,25,17,178,28,29,14,204,,32,09,269,*7D
$GPGLL,,,,,124544.00,V,N*48
20:45:44 | Long: Waiting... | Lat: Waiting...
$GPRMC,124545.00,V,,,,,,,060525,,,N*7A
$GPVTG,,,,,,,,,N*30
$GPGGA,124545.00,,,,,0,00,99.99,,,,,,*65
$GPGSA,A,1,,,,,,,,,,,,,99.99,99.99,99.99*30
$GPGSV,3,1,12,05,31,102,,10,03,317,,12,25,142,,13,03,050,*7C
$GPGSV,3,2,12,15,32,030,,18,63,278,,20,05,125,,23,36,342,*7C
$GPGSV,3,3,12,24,69,024,,25,17,178,,29,14,204,,32,09,269,*77
$GPGLL,,,,,124545.00,V,N*49
20:45:45 | Long: Waiting... | Lat: Waiting...
$GPRMC,124546.00,V,,,,,,,060525,,,N*79
$GPVTG,,,,,,,,,N*30
$GPGGA,124546.00,,,,,0,00,99.99,,,,,,*66
$GPGSA,A,1,,,,,,,,,,,,,99.99,99.99,99.99*30
$GPGSV,3,1,12,05,31,102,,10,03,317,,12,25,142,,13,03,050,*7C
$GPGSV,3,2,12,15,32,030,,18,63,278,,20,05,125,,23,36,342,*7C
$GPGSV,3,3,12,24,69,024,,25,17,178,,29,14,204,,32,09,269,28*7D
$GPGLL,,,,,124546.00,V,N*4A
20:45:46 | Long: Waiting... | Lat: Waiting...
$GPRMC,124547.00,V,,,,,,,060525,,,N*78
$GPVTG,,,,,,,,,N*30
$GPGGA,124547.00,,,,,0,00,99.99,,,,,,*67
$GPGSA,A,1,,,,,,,,,,,,,99.99,99.99,99.99*30
$GPGSV,3,1,12,05,31,102,,10,03,317,,12,25,142,,13,03,050,*7C
$GPGSV,3,2,12,15,32,030,,18,63,278,,20,05,125,,23,36,342,*7C
$GPGSV,3,3,12,24,69,024,,25,17,178,,29,14,204,,32,09,269,*77
$GPGLL,,,,,124547.00,V,N*4B
20:45:47 | Long: Waiting... | Lat: Waiting...
$GPRMC,124548.00,V,,,,,,,060525,,,N*77
$GPVTG,,,,,,,,,N*30
$GPGGA,124548.00,,,,,0,00,99.99,,,,,,*68
$GPGSA,A,1,,,,,,,,,,,,,99.99,99.99,99.99*30
$GPGSV,3,1,12,05,31,102,,10,03,317,,12,25,142,,13,03,050,*7C
$GPGSV,3,2,12,15,32,030,,18,63,278,,20,05,125,,23,36,342,*7C
$GPGSV,3,3,12,24,69,024,,25,17,178,,29,14,204,,32,09,269,*77
$GPGLL,,,,,124548.00,V,N*44
20:45:48 | Long: Waiting... | Lat: Waiting...
$GPRMC,124549.00,V,,,,,,,060525,,,N*76
$GPVTG,,,,,,,,,N*30
$GPGGA,124549.00,,,,,0,00,99.99,,,,,,*69
$GPGSA,A,1,,,,,,,,,,,,,99.99,99.99,99.99*30
$GPGSV,3,1,12,05,31,102,,10,03,317,,12,25,142,,13,03,050,*7C
$GPGSV,3,2,12,15,32,030,,18,63,278,,20,05,125,,23,36,342,*7C
$GPGSV,3,3,12,24,69,024,,25,17,178,,29,14,204,,32,09,269,*77
$GPGLL,,,,,124549.00,V,N*45
20:45:49 | Long: Waiting... | Lat: Waiting...
$GPRMC,124550.00,V,,,,,,,060525,,,N*7E
$GPVTG,,,,,,,,,N*30
$GPGGA,124550.00,,,,,0,00,99.99,,,,,,*61
$GPGSA,A,1,,,,,,,,,,,,,99.99,99.99,99.99*30
$GPGSV,3,1,12,05,31,102,,10,03,317,,12,25,142,,13,03,050,*7C
$GPGSV,3,2,12,15,32,030,,18,63,278,,20,05,125,,23,36,342,*7C
$GPGSV,3,3,12,24,69,024,,25,17,178,,29,14,204,,32,09,269,*77
$GPGLL,,,,,124550.00,V,N*4D
20:45:50 | Long: Waiting... | Lat: Waiting...
$GPRMC,124551.00,V,,,,,,,060525,,,N*7F
$GPVTG,,,,,,,,,N*30
$GPGGA,124551.00,,,,,0,00,99.99,,,,,,*60
$GPGSA,A,1,,,,,,,,,,,,,99.99,99.99,99.99*30
$GPGSV,3,1,12,05,31,102,,10,03,317,,12,25,142,,13,03,050,*7C
$GPGSV,3,2,12,15,32,030,,18,63,278,,20,05,125,,23,36,342,*7C
$GPGSV,3,3,12,24,69,024,,25,17,178,,29,14,204,,32,09,269,*77
$GPGLL,,,,,124551.00,V,N*4C
20:45:51 | Long: Waiting... | Lat: Waiting...
$GPRMC,124552.00,V,,,,,,,060525,,,N*7C
$GPVTG,,,,,,,,,N*30
$GPGGA,124552.00,,,,,0,00,99.99,,,,,,*63
$GPGSA,A,1,,,,,,,,,,,,,99.99,99.99,99.99*30
$GPGSV,3,1,12,05,31,102,,10,03,317,22,12,25,142,,13,03,050,*7C
$GPGSV,3,2,12,15,32,030,,18,63,278,,20,05,125,,23,36,342,*7C
$GPGSV,3,3,12,24,69,024,,25,17,178,,29,14,204,,32,09,269,*77
$GPGLL,,,,,124552.00,V,N*4F
20:45:52 | Long: Waiting... | Lat: Waiting...
$GPRMC,124553.00,V,,,,,,,060525,,,N*7D
$GPVTG,,,,,,,,,N*30
$GPGGA,124553.00,,,,,0,00,99.99,,,,,,*62
$GPGSA,A,1,,,,,,,,,,,,,99.99,99.99,99.99*30
$GPGSV,3,1,12,05,31,102,,10,03,317,,12,25,142,,13,03,050,*7C
$GPGSV,3,2,12,15,32,030,,18,63,278,,20,05,125,,23,36,342,*7C
$GPGSV,3,3,12,24,69,024,,25,17,178,,29,14,204,,32,09,269,*77
$GPGLL,,,,,124553.00,V,N*4E
20:45:53 | Long: Waiting... | Lat: Waiting...
$GPRMC,124554.00,V,,,,,,,060525,,,N*7A
$GPVTG,,,,,,,,,N*30
$GPGGA,124554.00,,,,,0,00,99.99,,,,,,*65
$GPGSA,A,1,,,,,,,,,,,,,99.99,99.99,99.99*30
$GPGSV,3,1,12,05,31,102,,10,03,317,,12,25,142,24,13,03,050,*7A
$GPGSV,3,2,12,15,32,030,,18,63,278,,20,05,125,,23,36,342,*7C
$GPGSV,3,3,12,24,69,024,,25,17,178,,29,14,204,,32,09,269,*77
$GPGLL,,,,,124554.00,V,N*49
20:45:54 | Long: Waiting... | Lat: Waiting...
$GPRMC,124555.00,V,,,,,,,060525,,,N*7B
$GPVTG,,,,,,,,,N*30
$GPGGA,124555.00,,,,,0,00,99.99,,,,,,*64
$GPGSA,A,1,,,,,,,,,,,,,99.99,99.99,99.99*30
$GPGSV,3,1,12,05,31,102,,10,03,317,,12,25,142,,13,03,050,*7C
$GPGSV,3,2,12,15,32,030,,18,63,278,,20,05,125,,23,36,342,*7C
$GPGSV,3,3,12,24,69,024,,25,17,178,,29,14,204,,32,09,269,*77
$GPGLL,,,,,124555.00,V,N*48
20:45:55 | Long: Waiting... | Lat: Waiting...
$GPRMC,124556.00,V,,,,,,,060525,,,N*78
$GPVTG,,,,,,,,,N*30
$GPGGA,124556.00,,,,,0,00,99.99,,,,,,*67
$GPGSA,A,1,,,,,,,,,,,,,99.99,99.99,99.99*30
$GPGSV,3,1,12,05,31,102,,10,03,317,,12,25,142,,13,03,050,22*7C
$GPGSV,3,2,12,15,32,030,,18,63,278,,20,05,125,,23,36,342,*7C
$GPGSV,3,3,12,24,69,024,,25,17,178,,29,14,204,,32,09,269,*77
$GPGLL,,,,,124556.00,V,N*4B
20:45:56 | Long: Waiting... | Lat: Waiting...
$GPRMC,124557.00,V,,,,,,,060525,,,N*79
$GPVTG,,,,,,,,,N*30
$GPGGA,124557.00,,,,,0,00,99.99,,,,,,*66
$GPGSA,A,1,,,,,,,,,,,,,99.99,99.99,99.99*30
$GPGSV,3,1,12,05,31,102,,10,03,317,,12,25,142,21,13,03,050,*7F
$GPGSV,3,2,12,15,32,030,,18,63,278,,20,05,125,,23,36,342,*7C
$GPGSV,3,3,12,24,69,024,,25,17,178,,29,14,204,,32,09,269,*77
$GPGLL,,,,,124557.00,V,N*4A
20:45:57 | Long: Waiting... | Lat: Waiting...
$GPRMC,124558.00,V,,,,,,,060525,,,N*76
$GPVTG,,,,,,,,,N*30
$GPGGA,124558.00,,,,,0,00,99.99,,,,,,*69
$GPGSA,A,1,,,,,,,,,,,,,99.99,99.99,99.99*30
$GPGSV,3,1,12,05,31,102,,10,03,317,,12,25,142,18,13,03,050,*75
$GPGSV,3,2,12,15,32,030,28,18,63,278,,20,05,125,,23,36,342,*76
$GPGSV,3,3,12,24,69,024,,25,17,178,,29,14,204,,32,09,269,*77
$GPGLL,,,,,124558.00,V,N*45
20:45:58 | Long: Waiting... | Lat: Waiting...
$GPRMC,124559.00,V,,,,,,,060525,,,N*77
$GPVTG,,,,,,,,,N*30
$GPGGA,124559.00,,,,,0,00,99.99,,,,,,*68
$GPGSA,A,1,,,,,,,,,,,,,99.99,99.99,99.99*30
$GPGSV,3,1,12,05,31,102,,10,03,317,,12,25,142,,13,03,050,*7C
$GPGSV,3,2,12,15,32,030,,18,63,278,,20,05,125,,23,36,342,*7C
$GPGSV,3,3,12,24,69,024,,25,17,178,,29,14,204,,32,09,269,*77
$GPGLL,,,,,124559.00,V,N*44
20:45:59 | Long: Waiting... | Lat: Waiting...
$GPRMC,124600.00,V,,,,,,,060525,,,N*78
$GPVTG,,,,,,,,,N*30
$GPGGA,124600.00,,,,,0,00,99.99,,,,,,*67
$GPGSA,A,1,,,,,,,,,,,,,99.99,99.99,99.99*30
$GPGSV,3,1,12,05,31,102,,10,03,317,,12,25,142,,13,03,050,*7C
$GPGSV,3,2,12,15,32,030,,18,63,278,22,20,05,125,,23,36,342,*7C
$GPGSV,3,3,12,24,69,024,,25,17,178,,29,14,204,,32,09,269,*77
$GPGLL,,,,,124600.00,V,N*4B
20:46:00 | Long: Waiting... | Lat: Waiting...
$GPRMC,124601.00,V,,,,,,,060525,,,N*79
$GPVTG,,,,,,,,,N*30
$GPGGA,124601.00,,,,,0,00,99.99,,,,,,*66
$GPGSA,A,1,,,,,,,,,,,,,99.99,99.99,99.99*30
$GPGSV,3,1,12,05,31,102,,10,03,317,,12,25,142,,13,03,050,*7C
$GPGSV,3,2,12,15,32,030,,18,63,278,,20,05,125,,23,36,342,*7C
$GPGSV,3,3,12,24,69,024,,25,17,178,,29,14,204,,32,09,269,*77
$GPGLL,,,,,124601.00,V,N*4A
20:46:01 | Long: Waiting... | Lat: Waiting...
$GPRMC,124602.00,V,,,,,,,060525,,,N*7A
$GPVTG,,,,,,,,,N*30
$GPGGA,124602.00,,,,,0,00,99.99,,,,,,*65
$GPGSA,A,1,,,,,,,,,,,,,99.99,99.99,99.99*30
$GPGSV,3,1,12,05,31,102,,10,03,317,,12,25,142,,13,03,050,*7C
$GPGSV,3,2,12,15,32,030,,18,63,278,,20,05,125,,23,36,342,*7C
$GPGSV,3,3,12,24,69,024,,25,17,178,,29,14,204,,32,09,269,*77
$GPGLL,,,,,124602.00,V,N*49
20:46:02 | Long: Waiting... | Lat: Waiting...
$GPRMC,124603.00,V,,,,,,,060525,,,N*7B
$GPVTG,,,,,,,,,N*30
$GPGGA,124603.00,,,,,0,00,99.99,,,,,,*64
$GPGSA,A,1,,,,,,,,,,,,,99.99,99.99,99.99*30
$GPGSV,3,1,12,05,31,102,,10,03,317,,12,25,142,,13,03,050,*7C
$GPGSV,3,2,12,15,32,030,,18,63,278,,20,05,125,,23,36,342,*7C
$GPGSV,3,3,12,24,69,024,,25,17,178,,29,14,204,,32,09,269,*77
$GPGLL,,,,,124603.00,V,N*48
20:46:03 | Long: Waiting... | Lat: Waiting...
$GPRMC,124604.00,V,,,,,,,060525,,,N*7C
$GPVTG,,,,,,,,,N*30
$GPGGA,124604.00,,,,,0,00,99.99,,,,,,*63
$GPGSA,A,1,,,,,,,,,,,,,99.99,99.99,99.99*30
$GPGSV,3,1,12,05,31,102,,10,04,317,,12,25,142,,13,03,050,*7B
$GPGSV,3,2,12,15,32,030,,18,63,278,,20,05,125,,23,36,342,24*7A
$GPGSV,3,3,12,24,69,024,,25,17,178,,29,14,204,,32,09,269,*77
$GPGLL,,,,,124604.00,V,N*4F
20:46:04 | Long: Waiting... | Lat: Waiting...
$GPRMC,124605.00,V,,,,,,,060525,,,N*7D
$GPVTG,,,,,,,,,N*30
$GPGGA,124605.00,,,,,0,00,99.99,,,,,,*62
$GPGSA,A,1,,,,,,,,,,,,,99.99,99.99,99.99*30
$GPGSV,3,1,12,05,31,102,,10,04,317,,12,26,142,,13,03,050,*78
$GPGSV,3,2,12,15,32,030,,18,63,278,,20,05,125,,23,36,342,*7C
$GPGSV,3,3,12,24,69,024,28,25,17,178,,29,14,204,,32,09,269,*7D
$GPGLL,,,,,124605.00,V,N*4E
20:46:05 | Long: Waiting... | Lat: Waiting...
$GPRMC,124606.00,V,,,,,,,060525,,,N*7E
$GPVTG,,,,,,,,,N*30
$GPGGA,124606.00,,,,,0,00,99.99,,,,,,*61
$GPGSA,A,1,,,,,,,,,,,,,99.99,99.99,99.99*30
$GPGSV,3,1,12,05,31,102,,10,04,317,,12,26,142,,13,03,050,*78
$GPGSV,3,2,12,15,32,030,,18,63,278,,20,05,125,,23,36,342,*7C
$GPGSV,3,3,12,24,69,024,,25,17,178,,29,14,204,,32,09,269,*77
$GPGLL,,,,,124606.00,V,N*4D
20:46:06 | Long: Waiting... | Lat: Waiting...
$GPRMC,124607.00,V,,,,,,,060525,,,N*7F
$GPVTG,,,,,,,,,N*30
$GPGGA,124607.00,,,,,0,00,99.99,,,,,,*60
$GPGSA,A,1,,,,,,,,,,,,,99.99,99.99,99.99*30
$GPGSV,3,1,12,05,31,102,,10,04,317,,12,26,142,,13,03,050,*78
$GPGSV,3,2,12,15,32,030,,18,63,278,,20,05,125,,23,36,342,*7C
$GPGSV,3,3,12,24,69,024,,25,17,178,,29,14,204,,32,09,269,*77
$GPGLL,,,,,124607.00,V,N*4C
20:46:07 | Long: Waiting... | Lat: Waiting...
$GPRMC,124608.00,V,,,,,,,060525,,,N*70
$GPVTG,,,,,,,,,N*30
$GPGGA,124608.00,,,,,0,00,99.99,,,,,,*6F
$GPGSA,A,1,,,,,,,,,,,,,99.99,99.99,99.99*30
$GPGSV,3,1,12,05,31,102,,10,04,317,,12,26,142,,13,03,050,*78
$GPGSV,3,2,12,15,32,030,,18,63,278,,20,05,125,,23,36,342,*7C
$GPGSV,3,3,12,24,69,024,,25,17,178,23,29,14,204,,32,09,269,*76
$GPGLL,,,,,124608.00,V,N*43
20:46:08 | Long: Waiting... | Lat: Waiting...
$GPRMC,124609.00,V,,,,,,,060525,,,N*71
$GPVTG,,,,,,,,,N*30
$GPGGA,124609.00,,,,,0,00,99.99,,,,,,*6E
$GPGSA,A,1,,,,,,,,,,,,,99.99,99.99,99.99*30
$GPGSV,3,1,12,05,31,102,,10,04,317,,12,26,142,,13,03,050,*78
$GPGSV,3,2,12,15,32,030,,18,63,278,,20,05,125,,23,36,342,*7C
$GPGSV,3,3,12,24,69,024,,25,17,178,,29,14,204,,32,09,269,*77
$GPGLL,,,,,124609.00,V,N*42
20:46:09 | Long: Waiting... | Lat: Waiting...
$GPRMC,124610.00,V,,,,,,,060525,,,N*79
$GPVTG,,,,,,,,,N*30
$GPGGA,124610.00,,,,,0,00,99.99,,,,,,*66
$GPGSA,A,1,,,,,,,,,,,,,99.99,99.99,99.99*30
$GPGSV,3,1,12,05,31,102,,10,04,317,,12,26,142,,13,03,050,*78
$GPGSV,3,2,12,15,32,030,,18,63,278,,20,05,125,,23,36,342,*7C
$GPGSV,3,3,12,24,69,024,,25,17,178,,29,14,204,19,32,09,269,*7F
$GPGLL,,,,,124610.00,V,N*4A
20:46:10 | Long: Waiting... | Lat: Waiting...
$GPRMC,124611.00,V,,,,,,,060525,,,N*78
$GPVTG,,,,,,,,,N*30
$GPGGA,124611.00,,,,,0,00,99.99,,,,,,*67
$GPGSA,A,1,,,,,,,,,,,,,99.99,99.99,99.99*30
$GPGSV,3,1,12,05,31,102,,10,04,317,,12,26,142,,13,03,050,*78
$GPGSV,3,2,12,15,32,030,,18,63,278,,20,05,125,,23,36,342,*7C
$GPGSV,3,3,12,24,68,024,,25,17,178,,29,14,204,,32,09,269,*76
$GPGLL,,,,,124611.00,V,N*4B
20:46:11 | Long: Waiting... | Lat: Waiting...
$GPRMC,124612.00,V,,,,,,,060525,,,N*7B
$GPVTG,,,,,,,,,N*30
$GPGGA,124612.00,,,,,0,00,99.99,,,,,,*64
$GPGSA,A,1,,,,,,,,,,,,,99.99,99.99,99.99*30
$GPGSV,3,1,12,05,31,102,,10,04,317,,12,26,142,,13,03,050,*78
$GPGSV,3,2,12,15,32,030,,18,63,278,,20,05,125,,23,36,342,*7C
$GPGSV,3,3,12,24,68,024,,25,17,178,,29,14,204,,32,09,269,*76
$GPGLL,,,,,124612.00,V,N*48
20:46:12 | Long: Waiting... | Lat: Waiting...
$GPRMC,124613.00,V,,,,,,,060525,,,N*7A
$GPVTG,,,,,,,,,N*30
$GPGGA,124613.00,,,,,0,00,99.99,,,,,,*65
$GPGSA,A,1,,,,,,,,,,,,,99.99,99.99,99.99*30
$GPGSV,3,1,12,05,31,102,,10,04,317,24,12,26,142,,13,03,050,*7E
$GPGSV,3,2,12,15,32,030,,18,63,278,,20,05,125,,23,36,342,*7C
$GPGSV,3,3,12,24,68,024,,25,17,178,,29,14,204,,32,09,269,*76
$GPGLL,,,,,124613.00,V,N*49
20:46:13 | Long: Waiting... | Lat: Waiting...
$GPRMC,124614.00,V,,,,,,,060525,,,N*7D
$GPVTG,,,,,,,,,N*30
$GPGGA,124614.00,,,,,0,00,99.99,,,,,,*62
$GPGSA,A,1,,,,,,,,,,,,,99.99,99.99,99.99*30
$GPGSV,3,1,12,05,31,102,,10,04,317,,12,26,142,,13,03,050,*78
$GPGSV,3,2,12,15,32,030,,18,63,278,,20,05,125,,23,36,342,*7C
$GPGSV,3,3,12,24,68,024,,25,17,178,,29,14,203,,32,09,269,*71
$GPGLL,,,,,124614.00,V,N*4E
20:46:14 | Long: Waiting... | Lat: Waiting...
$GPRMC,124615.00,V,,,,,,,060525,,,N*7C
$GPVTG,,,,,,,,,N*30
$GPGGA,124615.00,,,,,0,00,99.99,,,,,,*63
$GPGSA,A,1,,,,,,,,,,,,,99.99,99.99,99.99*30
$GPGSV,3,1,12,05,31,102,,10,04,317,,12,26,142,25,13,03,050,*7F
$GPGSV,3,2,12,15,32,030,,18,63,278,,20,05,125,,23,36,342,*7C
$GPGSV,3,3,12,24,68,024,,25,17,178,,29,14,203,,32,09,269,*71
$GPGLL,,,,,124615.00,V,N*4F
20:46:15 | Long: Waiting... | Lat: Waiting...
$GPRMC,124616.00,V,,,,,,,060525,,,N*7F
$GPVTG,,,,,,,,,N*30
$GPGGA,124616.00,,,,,0,00,99.99,,,,,,*60
$GPGSA,A,1,,,,,,,,,,,,,99.99,99.99,99.99*30
$GPGSV,3,1,12,05,31,102,,10,04,317,,12,26,142,,13,03,050,*78
$GPGSV,3,2,12,15,32,030,,18,63,278,,20,05,125,,23,36,342,*7C
$GPGSV,3,3,12,24,68,024,,25,17,178,,29,14,203,,32,09,269,*71
$GPGLL,,,,,124616.00,V,N*4C
20:46:16 | Long: Waiting... | Lat: Waiting...
$GPRMC,124617.00,V,,,,,,,060525,,,N*7E
$GPVTG,,,,,,,,,N*30
$GPGGA,124617.00,,,,,0,00,99.99,,,,,,*61
$GPGSA,A,1,,,,,,,,,,,,,99.99,99.99,99.99*30
$GPGSV,3,1,12,05,31,102,,10,04,317,,12,26,142,,13,03,050,*78
$GPGSV,3,2,12,15,32,030,,18,63,278,,20,05,125,,23,36,342,25*7B
$GPGSV,3,3,12,24,68,024,,25,17,178,,29,14,203,,32,09,269,*71
$GPGLL,,,,,124617.00,V,N*4D
20:46:17 | Long: Waiting... | Lat: Waiting...
$GPRMC,124618.00,V,,,,,,,060525,,,N*71
$GPVTG,,,,,,,,,N*30
$GPGGA,124618.00,,,,,0,00,99.99,,,,,,*6E
$GPGSA,A,1,,,,,,,,,,,,,99.99,99.99,99.99*30
$GPGSV,3,1,12,05,31,102,,10,04,317,,12,26,142,,13,03,050,*78
$GPGSV,3,2,12,15,32,030,,18,63,278,,20,05,125,,23,36,342,*7C
$GPGSV,3,3,12,24,68,024,,25,17,178,,29,14,203,,32,09,269,*71
$GPGLL,,,,,124618.00,V,N*42
20:46:18 | Long: Waiting... | Lat: Waiting...
$GPRMC,124619.00,V,,,,,,,060525,,,N*70
$GPVTG,,,,,,,,,N*30
$GPGGA,124619.00,,,,,0,00,99.99,,,,,,*6F
$GPGSA,A,1,,,,,,,,,,,,,99.99,99.99,99.99*30
$GPGSV,3,1,12,05,31,102,,10,04,317,,12,26,142,,13,03,050,*78
$GPGSV,3,2,12,15,32,030,,18,63,278,,20,05,125,,23,36,342,*7C
$GPGSV,3,3,12,24,68,024,,25,17,178,,29,14,203,,32,09,269,*71
$GPGLL,,,,,124619.00,V,N*43
20:46:19 | Long: Waiting... | Lat: Waiting...
$GPRMC,124620.00,V,,,,,,,060525,,,N*7A
$GPVTG,,,,,,,,,N*30
$GPGGA,124620.00,,,,,0,00,99.99,,,,,,*65
$GPGSA,A,1,,,,,,,,,,,,,99.99,99.99,99.99*30
$GPGSV,3,1,12,05,31,102,,10,04,317,,12,26,142,,13,03,050,*78
$GPGSV,3,2,12,15,32,030,,18,63,278,,20,05,125,,23,36,342,*7C
$GPGSV,3,3,12,24,68,024,,25,17,178,,29,14,203,,32,09,269,*71
$GPGLL,,,,,124620.00,V,N*49
20:46:20 | Long: Waiting... | Lat: Waiting...
$GPRMC,124621.00,V,,,,,,,060525,,,N*7B
$GPVTG,,,,,,,,,N*30
$GPGGA,124621.00,,,,,0,00,99.99,,,,,,*64
$GPGSA,A,1,,,,,,,,,,,,,99.99,99.99,99.99*30
$GPGSV,3,1,12,05,31,102,,10,04,317,,12,26,142,,13,03,050,*78
$GPGSV,3,2,12,15,32,030,,18,63,278,,20,05,125,,23,36,342,*7C
$GPGSV,3,3,12,24,68,024,28,25,17,178,,29,14,203,,32,09,269,*7B
$GPGLL,,,,,124621.00,V,N*48
20:46:21 | Long: Waiting... | Lat: Waiting...
$GPRMC,124622.00,V,,,,,,,060525,,,N*78
$GPVTG,,,,,,,,,N*30
$GPGGA,124622.00,,,,,0,00,99.99,,,,,,*67
$GPGSA,A,1,,,,,,,,,,,,,99.99,99.99,99.99*30
$GPGSV,3,1,12,05,31,102,,10,04,317,,12,26,142,,13,03,050,*78
$GPGSV,3,2,12,15,32,030,,18,63,278,,20,05,125,,23,36,342,*7C
$GPGSV,3,3,12,24,68,024,,25,17,178,26,29,14,203,,32,09,269,*75
$GPGLL,,,,,124622.00,V,N*4B
20:46:22 | Long: Waiting... | Lat: Waiting...
$GPRMC,124623.00,V,,,,,,,060525,,,N*79
$GPVTG,,,,,,,,,N*30
$GPGGA,124623.00,,,,,0,00,99.99,,,,,,*66
$GPGSA,A,1,,,,,,,,,,,,,99.99,99.99,99.99*30
$GPGSV,3,1,12,05,31,102,,10,04,317,,12,26,142,,13,03,050,*78
$GPGSV,3,2,12,15,32,030,,18,63,278,,20,05,125,,23,36,342,*7C
$GPGSV,3,3,12,24,68,024,,25,17,178,,29,14,203,,32,09,269,*71
$GPGLL,,,,,124623.00,V,N*4A
20:46:23 | Long: Waiting... | Lat: Waiting...
$GPRMC,124624.00,V,,,,,,,060525,,,N*7E
$GPVTG,,,,,,,,,N*30
$GPGGA,124624.00,,,,,0,00,99.99,,,,,,*61
$GPGSA,A,1,,,,,,,,,,,,,99.99,99.99,99.99*30
$GPGSV,3,1,12,05,31,102,,10,04,317,,12,26,142,,13,03,050,*78
$GPGSV,3,2,12,15,32,030,,18,63,278,,20,05,125,,23,36,342,*7C
$GPGSV,3,3,12,24,68,024,,25,17,178,,29,14,203,,32,09,269,*71
$GPGLL,,,,,124624.00,V,N*4D
20:46:24 | Long: Waiting... | Lat: Waiting...
$GPRMC,124625.00,V,,,,,,,060525,,,N*7F
$GPVTG,,,,,,,,,N*30
$GPGGA,124625.00,,,,,0,00,99.99,,,,,,*60
$GPGSA,A,1,,,,,,,,,,,,,99.99,99.99,99.99*30
$GPGSV,3,1,12,05,31,102,,10,04,317,,12,26,142,,13,03,050,*78
$GPGSV,3,2,12,15,32,030,,18,63,278,,20,05,125,,23,36,342,*7C
$GPGSV,3,3,12,24,68,024,,25,17,178,,29,14,203,,32,09,269,*71
$GPGLL,,,,,124625.00,V,N*4C
20:46:25 | Long: Waiting... | Lat: Waiting...
$GPRMC,124626.00,V,,,,,,,060525,,,N*7C
$GPVTG,,,,,,,,,N*30
$GPGGA,124626.00,,,,,0,00,99.99,,,,,,*63
$GPGSA,A,1,,,,,,,,,,,,,99.99,99.99,99.99*30
$GPGSV,3,1,12,05,31,102,,10,04,317,,12,26,142,,13,03,050,*78
$GPGSV,3,2,12,15,32,030,,18,63,278,,20,05,125,,23,36,342,*7C
$GPGSV,3,3,12,24,68,024,,25,17,178,,29,14,203,,32,09,269,*71
$GPGLL,,,,,124626.00,V,N*4F
20:46:26 | Long: Waiting... | Lat: Waiting...
$GPRMC,124627.00,V,,,,,,,060525,,,N*7D
$GPVTG,,,,,,,,,N*30
$GPGGA,124627.00,,,,,0,00,99.99,,,,,,*62
$GPGSA,A,1,,,,,,,,,,,,,99.99,99.99,99.99*30
$GPGSV,3,1,12,05,31,102,,10,04,317,,12,26,142,,13,03,050,*78
$GPGSV,3,2,12,15,32,030,,18,63,278,,20,05,125,,23,36,342,*7C
$GPGSV,3,3,12,24,68,024,,25,17,178,,29,14,203,,32,09,269,*71
$GPGLL,,,,,124627.00,V,N*4E
20:46:27 | Long: Waiting... | Lat: Waiting...
$GPRMC,124628.00,V,,,,,,,060525,,,N*72
$GPVTG,,,,,,,,,N*30
$GPGGA,124628.00,,,,,0,00,99.99,,,,,,*6D
$GPGSA,A,1,,,,,,,,,,,,,99.99,99.99,99.99*30
$GPGSV,3,1,12,05,31,102,,10,04,317,,12,26,142,,13,03,050,*78
$GPGSV,3,2,12,15,32,030,,18,63,278,,20,05,125,,23,36,342,*7C
$GPGSV,3,3,12,24,68,024,,25,17,178,,29,14,203,,32,09,269,*71
$GPGLL,,,,,124628.00,V,N*41
20:46:28 | Long: Waiting... | Lat: Waiting...
$GPRMC,124629.00,V,,,,,,,060525,,,N*73
$GPVTG,,,,,,,,,N*30
$GPGGA,124629.00,,,,,0,00,99.99,,,,,,*6C
$GPGSA,A,1,,,,,,,,,,,,,99.99,99.99,99.99*30
$GPGSV,3,1,12,05,31,102,,10,04,317,,12,26,142,,13,03,050,*78
$GPGSV,3,2,12,15,32,030,,18,63,278,,20,05,125,,23,36,342,*7C
$GPGSV,3,3,12,24,68,024,,25,17,178,,29,14,203,,32,09,269,*71
$GPGLL,,,,,124629.00,V,N*40
20:46:29 | Long: Waiting... | Lat: Waiting...
$GPRMC,124630.00,V,,,,,,,060525,,,N*7B
$GPVTG,,,,,,,,,N*30
$GPGGA,124630.00,,,,,0,00,99.99,,,,,,*64
$GPGSA,A,1,,,,,,,,,,,,,99.99,99.99,99.99*30
$GPGSV,3,1,12,05,31,102,,10,04,317,,12,26,142,,13,03,050,*78
$GPGSV,3,2,12,15,32,030,,18,63,278,,20,05,125,,23,36,342,*7C
$GPGSV,3,3,12,24,68,024,,25,17,178,,29,14,203,,32,09,269,*71
$GPGLL,,,,,124630.00,V,N*48
20:46:30 | Long: Waiting... | Lat: Waiting...
$GPRMC,124631.00,V,,,,,,,060525,,,N*7A
$GPVTG,,,,,,,,,N*30
$GPGGA,124631.00,,,,,0,00,99.99,,,,,,*65
$GPGSA,A,1,,,,,,,,,,,,,99.99,99.99,99.99*30
$GPGSV,3,1,12,05,31,102,,10,04,317,25,12,26,142,,13,03,050,*7F
$GPGSV,3,2,12,15,32,030,,18,63,278,,20,05,125,,23,36,342,*7C
$GPGSV,3,3,12,24,68,024,,25,17,178,,29,14,203,,32,09,269,*71
$GPGLL,,,,,124631.00,V,N*49
20:46:31 | Long: Waiting... | Lat: Waiting...
$GPRMC,124632.00,V,,,,,,,060525,,,N*79
$GPVTG,,,,,,,,,N*30
$GPGGA,124632.00,,,,,0,00,99.99,,,,,,*66
$GPGSA,A,1,,,,,,,,,,,,,99.99,99.99,99.99*30
$GPGSV,3,1,12,05,31,102,,10,04,317,,12,26,142,20,13,03,050,*7A
$GPGSV,3,2,12,15,32,030,,18,63,278,,20,05,125,,23,36,342,*7C
$GPGSV,3,3,12,24,68,024,,25,17,178,,29,14,203,,32,09,269,*71
$GPGLL,,,,,124632.00,V,N*4A
20:46:32 | Long: Waiting... | Lat: Waiting...
$GPRMC,124633.00,V,,,,,,,060525,,,N*78
$GPVTG,,,,,,,,,N*30
$GPGGA,124633.00,,,,,0,00,99.99,,,,,,*67
$GPGSA,A,1,,,,,,,,,,,,,99.99,99.99,99.99*30
$GPGSV,3,1,12,05,31,102,,10,04,317,,12,26,142,,13,03,050,*78
$GPGSV,3,2,12,15,32,030,,18,63,278,,20,05,125,,23,36,342,*7C
$GPGSV,3,3,12,24,68,024,,25,17,178,,29,14,203,,32,09,269,*71
$GPGLL,,,,,124633.00,V,N*4B
20:46:33 | Long: Waiting... | Lat: Waiting...
$GPRMC,124634.00,V,,,,,,,060525,,,N*7F
$GPVTG,,,,,,,,,N*30
$GPGGA,124634.00,,,,,0,00,99.99,,,,,,*60
$GPGSA,A,1,,,,,,,,,,,,,99.99,99.99,99.99*30
$GPGSV,3,1,12,05,31,102,,10,04,317,,12,26,142,,13,03,050,*78
$GPGSV,3,2,12,15,32,030,,18,63,278,,20,05,125,,23,36,342,*7C
$GPGSV,3,3,12,24,68,024,,25,17,178,,29,14,203,,32,09,269,*71
$GPGLL,,,,,124634.00,V,N*4C
20:46:34 | Long: Waiting... | Lat: Waiting...
$GPRMC,124635.00,V,,,,,,,060525,,,N*7E
$GPVTG,,,,,,,,,N*30
$GPGGA,124635.00,,,,,0,00,99.99,,,,,,*61
$GPGSA,A,1,,,,,,,,,,,,,99.99,99.99,99.99*30
$GPGSV,3,1,12,05,31,102,,10,04,317,,12,26,142,,13,03,050,*78
$GPGSV,3,2,12,15,32,030,,18,63,278,,20,05,125,,23,36,342,*7C
$GPGSV,3,3,12,24,68,024,,25,17,178,,29,14,203,,32,09,269,*71
$GPGLL,,,,,124635.00,V,N*4D
20:46:35 | Long: Waiting... | Lat: Waiting...
$GPRMC,124636.00,V,,,,,,,060525,,,N*7D
$GPVTG,,,,,,,,,N*30
$GPGGA,124636.00,,,,,0,00,99.99,,,,,,*62
$GPGSA,A,1,,,,,,,,,,,,,99.99,99.99,99.99*30
$GPGSV,3,1,12,05,31,102,,10,04,317,,12,26,142,,13,03,050,*78
$GPGSV,3,2,12,15,32,030,,18,63,278,,20,05,125,,23,36,342,*7C
$GPGSV,3,3,12,24,68,024,,25,17,178,,29,14,203,,32,09,269,*71
$GPGLL,,,,,124636.00,V,N*4E
20:46:36 | Long: Waiting... | Lat: Waiting...
$GPRMC,124637.00,V,,,,,,,060525,,,N*7C
$GPVTG,,,,,,,,,N*30
$GPGGA,124637.00,,,,,0,00,99.99,,,,,,*63
$GPGSA,A,1,,,,,,,,,,,,,99.99,99.99,99.99*30
$GPGSV,3,1,12,05,31,103,,10,04,317,,12,26,142,,13,03,050,*79
$GPGSV,3,2,12,15,32,030,,18,63,278,,20,05,125,,23,36,342,*7C
$GPGSV,3,3,12,24,68,024,,25,17,178,,29,14,203,,32,09,269,*71
$GPGLL,,,,,124637.00,V,N*4F
20:46:37 | Long: Waiting... | Lat: Waiting...
$GPRMC,124638.00,V,,,,,,,060525,,,N*73
$GPVTG,,,,,,,,,N*30
$GPGGA,124638.00,,,,,0,00,99.99,,,,,,*6C
$GPGSA,A,1,,,,,,,,,,,,,99.99,99.99,99.99*30
$GPGSV,3,1,12,05,31,103,,10,04,317,,12,26,142,,13,03,050,*79
$GPGSV,3,2,12,15,32,030,,18,63,278,,20,05,125,,23,36,342,*7C
$GPGSV,3,3,12,24,68,024,,25,17,178,,29,14,203,,32,09,269,*71
$GPGLL,,,,,124638.00,V,N*40
20:46:38 | Long: Waiting... | Lat: Waiting...
$GPRMC,124639.00,V,,,,,,,060525,,,N*72
$GPVTG,,,,,,,,,N*30
$GPGGA,124639.00,,,,,0,00,99.99,,,,,,*6D
$GPGSA,A,1,,,,,,,,,,,,,99.99,99.99,99.99*30
$GPGSV,3,1,12,05,31,103,,10,04,317,,12,26,142,,13,03,050,*79
$GPGSV,3,2,12,15,32,030,,18,63,278,,20,05,125,,23,36,342,*7C
$GPGSV,3,3,12,24,68,024,,25,17,178,,29,14,203,,32,09,269,*71
$GPGLL,,,,,124639.00,V,N*41
20:46:39 | Long: Waiting... | Lat: Waiting...
$GPRMC,124640.00,V,,,,,,,060525,,,N*7C
$GPVTG,,,,,,,,,N*30
$GPGGA,124640.00,,,,,0,00,99.99,,,,,,*63
$GPGSA,A,1,,,,,,,,,,,,,99.99,99.99,99.99*30
$GPGSV,3,1,12,05,31,103,,10,04,318,,12,26,142,,13,03,050,*76
$GPGSV,3,2,12,15,32,030,,18,63,278,,20,05,125,,23,36,342,*7C
$GPGSV,3,3,12,24,68,024,,25,17,178,,29,14,203,,32,09,269,*71
$GPGLL,,,,,124640.00,V,N*4F
20:46:40 | Long: Waiting... | Lat: Waiting...
$GPRMC,124641.00,V,,,,,,,060525,,,N*7D
$GPVTG,,,,,,,,,N*30
$GPGGA,124641.00,,,,,0,00,99.99,,,,,,*62
$GPGSA,A,1,,,,,,,,,,,,,99.99,99.99,99.99*30
$GPGSV,3,1,12,05,31,103,,10,04,318,,12,26,142,,13,03,050,*76
$GPGSV,3,2,12,15,32,030,,18,63,278,,20,05,125,,23,36,342,*7C
$GPGSV,3,3,12,24,68,024,,25,17,178,20,29,14,203,,32,09,269,*73
$GPGLL,,,,,124641.00,V,N*4E
20:46:41 | Long: Waiting... | Lat: Waiting...
$GPRMC,124642.00,V,,,,,,,060525,,,N*7E
$GPVTG,,,,,,,,,N*30
$GPGGA,124642.00,,,,,0,00,99.99,,,,,,*61
$GPGSA,A,1,,,,,,,,,,,,,99.99,99.99,99.99*30
$GPGSV,3,1,12,05,31,103,,10,04,318,,12,26,142,,13,03,050,*76
$GPGSV,3,2,12,15,32,031,,18,63,278,,20,05,125,,23,36,342,*7D
$GPGSV,3,3,12,24,68,024,,25,17,178,,29,14,203,,32,09,269,*71
$GPGLL,,,,,124642.00,V,N*4D
20:46:42 | Long: Waiting... | Lat: Waiting...
$GPRMC,124643.00,V,,,,,,,060525,,,N*7F
$GPVTG,,,,,,,,,N*30
$GPGGA,124643.00,,,,,0,00,99.99,,,,,,*60
$GPGSA,A,1,,,,,,,,,,,,,99.99,99.99,99.99*30
$GPGSV,3,1,12,05,31,103,,10,04,318,,12,26,142,,13,03,050,*76
$GPGSV,3,2,12,15,32,031,,18,63,278,,20,05,125,,23,36,342,*7D
$GPGSV,3,3,12,24,68,024,,25,17,178,,29,14,203,21,32,09,269,28*78
$GPGLL,,,,,124643.00,V,N*4C
20:46:43 | Long: Waiting... | Lat: Waiting...
$GPRMC,124644.00,V,,,,,,,060525,,,N*78
$GPVTG,,,,,,,,,N*30
$GPGGA,124644.00,,,,,0,00,99.99,,,,,,*67
$GPGSA,A,1,,,,,,,,,,,,,99.99,99.99,99.99*30
$GPGSV,3,1,12,05,31,103,,10,04,318,,12,26,142,,13,03,050,*76
$GPGSV,3,2,12,15,32,031,,18,63,277,,20,05,125,,23,36,342,*72
$GPGSV,3,3,12,24,68,024,,25,17,178,,29,14,203,,32,09,269,*71
$GPGLL,,,,,124644.00,V,N*4B
20:46:44 | Long: Waiting... | Lat: Waiting...
$GPRMC,124645.00,V,,,,,,,060525,,,N*79
$GPVTG,,,,,,,,,N*30
$GPGGA,124645.00,,,,,0,00,99.99,,,,,,*66
$GPGSA,A,1,,,,,,,,,,,,,99.99,99.99,99.99*30
$GPGSV,3,1,12,05,31,103,23,10,04,318,,12,26,142,,13,03,050,*77
$GPGSV,3,2,12,15,32,031,,18,63,277,,20,05,125,,23,36,342,*72
$GPGSV,3,3,12,24,68,024,,25,17,178,,29,14,203,,32,09,269,*71
$GPGLL,,,,,124645.00,V,N*4A
20:46:45 | Long: Waiting... | Lat: Waiting...
$GPRMC,124646.00,V,,,,,,,060525,,,N*7A
$GPVTG,,,,,,,,,N*30
$GPGGA,124646.00,,,,,0,00,99.99,,,,,,*65
$GPGSA,A,1,,,,,,,,,,,,,99.99,99.99,99.99*30
$GPGSV,3,1,12,05,31,103,,10,04,318,,12,26,142,,13,03,050,*76
$GPGSV,3,2,12,15,32,031,,18,63,277,,20,05,125,,23,37,343,*72
$GPGSV,3,3,12,24,68,024,,25,17,178,,29,14,203,,32,09,269,*71
$GPGLL,,,,,124646.00,V,N*49
20:46:46 | Long: Waiting... | Lat: Waiting...
$GPRMC,124647.00,V,,,,,,,060525,,,N*7B
$GPVTG,,,,,,,,,N*30
$GPGGA,124647.00,,,,,0,00,99.99,,,,,,*64
$GPGSA,A,1,,,,,,,,,,,,,99.99,99.99,99.99*30
$GPGSV,3,1,12,05,31,103,,10,04,318,25,12,26,142,,13,03,050,*71
$GPGSV,3,2,12,15,32,031,,18,63,277,,20,05,125,,23,37,343,*72
$GPGSV,3,3,12,24,68,024,,25,17,178,,29,14,203,,32,09,269,*71
$GPGLL,,,,,124647.00,V,N*48
20:46:47 | Long: Waiting... | Lat: Waiting...
$GPRMC,124648.00,V,,,,,,,060525,,,N*74
$GPVTG,,,,,,,,,N*30
$GPGGA,124648.00,,,,,0,00,99.99,,,,,,*6B
$GPGSA,A,1,,,,,,,,,,,,,99.99,99.99,99.99*30
$GPGSV,3,1,12,05,31,103,,10,04,318,,12,26,142,,13,03,050,*76
$GPGSV,3,2,12,15,32,031,,18,63,277,,20,05,125,,23,37,343,*72
$GPGSV,3,3,12,24,68,024,,25,17,178,,29,14,203,,32,09,269,*71
$GPGLL,,,,,124648.00,V,N*47
20:46:48 | Long: Waiting... | Lat: Waiting...
$GPRMC,124649.00,V,,,,,,,060525,,,N*75
$GPVTG,,,,,,,,,N*30
$GPGGA,124649.00,,,,,0,00,99.99,,,,,,*6A
$GPGSA,A,1,,,,,,,,,,,,,99.99,99.99,99.99*30
$GPGSV,3,1,12,05,31,103,,10,04,318,,12,26,142,25,13,03,050,*71
$GPGSV,3,2,12,15,32,031,,18,63,277,,20,05,125,,23,37,343,*72
$GPGSV,3,3,12,24,68,024,,25,17,178,,29,14,203,,32,09,269,*71
$GPGLL,,,,,124649.00,V,N*46
20:46:49 | Long: Waiting... | Lat: Waiting...
$GPRMC,124650.00,V,,,,,,,060525,,,N*7D
$GPVTG,,,,,,,,,N*30
$GPGGA,124650.00,,,,,0,00,99.99,,,,,,*62
$GPGSA,A,1,,,,,,,,,,,,,99.99,99.99,99.99*30
$GPGSV,3,1,12,05,31,103,,10,04,318,,12,26,142,,13,03,050,*76
$GPGSV,3,2,12,15,32,031,,18,63,277,,20,05,125,,23,37,343,*72
$GPGSV,3,3,12,24,68,024,,25,17,178,,29,14,203,,32,09,269,*71
$GPGLL,,,,,124650.00,V,N*4E
20:46:50 | Long: Waiting... | Lat: Waiting...
$GPRMC,124651.00,V,,,,,,,060525,,,N*7C
$GPVTG,,,,,,,,,N*30
$GPGGA,124651.00,,,,,0,00,99.99,,,,,,*63
$GPGSA,A,1,,,,,,,,,,,,,99.99,99.99,99.99*30
$GPGSV,3,1,12,05,31,103,,10,04,318,,12,26,142,,13,03,050,*76
$GPGSV,3,2,12,15,32,031,,18,63,277,,20,05,125,,23,37,343,*72
$GPGSV,3,3,12,24,68,024,,25,17,178,,29,14,203,,32,09,269,*71
$GPGLL,,,,,124651.00,V,N*4F
20:46:51 | Long: Waiting... | Lat: Waiting...
$GPRMC,124652.00,V,,,,,,,060525,,,N*7F
$GPVTG,,,,,,,,,N*30
$GPGGA,124652.00,,,,,0,00,99.99,,,,,,*60
$GPGSA,A,1,,,,,,,,,,,,,99.99,99.99,99.99*30
$GPGSV,3,1,12,05,31,103,,10,04,318,,12,26,142,,13,03,050,24*70
$GPGSV,3,2,12,15,32,031,,18,63,277,,20,05,125,,23,37,343,*72
$GPGSV,3,3,12,24,68,024,,25,17,178,,29,14,203,,32,09,269,*71
$GPGLL,,,,,124652.00,V,N*4C
20:46:52 | Long: Waiting... | Lat: Waiting...
$GPRMC,124653.00,V,,,,,,,060525,,,N*7E
$GPVTG,,,,,,,,,N*30
$GPGGA,124653.00,,,,,0,00,99.99,,,,,,*61
$GPGSA,A,1,,,,,,,,,,,,,99.99,99.99,99.99*30
$GPGSV,3,1,12,05,31,103,,10,04,318,,12,26,142,,13,03,050,*76
$GPGSV,3,2,12,15,32,031,25,18,63,277,,20,05,125,,23,37,343,*75
$GPGSV,3,3,12,24,68,024,,25,17,178,,29,14,203,,32,09,269,*71
$GPGLL,,,,,124653.00,V,N*4D
20:46:53 | Long: Waiting... | Lat: Waiting...
$GPRMC,124654.00,V,,,,,,,060525,,,N*79
$GPVTG,,,,,,,,,N*30
$GPGGA,124654.00,,,,,0,00,99.99,,,,,,*66
$GPGSA,A,1,,,,,,,,,,,,,99.99,99.99,99.99*30
$GPGSV,3,1,12,05,31,103,,10,04,318,,12,26,142,,13,03,050,*76
$GPGSV,3,2,12,15,32,031,,18,63,277,,20,05,125,,23,37,343,*72
$GPGSV,3,3,12,24,68,024,,25,17,178,,29,14,203,,32,09,269,*71
$GPGLL,,,,,124654.00,V,N*4A
20:46:54 | Long: Waiting... | Lat: Waiting...
$GPRMC,124655.00,V,,,,,,,060525,,,N*78
$GPVTG,,,,,,,,,N*30
$GPGGA,124655.00,,,,,0,00,99.99,,,,,,*67
$GPGSA,A,1,,,,,,,,,,,,,99.99,99.99,99.99*30
$GPGSV,3,1,12,05,31,103,,10,04,318,,12,26,142,,13,03,050,*76
$GPGSV,3,2,12,15,32,031,,18,63,277,,20,05,125,,23,37,343,*72
$GPGSV,3,3,12,24,68,024,,25,17,178,,29,14,203,,32,09,269,*71
$GPGLL,,,,,124655.00,V,N*4B
20:46:55 | Long: Waiting... | Lat: Waiting...
$GPRMC,124656.00,V,,,,,,,060525,,,N*7B
$GPVTG,,,,,,,,,N*30
$GPGGA,124656.00,,,,,0,00,99.99,,,,,,*64
$GPGSA,A,1,,,,,,,,,,,,,99.99,99.99,99.99*30
$GPGSV,3,1,12,05,31,103,,10,04,318,,12,26,142,,13,03,050,*76
$GPGSV,3,2,12,15,32,031,,18,63,277,20,20,05,125,,23,37,343,*70
$GPGSV,3,3,12,24,68,024,,25,17,178,,29,14,203,,32,09,269,*71
$GPGLL,,,,,124656.00,V,N*48
20:46:56 | Long: Waiting... | Lat: Waiting...
$GPRMC,124657.00,V,,,,,,,060525,,,N*7A
$GPVTG,,,,,,,,,N*30
$GPGGA,124657.00,,,,,0,00,99.99,,,,,,*65
$GPGSA,A,1,,,,,,,,,,,,,99.99,99.99,99.99*30
$GPGSV,3,1,12,05,31,103,,10,04,318,,12,26,142,,13,03,050,*76
$GPGSV,3,2,12,15,32,031,,18,63,277,,20,05,125,23,23,37,343,*73
$GPGSV,3,3,12,24,68,024,,25,17,178,,29,14,203,,32,09,269,*71
$GPGLL,,,,,124657.00,V,N*49
20:46:57 | Long: Waiting... | Lat: Waiting...
$GPRMC,124658.00,V,,,,,,,060525,,,N*75
$GPVTG,,,,,,,,,N*30
$GPGGA,124658.00,,,,,0,00,99.99,,,,,,*6A
$GPGSA,A,1,,,,,,,,,,,,,99.99,99.99,99.99*30
$GPGSV,3,1,12,05,31,103,,10,04,318,,12,26,142,,13,03,050,*76
$GPGSV,3,2,12,15,32,031,,18,63,277,,20,05,125,,23,37,343,*72
$GPGSV,3,3,12,24,68,024,,25,17,178,,29,14,203,,32,09,269,*71
$GPGLL,,,,,124658.00,V,N*46
20:46:58 | Long: Waiting... | Lat: Waiting...
$GPRMC,124659.00,V,,,,,,,060525,,,N*74
$GPVTG,,,,,,,,,N*30
$GPGGA,124659.00,,,,,0,00,99.99,,,,,,*6B
$GPGSA,A,1,,,,,,,,,,,,,99.99,99.99,99.99*30
$GPGSV,3,1,12,05,31,103,,10,04,318,,12,26,142,,13,03,050,*76
$GPGSV,3,2,12,15,32,031,,18,63,277,,20,05,125,,23,37,343,20*70
$GPGSV,3,3,12,24,68,024,,25,17,178,,29,14,203,,32,09,269,*71
$GPGLL,,,,,124659.00,V,N*47
20:46:59 | Long: Waiting... | Lat: Waiting...
$GPRMC,124700.00,V,,,,,,,060525,,,N*79
$GPVTG,,,,,,,,,N*30
$GPGGA,124700.00,,,,,0,00,99.99,,,,,,*66
$GPGSA,A,1,,,,,,,,,,,,,99.99,99.99,99.99*30
$GPGSV,3,1,12,05,31,103,,10,04,318,,12,26,142,,13,03,050,*76
$GPGSV,3,2,12,15,32,031,,18,63,277,,20,05,125,,23,37,343,*72
$GPGSV,3,3,12,24,68,024,,25,17,178,,29,14,203,,32,09,269,*71
$GPGLL,,,,,124700.00,V,N*4A
20:47:00 | Long: Waiting... | Lat: Waiting...
$GPRMC,124701.00,V,,,,,,,060525,,,N*78
$GPVTG,,,,,,,,,N*30
$GPGGA,124701.00,,,,,0,00,99.99,,,,,,*67
$GPGSA,A,1,,,,,,,,,,,,,99.99,99.99,99.99*30
$GPGSV,3,1,12,05,31,103,,10,04,318,,12,26,142,,13,03,050,*76
$GPGSV,3,2,12,15,32,031,,18,63,277,,20,05,125,,23,37,343,*72
$GPGSV,3,3,12,24,68,024,20,25,17,178,,29,14,203,,32,09,269,*73
$GPGLL,,,,,124701.00,V,N*4B
20:47:01 | Long: Waiting... | Lat: Waiting...
$GPRMC,124702.00,V,,,,,,,060525,,,N*7B
$GPVTG,,,,,,,,,N*30
$GPGGA,124702.00,,,,,0,00,99.99,,,,,,*64
$GPGSA,A,1,,,,,,,,,,,,,99.99,99.99,99.99*30
$GPGSV,3,1,12,05,31,103,,10,04,318,,12,26,142,,13,03,050,*76
$GPGSV,3,2,12,15,32,031,,18,63,277,,20,05,125,,23,37,343,*72
$GPGSV,3,3,12,24,68,024,,25,17,178,,29,14,203,,32,09,269,*71
$GPGLL,,,,,124702.00,V,N*48
20:47:02 | Long: Waiting... | Lat: Waiting...
$GPRMC,124703.00,V,,,,,,,060525,,,N*7A
$GPVTG,,,,,,,,,N*30
$GPGGA,124703.00,,,,,0,00,99.99,,,,,,*65
$GPGSA,A,1,,,,,,,,,,,,,99.99,99.99,99.99*30
$GPGSV,3,1,12,05,31,103,21,10,04,318,,12,26,142,,13,03,050,*75
$GPGSV,3,2,12,15,32,031,,18,63,277,,20,05,125,,23,37,343,*72
$GPGSV,3,3,12,24,68,024,,25,17,178,,29,14,203,,32,09,269,*71
$GPGLL,,,,,124703.00,V,N*49
20:47:03 | Long: Waiting... | Lat: Waiting...
$GPRMC,124704.00,V,,,,,,,060525,,,N*7D
$GPVTG,,,,,,,,,N*30
$GPGGA,124704.00,,,,,0,00,99.99,,,,,,*62
$GPGSA,A,1,,,,,,,,,,,,,99.99,99.99,99.99*30
$GPGSV,3,1,12,05,31,103,,10,04,318,26,12,26,142,,13,03,050,*72
$GPGSV,3,2,12,15,32,031,,18,63,277,,20,05,125,,23,37,343,*72
$GPGSV,3,3,12,24,68,024,,25,17,178,,29,14,203,,32,09,269,*71
$GPGLL,,,,,124704.00,V,N*4E
20:47:04 | Long: Waiting... | Lat: Waiting...
$GPRMC,124705.00,V,,,,,,,060525,,,N*7C
$GPVTG,,,,,,,,,N*30
$GPGGA,124705.00,,,,,0,00,99.99,,,,,,*63
$GPGSA,A,1,,,,,,,,,,,,,99.99,99.99,99.99*30
$GPGSV,3,1,12,05,31,103,,10,04,318,,12,26,142,,13,03,050,*76
$GPGSV,3,2,12,15,32,031,,18,63,277,,20,05,125,,23,37,343,*72
$GPGSV,3,3,12,24,68,024,,25,17,178,,29,14,203,,32,09,269,*71
$GPGLL,,,,,124705.00,V,N*4F
20:47:05 | Long: Waiting... | Lat: Waiting...
$GPRMC,124706.00,V,,,,,,,060525,,,N*7F
$GPVTG,,,,,,,,,N*30
$GPGGA,124706.00,,,,,0,00,99.99,,,,,,*60
$GPGSA,A,1,,,,,,,,,,,,,99.99,99.99,99.99*30
$GPGSV,3,1,12,05,31,103,,10,04,318,,12,26,142,22,13,03,050,*76
$GPGSV,3,2,12,15,32,031,,18,63,277,,20,05,125,,23,37,343,*72
$GPGSV,3,3,12,24,68,024,,25,17,178,,29,14,203,,32,09,269,*71
$GPGLL,,,,,124706.00,V,N*4C
20:47:06 | Long: Waiting... | Lat: Waiting...
$GPRMC,124707.00,V,,,,,,,060525,,,N*7E
$GPVTG,,,,,,,,,N*30
$GPGGA,124707.00,,,,,0,00,99.99,,,,,,*61
$GPGSA,A,1,,,,,,,,,,,,,99.99,99.99,99.99*30
$GPGSV,3,1,12,05,31,103,,10,04,318,,12,26,142,,13,03,050,*76
$GPGSV,3,2,12,15,32,031,,18,63,277,,20,05,125,,23,37,343,*72
$GPGSV,3,3,12,24,68,024,,25,17,178,,29,14,203,,32,09,269,*71
$GPGLL,,,,,124707.00,V,N*4D
20:47:07 | Long: Waiting... | Lat: Waiting...
$GPRMC,124708.00,V,,,,,,,060525,,,N*71
$GPVTG,,,,,,,,,N*30
$GPGGA,124708.00,,,,,0,00,99.99,,,,,,*6E
$GPGSA,A,1,,,,,,,,,,,,,99.99,99.99,99.99*30
$GPGSV,3,1,12,05,31,103,,10,04,318,,12,26,142,,13,03,050,*76
$GPGSV,3,2,12,15,32,031,,18,63,277,,20,05,125,,23,37,343,*72
$GPGSV,3,3,12,24,68,024,,25,17,178,,29,14,203,,32,09,269,*71
$GPGLL,,,,,124708.00,V,N*42
20:47:08 | Long: Waiting... | Lat: Waiting...
$GPRMC,124709.00,V,,,,,,,060525,,,N*70
$GPVTG,,,,,,,,,N*30
$GPGGA,124709.00,,,,,0,00,99.99,,,,,,*6F
$GPGSA,A,1,,,,,,,,,,,,,99.99,99.99,99.99*30
$GPGSV,3,1,12,05,31,103,,10,04,318,,12,26,142,,13,03,050,*76
$GPGSV,3,2,12,15,32,031,,18,63,277,,20,05,125,,23,37,343,*72
$GPGSV,3,3,12,24,68,024,,25,17,178,,29,14,203,,32,09,269,*71
$GPGLL,,,,,124709.00,V,N*43
20:47:09 | Long: Waiting... | Lat: Waiting...
$GPRMC,124710.00,V,,,,,,,060525,,,N*78
$GPVTG,,,,,,,,,N*30
$GPGGA,124710.00,,,,,0,00,99.99,,,,,,*67
$GPGSA,A,1,,,,,,,,,,,,,99.99,99.99,99.99*30
$GPGSV,3,1,12,05,31,103,,10,04,318,,12,26,142,,13,03,050,*76
$GPGSV,3,2,12,15,32,031,,18,63,277,,20,05,125,29,23,37,343,*79
$GPGSV,3,3,12,24,68,024,,25,17,178,,29,14,203,,32,09,269,*71
$GPGLL,,,,,124710.00,V,N*4B
20:47:10 | Long: Waiting... | Lat: Waiting...
$GPRMC,124711.00,V,,,,,,,060525,,,N*79
$GPVTG,,,,,,,,,N*30
$GPGGA,124711.00,,,,,0,00,99.99,,,,,,*66
$GPGSA,A,1,,,,,,,,,,,,,99.99,99.99,99.99*30
$GPGSV,3,1,12,05,31,103,,10,04,318,,12,26,142,,13,03,050,*76
$GPGSV,3,2,12,15,32,031,,18,63,277,,20,05,125,,23,37,343,22*72
$GPGSV,3,3,12,24,68,024,,25,17,178,,29,14,203,,32,09,269,*71
$GPGLL,,,,,124711.00,V,N*4A
20:47:11 | Long: Waiting... | Lat: Waiting...
$GPRMC,124712.00,V,,,,,,,060525,,,N*7A
$GPVTG,,,,,,,,,N*30
$GPGGA,124712.00,,,,,0,00,99.99,,,,,,*65
$GPGSA,A,1,,,,,,,,,,,,,99.99,99.99,99.99*30
$GPGSV,3,1,12,05,31,103,,10,04,318,,12,26,142,,13,03,050,*76
$GPGSV,3,2,12,15,32,031,,18,63,277,,20,05,125,,23,37,343,*72
$GPGSV,3,3,12,24,68,024,,25,17,178,,29,14,203,,32,09,269,*71
$GPGLL,,,,,124712.00,V,N*49
20:47:12 | Long: Waiting... | Lat: Waiting...
$GPRMC,124713.00,V,,,,,,,060525,,,N*7B
$GPVTG,,,,,,,,,N*30
$GPGGA,124713.00,,,,,0,00,99.99,,,,,,*64
$GPGSA,A,1,,,,,,,,,,,,,99.99,99.99,99.99*30
$GPGSV,3,1,12,05,31,103,,10,04,318,,12,26,142,,13,03,050,*76
$GPGSV,3,2,12,15,32,031,,18,63,277,,20,05,125,,23,37,343,*72
$GPGSV,3,3,12,24,68,024,,25,17,178,,29,14,203,,32,09,269,*71
$GPGLL,,,,,124713.00,V,N*48
20:47:13 | Long: Waiting... | Lat: Waiting...
$GPRMC,124714.00,V,,,,,,,060525,,,N*7C
$GPVTG,,,,,,,,,N*30
$GPGGA,124714.00,,,,,0,00,99.99,,,,,,*63
$GPGSA,A,1,,,,,,,,,,,,,99.99,99.99,99.99*30
$GPGSV,3,1,12,05,31,103,,10,04,318,,12,26,142,,13,03,050,*76
$GPGSV,3,2,12,15,32,031,,18,63,277,,20,05,125,,23,37,343,*72
$GPGSV,3,3,12,24,68,024,,25,17,178,,29,14,203,,32,09,269,*71
$GPGLL,,,,,124714.00,V,N*4F
20:47:14 | Long: Waiting... | Lat: Waiting...
$GPRMC,124715.00,V,,,,,,,060525,,,N*7D
$GPVTG,,,,,,,,,N*30
$GPGGA,124715.00,,,,,0,00,99.99,,,,,,*62
$GPGSA,A,1,,,,,,,,,,,,,99.99,99.99,99.99*30
$GPGSV,3,1,12,05,31,103,,10,04,318,,12,26,142,,13,03,050,*76
$GPGSV,3,2,12,15,32,031,,18,63,277,,20,05,125,,23,37,343,*72
$GPGSV,3,3,12,24,68,024,,25,17,178,,29,14,203,,32,09,269,*71
$GPGLL,,,,,124715.00,V,N*4E
20:47:15 | Long: Waiting... | Lat: Waiting...
$GPRMC,124716.00,V,,,,,,,060525,,,N*7E
$GPVTG,,,,,,,,,N*30
$GPGGA,124716.00,,,,,0,00,99.99,,,,,,*61
$GPGSA,A,1,,,,,,,,,,,,,99.99,99.99,99.99*30
$GPGSV,3,1,12,05,31,103,,10,04,318,,12,26,142,,13,03,050,*76
$GPGSV,3,2,12,15,32,031,,18,63,277,,20,05,125,,23,37,343,*72
$GPGSV,3,3,12,24,68,024,,25,17,178,24,29,14,203,,32,09,269,*77
$GPGLL,,,,,124716.00,V,N*4D
20:47:16 | Long: Waiting... | Lat: Waiting...
$GPRMC,124717.00,V,,,,,,,060525,,,N*7F
$GPVTG,,,,,,,,,N*30
$GPGGA,124717.00,,,,,0,00,99.99,,,,,,*60
$GPGSA,A,1,,,,,,,,,,,,,99.99,99.99,99.99*30
$GPGSV,3,1,12,05,31,103,,10,04,318,,12,26,142,,13,03,050,*76
$GPGSV,3,2,12,15,32,031,,18,63,277,,20,05,125,,23,37,343,*72
$GPGSV,3,3,12,24,68,024,,25,17,178,,29,14,203,21,32,09,269,*72
$GPGLL,,,,,124717.00,V,N*4C
20:47:17 | Long: Waiting... | Lat: Waiting...
$GPRMC,124718.00,V,,,,,,,060525,,,N*70
$GPVTG,,,,,,,,,N*30
$GPGGA,124718.00,,,,,0,00,99.99,,,,,,*6F
$GPGSA,A,1,,,,,,,,,,,,,99.99,99.99,99.99*30
$GPGSV,3,1,12,05,31,103,,10,04,318,,12,26,142,,13,03,050,*76
$GPGSV,3,2,12,15,32,031,,18,63,277,,20,05,125,,23,37,343,*72
$GPGSV,3,3,12,24,68,024,,25,17,178,,29,14,203,,32,09,269,20*73
$GPGLL,,,,,124718.00,V,N*43
20:47:18 | Long: Waiting... | Lat: Waiting...
$GPRMC,124719.00,V,,,,,,,060525,,,N*71
$GPVTG,,,,,,,,,N*30
$GPGGA,124719.00,,,,,0,00,99.99,,,,,,*6E
$GPGSA,A,1,,,,,,,,,,,,,99.99,99.99,99.99*30
$GPGSV,3,1,12,05,31,103,28,10,04,318,,12,26,142,,13,03,050,*7C
$GPGSV,3,2,12,15,32,031,,18,63,276,,20,05,125,,23,37,343,*73
$GPGSV,3,3,12,24,68,024,,25,17,178,,29,14,203,,32,09,269,*71
$GPGLL,,,,,124719.00,V,N*42
20:47:19 | Long: Waiting... | Lat: Waiting...
$GPRMC,124720.00,V,,,,,,,060525,,,N*7B
$GPVTG,,,,,,,,,N*30
$GPGGA,124720.00,,,,,0,00,99.99,,,,,,*64
$GPGSA,A,1,,,,,,,,,,,,,99.99,99.99,99.99*30
$GPGSV,3,1,12,05,31,103,,10,04,318,,12,26,142,,13,03,050,28*7C
$GPGSV,3,2,12,15,32,031,,18,63,276,,20,05,126,22,23,37,343,*70
$GPGSV,3,3,12,24,68,024,,25,17,178,,29,14,203,,32,09,269,*71
$GPGLL,,,,,124720.00,V,N*48
20:47:20 | Long: Waiting... | Lat: Waiting...
$GPRMC,124721.00,V,,,,,,,060525,,,N*7A
$GPVTG,,,,,,,,,N*30
$GPGGA,124721.00,,,,,0,00,99.99,,,,,,*65
$GPGSA,A,1,,,,,,,,,,,,,99.99,99.99,99.99*30
$GPGSV,3,1,12,05,31,103,,10,04,318,,12,26,142,19,13,03,050,*7E
$GPGSV,3,2,12,15,32,031,,18,63,276,,20,05,126,,23,37,343,*70
$GPGSV,3,3,12,24,68,024,24,25,17,178,,29,14,203,,32,09,269,*77
$GPGLL,,,,,124721.00,V,N*49
20:47:21 | Long: Waiting... | Lat: Waiting...
$GPRMC,124722.00,V,,,,,,,060525,,,N*79
$GPVTG,,,,,,,,,N*30
$GPGGA,124722.00,,,,,0,00,99.99,,,,,,*66
$GPGSA,A,1,,,,,,,,,,,,,99.99,99.99,99.99*30
$GPGSV,3,1,12,05,31,103,,10,04,318,,12,26,142,,13,03,050,*76
$GPGSV,3,2,12,15,32,031,,18,63,276,,20,05,126,,23,37,343,*70
$GPGSV,3,3,12,24,68,024,,25,17,178,,29,14,203,,32,09,269,*71
$GPGLL,,,,,124722.00,V,N*4A
20:47:22 | Long: Waiting... | Lat: Waiting...
$GPRMC,124723.00,V,,,,,,,060525,,,N*78
$GPVTG,,,,,,,,,N*30
$GPGGA,124723.00,,,,,0,00,99.99,,,,,,*67
$GPGSA,A,1,,,,,,,,,,,,,99.99,99.99,99.99*30
$GPGSV,3,1,12,05,31,103,,10,04,318,,12,26,142,,13,03,050,*76
$GPGSV,3,2,12,15,32,031,,18,63,276,,20,05,126,,23,37,343,*70
$GPGSV,3,3,12,24,68,024,,25,17,178,,29,14,203,,32,09,269,*71
$GPGLL,,,,,124723.00,V,N*4B
20:47:23 | Long: Waiting... | Lat: Waiting...
$GPRMC,124724.00,V,,,,,,,060525,,,N*7F
$GPVTG,,,,,,,,,N*30
$GPGGA,124724.00,,,,,0,00,99.99,,,,,,*60
$GPGSA,A,1,,,,,,,,,,,,,99.99,99.99,99.99*30
$GPGSV,3,1,12,05,31,103,,10,04,318,,12,26,142,,13,03,050,*76
$GPGSV,3,2,12,15,32,031,,18,63,276,,20,05,126,,23,37,343,*70
$GPGSV,3,3,12,24,68,024,,25,17,178,,29,14,203,,32,09,269,*71
$GPGLL,,,,,124724.00,V,N*4C
20:47:24 | Long: Waiting... | Lat: Waiting...
$GPRMC,124725.00,V,,,,,,,060525,,,N*7E
$GPVTG,,,,,,,,,N*30
$GPGGA,124725.00,,,,,0,00,99.99,,,,,,*61
$GPGSA,A,1,,,,,,,,,,,,,99.99,99.99,99.99*30
$GPGSV,3,1,12,05,31,103,,10,04,318,,12,26,142,,13,03,050,*76
$GPGSV,3,2,12,15,32,031,,18,63,276,,20,05,126,,23,37,343,*70
$GPGSV,3,3,12,24,68,024,,25,17,178,,29,14,203,,32,09,269,*71
$GPGLL,,,,,124725.00,V,N*4D
20:47:25 | Long: Waiting... | Lat: Waiting...
$GPRMC,124726.00,V,,,,,,,060525,,,N*7D
$GPVTG,,,,,,,,,N*30
$GPGGA,124726.00,,,,,0,00,99.99,,,,,,*62
$GPGSA,A,1,,,,,,,,,,,,,99.99,99.99,99.99*30
$GPGSV,3,1,12,05,31,103,,10,04,318,,12,26,142,,13,03,050,*76
$GPGSV,3,2,12,15,32,031,,18,63,276,,20,05,126,,23,37,343,*70
$GPGSV,3,3,12,24,68,024,,25,17,178,,29,14,203,,32,09,270,*79
$GPGLL,,,,,124726.00,V,N*4E
20:47:26 | Long: Waiting... | Lat: Waiting...
$GPRMC,124727.00,V,,,,,,,060525,,,N*7C
$GPVTG,,,,,,,,,N*30
$GPGGA,124727.00,,,,,0,00,99.99,,,,,,*63
$GPGSA,A,1,,,,,,,,,,,,,99.99,99.99,99.99*30
$GPGSV,3,1,12,05,31,103,,10,04,318,,12,26,142,,13,03,050,*76
$GPGSV,3,2,12,15,32,031,,18,63,276,,20,05,126,,23,37,343,*70
$GPGSV,3,3,12,24,68,024,,25,17,178,,29,14,203,,32,09,270,*79
$GPGLL,,,,,124727.00,V,N*4F
20:47:27 | Long: Waiting... | Lat: Waiting...
$GPRMC,124728.00,V,,,,,,,060525,,,N*73
$GPVTG,,,,,,,,,N*30
$GPGGA,124728.00,,,,,0,00,99.99,,,,,,*6C
$GPGSA,A,1,,,,,,,,,,,,,99.99,99.99,99.99*30
$GPGSV,3,1,12,05,31,103,,10,04,318,,12,26,142,,13,03,050,*76
$GPGSV,3,2,12,15,32,031,,18,63,276,,20,05,126,,23,37,343,*70
$GPGSV,3,3,12,24,68,024,,25,17,178,,29,14,203,,32,09,270,*79
$GPGLL,,,,,124728.00,V,N*40
20:47:28 | Long: Waiting... | Lat: Waiting...
$GPRMC,124729.00,V,,,,,,,060525,,,N*72
$GPVTG,,,,,,,,,N*30
$GPGGA,124729.00,,,,,0,00,99.99,,,,,,*6D
$GPGSA,A,1,,,,,,,,,,,,,99.99,99.99,99.99*30
$GPGSV,3,1,12,05,31,103,,10,04,318,,12,26,142,,13,03,050,*76
$GPGSV,3,2,12,15,32,031,,18,63,276,,20,05,126,,23,37,343,*70
$GPGSV,3,3,12,24,68,024,,25,17,178,,29,14,203,,32,09,270,*79
$GPGLL,,,,,124729.00,V,N*41
20:47:29 | Long: Waiting... | Lat: Waiting...
$GPRMC,124730.00,V,,,,,,,060525,,,N*7A
$GPVTG,,,,,,,,,N*30
$GPGGA,124730.00,,,,,0,00,99.99,,,,,,*65
$GPGSA,A,1,,,,,,,,,,,,,99.99,99.99,99.99*30
$GPGSV,3,1,12,05,31,103,,10,04,318,,12,26,142,,13,03,050,*76
$GPGSV,3,2,12,15,32,031,,18,63,276,,20,05,126,,23,37,343,20*72
$GPGSV,3,3,12,24,68,024,,25,17,178,,29,14,203,,32,09,270,*79
$GPGLL,,,,,124730.00,V,N*49
20:47:30 | Long: Waiting... | Lat: Waiting...
$GPRMC,124731.00,V,,,,,,,060525,,,N*7B
$GPVTG,,,,,,,,,N*30
$GPGGA,124731.00,,,,,0,00,99.99,,,,,,*64
$GPGSA,A,1,,,,,,,,,,,,,99.99,99.99,99.99*30
$GPGSV,3,1,12,05,31,103,,10,04,318,,12,26,142,,13,03,050,*76
$GPGSV,3,2,12,15,32,031,23,18,63,276,,20,05,126,,23,37,343,*71
$GPGSV,3,3,12,24,68,024,,25,17,178,,29,14,203,,32,09,270,*79
$GPGLL,,,,,124731.00,V,N*48
20:47:31 | Long: Waiting... | Lat: Waiting...
$GPRMC,124732.00,V,,,,,,,060525,,,N*78
$GPVTG,,,,,,,,,N*30
$GPGGA,124732.00,,,,,0,00,99.99,,,,,,*67
$GPGSA,A,1,,,,,,,,,,,,,99.99,99.99,99.99*30
$GPGSV,3,1,12,05,31,103,,10,04,318,,12,26,142,,13,03,050,*76
$GPGSV,3,2,12,15,32,031,,18,63,276,,20,05,126,,23,37,343,*70
$GPGSV,3,3,12,24,68,024,28,25,17,178,28,29,14,203,,32,09,270,*79
$GPGLL,,,,,124732.00,V,N*4B
20:47:32 | Long: Waiting... | Lat: Waiting...
$GPRMC,124733.00,V,,,,,,,060525,,,N*79
$GPVTG,,,,,,,,,N*30
$GPGGA,124733.00,,,,,0,00,99.99,,,,,,*66
$GPGSA,A,1,,,,,,,,,,,,,99.99,99.99,99.99*30
$GPGSV,3,1,12,05,31,103,,10,04,318,,12,26,142,,13,03,050,*76
$GPGSV,3,2,12,15,32,031,,18,63,276,,20,05,126,,23,37,343,*70
$GPGSV,3,3,12,24,68,024,,25,17,178,,29,14,203,,32,09,270,*79
$GPGLL,,,,,124733.00,V,N*4A
20:47:33 | Long: Waiting... | Lat: Waiting...
$GPRMC,124734.00,V,,,,,,,060525,,,N*7E
$GPVTG,,,,,,,,,N*30
$GPGGA,124734.00,,,,,0,00,99.99,,,,,,*61
$GPGSA,A,1,,,,,,,,,,,,,99.99,99.99,99.99*30
$GPGSV,3,1,12,05,31,103,,10,04,318,,12,26,142,,13,03,050,*76
$GPGSV,3,2,12,15,32,031,,18,63,276,,20,05,126,,23,37,343,*70
$GPGSV,3,3,12,24,68,024,,25,17,178,,29,14,203,,32,09,270,*79
$GPGLL,,,,,124734.00,V,N*4D
20:47:34 | Long: Waiting... | Lat: Waiting...
$GPRMC,124735.00,V,,,,,,,060525,,,N*7F
$GPVTG,,,,,,,,,N*30
$GPGGA,124735.00,,,,,0,00,99.99,,,,,,*60
$GPGSA,A,1,,,,,,,,,,,,,99.99,99.99,99.99*30
$GPGSV,3,1,12,05,31,103,,10,04,318,,12,26,142,,13,03,050,*76
$GPGSV,3,2,12,15,32,031,,18,63,276,,20,05,126,,23,37,343,*70
$GPGSV,3,3,12,24,68,024,,25,17,178,,29,14,203,,32,09,270,*79
$GPGLL,,,,,124735.00,V,N*4C
20:47:35 | Long: Waiting... | Lat: Waiting...
$GPRMC,124736.00,V,,,,,,,060525,,,N*7C
$GPVTG,,,,,,,,,N*30
$GPGGA,124736.00,,,,,0,00,99.99,,,,,,*63
$GPGSA,A,1,,,,,,,,,,,,,99.99,99.99,99.99*30
$GPGSV,3,1,12,05,31,103,,10,04,318,,12,26,142,,13,03,050,*76
$GPGSV,3,2,12,15,32,031,,18,63,276,,20,05,126,,23,37,343,*70
$GPGSV,3,3,12,24,68,024,,25,17,178,,29,14,203,,32,09,270,24*7F
$GPGLL,,,,,124736.00,V,N*4F
20:47:36 | Long: Waiting... | Lat: Waiting...
$GPRMC,124737.00,V,,,,,,,060525,,,N*7D
$GPVTG,,,,,,,,,N*30
$GPGGA,124737.00,,,,,0,00,99.99,,,,,,*62
$GPGSA,A,1,,,,,,,,,,,,,99.99,99.99,99.99*30
$GPGSV,3,1,12,05,31,103,,10,04,318,,12,26,142,,13,03,050,*76
$GPGSV,3,2,12,15,32,031,,18,63,276,,20,05,126,,23,37,343,*70
$GPGSV,3,3,12,24,68,024,,25,17,178,,29,14,203,,32,09,270,*79
$GPGLL,,,,,124737.00,V,N*4E
20:47:37 | Long: Waiting... | Lat: Waiting...
$GPRMC,124738.00,V,,,,,,,060525,,,N*72
$GPVTG,,,,,,,,,N*30
$GPGGA,124738.00,,,,,0,00,99.99,,,,,,*6D
$GPGSA,A,1,,,,,,,,,,,,,99.99,99.99,99.99*30
$GPGSV,3,1,12,05,31,103,,10,04,318,,12,26,142,,13,03,050,*76
$GPGSV,3,2,12,15,32,031,,18,63,276,,20,05,126,,23,37,343,*70
$GPGSV,3,3,12,24,68,024,,25,17,178,,29,14,203,,32,09,270,*79
$GPGLL,,,,,124738.00,V,N*41
20:47:38 | Long: Waiting... | Lat: Waiting...
$GPRMC,124739.00,V,,,,,,,060525,,,N*73
$GPVTG,,,,,,,,,N*30
$GPGGA,124739.00,,,,,0,00,99.99,,,,,,*6C
$GPGSA,A,1,,,,,,,,,,,,,99.99,99.99,99.99*30
$GPGSV,3,1,12,05,31,103,,10,04,318,,12,26,142,,13,03,050,*76
$GPGSV,3,2,12,15,32,031,,18,63,276,,20,05,126,,23,37,343,*70
$GPGSV,3,3,12,24,68,024,,25,17,178,,29,14,203,19,32,09,270,*71
$GPGLL,,,,,124739.00,V,N*40
20:47:39 | Long: Waiting... | Lat: Waiting...
$GPRMC,124740.00,V,,,,,,,060525,,,N*7D
$GPVTG,,,,,,,,,N*30
$GPGGA,124740.00,,,,,0,00,99.99,,,,,,*62
$GPGSA,A,1,,,,,,,,,,,,,99.99,99.99,99.99*30
$GPGSV,3,1,12,05,31,103,,10,04,318,24,12,26,142,,13,03,050,*70
$GPGSV,3,2,12,15,32,031,,18,63,276,,20,05,126,,23,37,343,*70
$GPGSV,3,3,12,24,68,024,,25,17,178,,29,14,203,,32,09,270,*79
$GPGLL,,,,,124740.00,V,N*4E
20:47:40 | Long: Waiting... | Lat: Waiting...
$GPRMC,124741.00,V,,,,,,,060525,,,N*7C
$GPVTG,,,,,,,,,N*30
$GPGGA,124741.00,,,,,0,00,99.99,,,,,,*63
$GPGSA,A,1,,,,,,,,,,,,,99.99,99.99,99.99*30
$GPGSV,3,1,12,05,31,103,,10,04,318,,12,26,142,,13,03,050,*76
$GPGSV,3,2,12,15,32,031,,18,63,276,,20,05,126,,23,37,343,*70
$GPGSV,3,3,12,24,68,024,,25,17,178,,29,14,203,,32,09,270,*79
$GPGLL,,,,,124741.00,V,N*4F
20:47:41 | Long: Waiting... | Lat: Waiting...
$GPRMC,124742.00,V,,,,,,,060525,,,N*7F
$GPVTG,,,,,,,,,N*30
$GPGGA,124742.00,,,,,0,00,99.99,,,,,,*60
$GPGSA,A,1,,,,,,,,,,,,,99.99,99.99,99.99*30
$GPGSV,3,1,12,05,31,103,,10,04,318,,12,26,142,,13,03,050,*76
$GPGSV,3,2,12,15,32,031,,18,63,276,,20,05,126,,23,37,343,*70
$GPGSV,3,3,12,24,68,024,,25,17,178,,29,14,203,,32,09,270,*79
$GPGLL,,,,,124742.00,V,N*4C
20:47:42 | Long: Waiting... | Lat: Waiting...
$GPRMC,124743.00,V,,,,,,,060525,,,N*7E
$GPVTG,,,,,,,,,N*30
$GPGGA,124743.00,,,,,0,00,99.99,,,,,,*61
$GPGSA,A,1,,,,,,,,,,,,,99.99,99.99,99.99*30
$GPGSV,3,1,12,05,31,103,,10,04,318,,12,26,142,,13,03,050,*76
$GPGSV,3,2,12,15,32,031,,18,63,276,,20,05,126,,23,37,343,*70
$GPGSV,3,3,12,24,68,024,,25,17,178,,29,14,203,,32,09,270,*79
$GPGLL,,,,,124743.00,V,N*4D
20:47:43 | Long: Waiting... | Lat: Waiting...
$GPRMC,124744.00,V,,,,,,,060525,,,N*79
$GPVTG,,,,,,,,,N*30
$GPGGA,124744.00,,,,,0,00,99.99,,,,,,*66
$GPGSA,A,1,,,,,,,,,,,,,99.99,99.99,99.99*30
$GPGSV,3,1,12,05,31,103,,10,04,318,,12,26,142,,13,03,050,*76
$GPGSV,3,2,12,15,32,031,,18,63,276,,20,05,126,,23,37,343,*70
$GPGSV,3,3,12,24,68,024,21,25,17,178,,29,14,203,,32,09,270,*7A
$GPGLL,,,,,124744.00,V,N*4A
20:47:44 | Long: Waiting... | Lat: Waiting...
$GPRMC,124745.00,V,,,,,,,060525,,,N*78
$GPVTG,,,,,,,,,N*30
$GPGGA,124745.00,,,,,0,00,99.99,,,,,,*67
$GPGSA,A,1,,,,,,,,,,,,,99.99,99.99,99.99*30
$GPGSV,3,1,12,05,31,103,,10,04,318,,12,26,142,,13,03,050,*76
$GPGSV,3,2,12,15,32,031,,18,63,276,,20,05,126,,23,37,343,*70
$GPGSV,3,3,12,24,68,024,17,25,17,178,,29,14,203,,32,09,270,*7F
$GPGLL,,,,,124745.00,V,N*4B
20:47:45 | Long: Waiting... | Lat: Waiting...
$GPRMC,124746.00,V,,,,,,,060525,,,N*7B
$GPVTG,,,,,,,,,N*30
$GPGGA,124746.00,,,,,0,00,99.99,,,,,,*64
$GPGSA,A,1,,,,,,,,,,,,,99.99,99.99,99.99*30
$GPGSV,3,1,12,05,31,103,,10,04,318,,12,26,142,,13,03,050,*76
$GPGSV,3,2,12,15,32,031,,18,63,276,,20,05,126,,23,37,343,*70
$GPGSV,3,3,12,24,68,024,,25,17,178,,29,14,203,,32,09,270,*79
$GPGLL,,,,,124746.00,V,N*48
20:47:46 | Long: Waiting... | Lat: Waiting...
$GPRMC,124747.00,V,,,,,,,060525,,,N*7A
$GPVTG,,,,,,,,,N*30
$GPGGA,124747.00,,,,,0,00,99.99,,,,,,*65
$GPGSA,A,1,,,,,,,,,,,,,99.99,99.99,99.99*30
$GPGSV,3,1,12,05,31,103,,10,04,318,,12,26,142,,13,03,050,*76
$GPGSV,3,2,12,15,32,031,,18,63,276,,20,05,126,,23,37,343,*70
$GPGSV,3,3,12,24,68,024,,25,17,178,,29,14,203,,32,09,270,*79
$GPGLL,,,,,124747.00,V,N*49
20:47:47 | Long: Waiting... | Lat: Waiting...
$GPRMC,124748.00,V,,,,,,,060525,,,N*75
$GPVTG,,,,,,,,,N*30
$GPGGA,124748.00,,,,,0,00,99.99,,,,,,*6A
$GPGSA,A,1,,,,,,,,,,,,,99.99,99.99,99.99*30
$GPGSV,3,1,12,05,30,103,,10,04,318,,12,26,142,,13,03,050,*77
$GPGSV,3,2,12,15,32,031,,18,63,276,,20,05,126,,23,37,343,*70
$GPGSV,3,3,12,24,68,024,,25,17,178,,29,14,203,,32,09,270,*79
$GPGLL,,,,,124748.00,V,N*46
20:47:48 | Long: Waiting... | Lat: Waiting...
$GPRMC,124749.00,V,,,,,,,060525,,,N*74
$GPVTG,,,,,,,,,N*30
$GPGGA,124749.00,,,,,0,00,99.99,,,,,,*6B
$GPGSA,A,1,,,,,,,,,,,,,99.99,99.99,99.99*30
$GPGSV,3,1,12,05,30,103,,10,04,318,,12,26,142,,13,03,050,*77
$GPGSV,3,2,12,15,32,031,,18,63,276,,20,05,126,,23,37,343,*70
$GPGSV,3,3,12,24,68,024,,25,17,178,25,29,14,203,,32,09,270,*7E
$GPGLL,,,,,124749.00,V,N*47
20:47:49 | Long: Waiting... | Lat: Waiting...
$GPRMC,124750.00,V,,,,,,,060525,,,N*7C
$GPVTG,,,,,,,,,N*30
$GPGGA,124750.00,,,,,0,00,99.99,,,,,,*63
$GPGSA,A,1,,,,,,,,,,,,,99.99,99.99,99.99*30
$GPGSV,3,1,12,05,30,103,,10,04,318,,12,26,142,,13,03,050,*77
$GPGSV,3,2,12,15,32,031,,18,63,276,,20,05,126,,23,37,343,*70
$GPGSV,3,3,12,24,68,024,,25,17,178,,29,14,203,,32,09,270,*79
$GPGLL,,,,,124750.00,V,N*4F
20:47:50 | Long: Waiting... | Lat: Waiting...
$GPRMC,124751.00,V,,,,,,,060525,,,N*7D
$GPVTG,,,,,,,,,N*30
$GPGGA,124751.00,,,,,0,00,99.99,,,,,,*62
$GPGSA,A,1,,,,,,,,,,,,,99.99,99.99,99.99*30
$GPGSV,3,1,12,05,30,103,,10,04,318,,12,26,142,,13,03,050,*77
$GPGSV,3,2,12,15,32,031,,18,63,276,,20,05,126,,23,37,343,*70
$GPGSV,3,3,12,24,68,024,,25,17,178,,29,14,203,,32,09,270,*79
$GPGLL,,,,,124751.00,V,N*4E
20:47:51 | Long: Waiting... | Lat: Waiting...
$GPRMC,124752.00,V,,,,,,,060525,,,N*7E
$GPVTG,,,,,,,,,N*30
$GPGGA,124752.00,,,,,0,00,99.99,,,,,,*61
$GPGSA,A,1,,,,,,,,,,,,,99.99,99.99,99.99*30
$GPGSV,3,1,12,05,30,103,,10,04,318,,12,26,141,,13,03,050,*74
$GPGSV,3,2,12,15,32,031,,18,63,276,,20,05,126,,23,37,343,*70
$GPGSV,3,3,12,24,68,024,,25,17,178,,29,14,203,,32,09,270,*79
$GPGLL,,,,,124752.00,V,N*4D
20:47:52 | Long: Waiting... | Lat: Waiting...
$GPRMC,124753.00,V,,,,,,,060525,,,N*7F
$GPVTG,,,,,,,,,N*30
$GPGGA,124753.00,,,,,0,00,99.99,,,,,,*60
$GPGSA,A,1,,,,,,,,,,,,,99.99,99.99,99.99*30
$GPGSV,3,1,12,05,30,103,,10,04,318,,12,26,141,,13,03,050,*74
$GPGSV,3,2,12,15,32,031,,18,63,276,,20,05,126,,23,37,343,*70
$GPGSV,3,3,12,24,68,024,,25,17,178,,29,14,203,,32,09,270,20*7B
$GPGLL,,,,,124753.00,V,N*4C
20:47:53 | Long: Waiting... | Lat: Waiting...
$GPRMC,124754.00,V,,,,,,,060525,,,N*78
$GPVTG,,,,,,,,,N*30
$GPGGA,124754.00,,,,,0,00,99.99,,,,,,*67
$GPGSA,A,1,,,,,,,,,,,,,99.99,99.99,99.99*30
$GPGSV,3,1,12,05,30,103,,10,04,318,,12,26,141,,13,03,050,*74
$GPGSV,3,2,12,15,32,031,,18,63,276,,20,05,126,,23,37,343,*70
$GPGSV,3,3,12,24,68,024,,25,17,178,,29,14,203,,32,09,270,*79
$GPGLL,,,,,124754.00,V,N*4B
20:47:54 | Long: Waiting... | Lat: Waiting...
$GPRMC,124755.00,V,,,,,,,060525,,,N*79
$GPVTG,,,,,,,,,N*30
$GPGGA,124755.00,,,,,0,00,99.99,,,,,,*66
$GPGSA,A,1,,,,,,,,,,,,,99.99,99.99,99.99*30
$GPGSV,3,1,12,05,30,103,25,10,04,318,,12,26,141,,13,03,050,*73
$GPGSV,3,2,12,15,32,031,,18,63,276,,20,05,126,,23,37,343,*70
$GPGSV,3,3,12,24,68,024,,25,17,178,,29,14,203,,32,09,270,*79
$GPGLL,,,,,124755.00,V,N*4A
20:47:55 | Long: Waiting... | Lat: Waiting...
$GPRMC,124756.00,V,,,,,,,060525,,,N*7A
$GPVTG,,,,,,,,,N*30
$GPGGA,124756.00,,,,,0,00,99.99,,,,,,*65
$GPGSA,A,1,,,,,,,,,,,,,99.99,99.99,99.99*30
$GPGSV,3,1,12,05,30,103,,10,04,318,,12,26,141,,13,03,050,*74
$GPGSV,3,2,12,15,32,031,,18,63,276,,20,05,126,,23,37,343,*70
$GPGSV,3,3,12,24,68,024,,25,17,178,,29,14,203,,32,09,270,*79
$GPGLL,,,,,124756.00,V,N*49
20:47:56 | Long: Waiting... | Lat: Waiting...
$GPRMC,124757.00,V,,,,,,,060525,,,N*7B
$GPVTG,,,,,,,,,N*30
$GPGGA,124757.00,,,,,0,00,99.99,,,,,,*64
$GPGSA,A,1,,,,,,,,,,,,,99.99,99.99,99.99*30
$GPGSV,3,1,12,05,30,103,,10,04,318,,12,26,141,,13,03,050,*74
$GPGSV,3,2,12,15,32,031,,18,63,276,,20,05,126,,23,37,343,*70
$GPGSV,3,3,12,24,68,024,,25,17,178,,29,14,203,,32,09,270,*79
$GPGLL,,,,,124757.00,V,N*48
20:47:57 | Long: Waiting... | Lat: Waiting...
$GPRMC,124758.00,V,,,,,,,060525,,,N*74
$GPVTG,,,,,,,,,N*30
$GPGGA,124758.00,,,,,0,00,99.99,,,,,,*6B
$GPGSA,A,1,,,,,,,,,,,,,99.99,99.99,99.99*30
$GPGSV,3,1,12,05,30,103,,10,04,318,,12,26,141,,13,03,050,*74
$GPGSV,3,2,12,15,32,031,,18,63,276,,20,05,126,,23,37,343,*70
$GPGSV,3,3,12,24,67,024,,25,18,177,,29,14,203,,32,09,270,*76
$GPGLL,,,,,124758.00,V,N*47
20:47:58 | Long: Waiting... | Lat: Waiting...
$GPRMC,124759.00,V,,,,,,,060525,,,N*75
$GPVTG,,,,,,,,,N*30
$GPGGA,124759.00,,,,,0,00,99.99,,,,,,*6A
$GPGSA,A,1,,,,,,,,,,,,,99.99,99.99,99.99*30
$GPGSV,3,1,12,05,30,103,,10,04,318,,12,26,141,,13,03,050,*74
$GPGSV,3,2,12,15,32,031,,18,63,276,,20,05,126,,23,37,343,*70
$GPGSV,3,3,12,24,67,024,,25,18,177,,29,14,203,,32,09,270,*76
$GPGLL,,,,,124759.00,V,N*46
20:47:59 | Long: Waiting... | Lat: Waiting...
$GPRMC,124800.00,V,,,,,,,060525,,,N*76
$GPVTG,,,,,,,,,N*30
$GPGGA,124800.00,,,,,0,00,99.99,,,,,,*69
$GPGSA,A,1,,,,,,,,,,,,,99.99,99.99,99.99*30
$GPGSV,3,1,12,05,30,103,,10,04,318,,12,26,141,,13,03,050,*74
$GPGSV,3,2,12,15,32,031,,18,63,276,,20,05,126,,23,37,343,*70
$GPGSV,3,3,12,24,67,024,,25,18,177,,29,14,203,,32,09,270,*76
$GPGLL,,,,,124800.00,V,N*45
20:48:00 | Long: Waiting... | Lat: Waiting...
$GPRMC,124801.00,V,,,,,,,060525,,,N*77
$GPVTG,,,,,,,,,N*30
$GPGGA,124801.00,,,,,0,00,99.99,,,,,,*68
$GPGSA,A,1,,,,,,,,,,,,,99.99,99.99,99.99*30
$GPGSV,3,1,12,05,30,103,,10,04,318,,12,26,141,,13,03,050,*74
$GPGSV,3,2,12,15,32,031,,18,63,276,,20,05,126,,23,37,343,*70
$GPGSV,3,3,12,24,67,024,,25,18,177,,29,14,203,,32,09,270,*76
$GPGLL,,,,,124801.00,V,N*44
20:48:01 | Long: Waiting... | Lat: Waiting...
$GPRMC,124802.00,V,,,,,,,060525,,,N*74
$GPVTG,,,,,,,,,N*30
$GPGGA,124802.00,,,,,0,00,99.99,,,,,,*6B
$GPGSA,A,1,,,,,,,,,,,,,99.99,99.99,99.99*30
$GPGSV,3,1,12,05,30,103,,10,04,318,,12,26,141,,13,03,050,*74
$GPGSV,3,2,12,15,32,031,,18,63,276,,20,05,126,,23,37,343,*70
$GPGSV,3,3,12,24,67,024,,25,18,177,,29,14,203,,32,09,270,*76
$GPGLL,,,,,124802.00,V,N*47
20:48:02 | Long: Waiting... | Lat: Waiting...
$GPRMC,124803.00,V,,,,,,,060525,,,N*75
$GPVTG,,,,,,,,,N*30
$GPGGA,124803.00,,,,,0,00,99.99,,,,,,*6A
$GPGSA,A,1,,,,,,,,,,,,,99.99,99.99,99.99*30
$GPGSV,3,1,12,05,30,103,,10,04,318,,12,26,141,,13,03,050,*74
$GPGSV,3,2,12,15,32,031,,18,63,276,,20,05,126,,23,37,343,*70
$GPGSV,3,3,12,24,67,024,,25,18,177,,29,14,203,,32,09,270,*76
$GPGLL,,,,,124803.00,V,N*46
20:48:03 | Long: Waiting... | Lat: Waiting...
$GPRMC,124804.00,V,,,,,,,060525,,,N*72
$GPVTG,,,,,,,,,N*30
$GPGGA,124804.00,,,,,0,00,99.99,,,,,,*6D
$GPGSA,A,1,,,,,,,,,,,,,99.99,99.99,99.99*30
$GPGSV,3,1,12,05,30,103,,10,04,318,,12,26,141,,13,03,050,*74
$GPGSV,3,2,12,15,32,031,,18,63,276,28,20,05,126,,23,37,343,*7A
$GPGSV,3,3,12,24,67,024,,25,18,177,,29,14,203,,32,09,270,*76
$GPGLL,,,,,124804.00,V,N*41
20:48:04 | Long: Waiting... | Lat: Waiting...
$GPRMC,124805.00,V,,,,,,,060525,,,N*73
$GPVTG,,,,,,,,,N*30
$GPGGA,124805.00,,,,,0,00,99.99,,,,,,*6C
$GPGSA,A,1,,,,,,,,,,,,,99.99,99.99,99.99*30
$GPGSV,3,1,12,05,30,103,,10,04,318,,12,26,141,,13,03,050,*74
$GPGSV,3,2,12,15,32,031,,18,63,276,,20,05,126,,23,37,343,*70
$GPGSV,3,3,12,24,67,024,,25,18,177,,29,14,203,,32,09,270,*76
$GPGLL,,,,,124805.00,V,N*40
20:48:05 | Long: Waiting... | Lat: Waiting...
$GPRMC,124806.00,V,,,,,,,060525,,,N*70
$GPVTG,,,,,,,,,N*30
$GPGGA,124806.00,,,,,0,00,99.99,,,,,,*6F
$GPGSA,A,1,,,,,,,,,,,,,99.99,99.99,99.99*30
$GPGSV,3,1,12,05,30,103,,10,04,318,,12,26,141,,13,03,050,*74
$GPGSV,3,2,12,15,32,031,,18,63,276,,20,05,126,,23,37,343,*70
$GPGSV,3,3,12,24,67,024,,25,18,177,,29,14,203,,32,09,270,*76
$GPGLL,,,,,124806.00,V,N*43
20:48:06 | Long: Waiting... | Lat: Waiting...
$GPRMC,124807.00,V,,,,,,,060525,,,N*71
$GPVTG,,,,,,,,,N*30
$GPGGA,124807.00,,,,,0,00,99.99,,,,,,*6E
$GPGSA,A,1,,,,,,,,,,,,,99.99,99.99,99.99*30
$GPGSV,3,1,12,05,30,103,,10,04,318,,12,26,141,,13,03,050,*74
$GPGSV,3,2,12,15,32,031,,18,63,276,,20,05,126,20,23,37,343,*72
$GPGSV,3,3,12,24,67,024,,25,18,177,,29,14,203,,32,09,270,*76
$GPGLL,,,,,124807.00,V,N*42
20:48:07 | Long: Waiting... | Lat: Waiting...
$GPRMC,124808.00,V,,,,,,,060525,,,N*7E
$GPVTG,,,,,,,,,N*30
$GPGGA,124808.00,,,,,0,00,99.99,,,,,,*61
$GPGSA,A,1,,,,,,,,,,,,,99.99,99.99,99.99*30
$GPGSV,3,1,12,05,30,103,,10,04,318,,12,26,141,,13,03,050,*74
$GPGSV,3,2,12,15,32,031,,18,63,276,,20,05,126,,23,37,343,*70
$GPGSV,3,3,12,24,67,024,,25,18,177,,29,14,203,,32,09,270,*76
$GPGLL,,,,,124808.00,V,N*4D
20:48:08 | Long: Waiting... | Lat: Waiting...
$GPRMC,124809.00,V,,,,,,,060525,,,N*7F
$GPVTG,,,,,,,,,N*30
$GPGGA,124809.00,,,,,0,00,99.99,,,,,,*60
$GPGSA,A,1,,,,,,,,,,,,,99.99,99.99,99.99*30
$GPGSV,3,1,12,05,30,103,,10,04,318,,12,26,141,,13,03,050,*74
$GPGSV,3,2,12,15,32,031,,18,63,276,,20,05,126,,23,37,343,*70
$GPGSV,3,3,12,24,67,024,,25,18,177,,29,14,203,,32,09,270,*76
$GPGLL,,,,,124809.00,V,N*4C
20:48:09 | Long: Waiting... | Lat: Waiting...
$GPRMC,124810.00,V,,,,,,,060525,,,N*77
$GPVTG,,,,,,,,,N*30
$GPGGA,124810.00,,,,,0,00,99.99,,,,,,*68
$GPGSA,A,1,,,,,,,,,,,,,99.99,99.99,99.99*30
$GPGSV,3,1,12,05,30,103,,10,04,318,,12,26,141,,13,03,050,*74
$GPGSV,3,2,12,15,32,031,,18,63,276,,20,05,126,,23,37,343,*70
$GPGSV,3,3,12,24,67,024,28,25,18,177,,29,14,203,,32,09,270,*7C
$GPGLL,,,,,124810.00,V,N*44
20:48:10 | Long: Waiting... | Lat: Waiting...
$GPRMC,124811.00,V,,,,,,,060525,,,N*76
$GPVTG,,,,,,,,,N*30
$GPGGA,124811.00,,,,,0,00,99.99,,,,,,*69
$GPGSA,A,1,,,,,,,,,,,,,99.99,99.99,99.99*30
$GPGSV,3,1,12,05,30,103,,10,04,318,,12,26,141,,13,03,050,*74
$GPGSV,3,2,12,15,32,031,,18,63,276,,20,05,126,,23,37,343,*70
$GPGSV,3,3,12,24,67,024,,25,18,177,,29,14,203,,32,09,270,*76
$GPGLL,,,,,124811.00,V,N*45
20:48:11 | Long: Waiting... | Lat: Waiting...
$GPRMC,124812.00,V,,,,,,,060525,,,N*75
$GPVTG,,,,,,,,,N*30
$GPGGA,124812.00,,,,,0,00,99.99,,,,,,*6A
$GPGSA,A,1,,,,,,,,,,,,,99.99,99.99,99.99*30
$GPGSV,3,1,12,05,30,103,,10,04,318,,12,26,141,,13,03,050,*74
$GPGSV,3,2,12,15,32,031,,18,63,276,,20,05,126,,23,37,343,*70
$GPGSV,3,3,12,24,67,024,,25,18,177,,29,14,203,,32,09,270,*76
$GPGLL,,,,,124812.00,V,N*46
20:48:12 | Long: Waiting... | Lat: Waiting...
$GPRMC,124813.00,V,,,,,,,060525,,,N*74
$GPVTG,,,,,,,,,N*30
$GPGGA,124813.00,,,,,0,00,99.99,,,,,,*6B
$GPGSA,A,1,,,,,,,,,,,,,99.99,99.99,99.99*30
$GPGSV,3,1,12,05,30,103,,10,04,318,,12,26,141,,13,03,050,*74
$GPGSV,3,2,12,15,32,031,,18,63,276,,20,05,126,,23,37,343,*70
$GPGSV,3,3,12,24,67,024,,25,18,177,,29,14,203,,32,09,270,*76
$GPGLL,,,,,124813.00,V,N*47
20:48:13 | Long: Waiting... | Lat: Waiting...
$GPRMC,124814.00,V,,,,,,,060525,,,N*73
$GPVTG,,,,,,,,,N*30
$GPGGA,124814.00,,,,,0,00,99.99,,,,,,*6C
$GPGSA,A,1,,,,,,,,,,,,,99.99,99.99,99.99*30
$GPGSV,3,1,12,05,30,103,,10,04,318,,12,26,141,,13,03,050,*74
$GPGSV,3,2,12,15,32,031,,18,63,276,,20,05,126,,23,37,343,*70
$GPGSV,3,3,12,24,67,024,,25,18,177,,29,14,203,20,32,09,270,*74
$GPGLL,,,,,124814.00,V,N*40
20:48:14 | Long: Waiting... | Lat: Waiting...
$GPRMC,124815.00,V,,,,,,,060525,,,N*72
$GPVTG,,,,,,,,,N*30
$GPGGA,124815.00,,,,,0,00,99.99,,,,,,*6D
$GPGSA,A,1,,,,,,,,,,,,,99.99,99.99,99.99*30
$GPGSV,3,1,12,05,30,103,,10,04,318,,12,26,141,,13,03,050,*74
$GPGSV,3,2,12,15,32,031,,18,63,276,,20,05,126,,23,37,343,*70
$GPGSV,3,3,12,24,67,024,,25,18,177,,29,14,203,,32,09,270,*76
$GPGLL,,,,,124815.00,V,N*41
20:48:15 | Long: Waiting... | Lat: Waiting...
$GPRMC,124816.00,V,,,,,,,060525,,,N*71
$GPVTG,,,,,,,,,N*30
$GPGGA,124816.00,,,,,0,00,99.99,,,,,,*6E
$GPGSA,A,1,,,,,,,,,,,,,99.99,99.99,99.99*30
$GPGSV,3,1,12,05,30,103,21,10,04,318,,12,26,141,,13,03,050,*77
$GPGSV,3,2,12,15,32,031,,18,63,276,,20,05,126,,23,37,343,*70
$GPGSV,3,3,12,24,67,024,,25,18,177,,29,14,203,,32,09,270,*76
$GPGLL,,,,,124816.00,V,N*42
20:48:16 | Long: Waiting... | Lat: Waiting...
$GPRMC,124817.00,V,,,,,,,060525,,,N*70
$GPVTG,,,,,,,,,N*30
$GPGGA,124817.00,,,,,0,00,99.99,,,,,,*6F
$GPGSA,A,1,,,,,,,,,,,,,99.99,99.99,99.99*30
$GPGSV,3,1,12,05,30,103,,10,04,318,,12,26,141,,13,03,050,*74
$GPGSV,3,2,12,15,32,031,,18,63,276,,20,05,126,,23,37,343,*70
$GPGSV,3,3,12,24,67,024,,25,18,177,,29,14,203,,32,09,270,*76
$GPGLL,,,,,124817.00,V,N*43
20:48:17 | Long: Waiting... | Lat: Waiting...
$GPRMC,124818.00,V,,,,,,,060525,,,N*7F
$GPVTG,,,,,,,,,N*30
$GPGGA,124818.00,,,,,0,00,99.99,,,,,,*60
$GPGSA,A,1,,,,,,,,,,,,,99.99,99.99,99.99*30
$GPGSV,3,1,12,05,30,103,,10,04,318,,12,26,141,,13,03,050,*74
$GPGSV,3,2,12,15,32,031,,18,63,276,,20,05,126,,23,37,343,*70
$GPGSV,3,3,12,24,67,024,,25,18,177,,29,14,203,,32,09,270,*76
$GPGLL,,,,,124818.00,V,N*4C
20:48:18 | Long: Waiting... | Lat: Waiting...
$GPRMC,124819.00,V,,,,,,,060525,,,N*7E
$GPVTG,,,,,,,,,N*30
$GPGGA,124819.00,,,,,0,00,99.99,,,,,,*61
$GPGSA,A,1,,,,,,,,,,,,,99.99,99.99,99.99*30
$GPGSV,3,1,12,05,30,103,,10,04,318,,12,26,141,,13,03,050,*74
$GPGSV,3,2,12,15,32,031,,18,63,276,,20,05,126,,23,37,343,*70
$GPGSV,3,3,12,24,67,024,,25,18,177,,29,14,203,,32,09,270,*76
$GPGLL,,,,,124819.00,V,N*4D
20:48:19 | Long: Waiting... | Lat: Waiting...
$GPRMC,124820.00,V,,,,,,,060525,,,N*74
$GPVTG,,,,,,,,,N*30
$GPGGA,124820.00,,,,,0,00,99.99,,,,,,*6B
$GPGSA,A,1,,,,,,,,,,,,,99.99,99.99,99.99*30
$GPGSV,3,1,12,05,30,103,,10,04,318,,12,26,141,,13,03,050,*74
$GPGSV,3,2,12,15,32,031,,18,63,276,,20,05,126,,23,37,343,*70
$GPGSV,3,3,12,24,67,024,,25,18,177,,29,14,203,,32,09,270,*76
$GPGLL,,,,,124820.00,V,N*47
20:48:20 | Long: Waiting... | Lat: Waiting...
$GPRMC,124821.00,V,,,,,,,060525,,,N*75
$GPVTG,,,,,,,,,N*30
$GPGGA,124821.00,,,,,0,00,99.99,,,,,,*6A
$GPGSA,A,1,,,,,,,,,,,,,99.99,99.99,99.99*30
$GPGSV,3,1,12,05,30,103,,10,04,318,,12,26,141,,13,03,050,*74
$GPGSV,3,2,12,15,32,031,,18,63,276,,20,05,126,,23,37,343,*70
$GPGSV,3,3,12,24,67,024,,25,18,177,,29,14,203,,32,09,270,*76
$GPGLL,,,,,124821.00,V,N*46
20:48:21 | Long: Waiting... | Lat: Waiting...
$GPRMC,124822.00,V,,,,,,,060525,,,N*76
$GPVTG,,,,,,,,,N*30
$GPGGA,124822.00,,,,,0,00,99.99,,,,,,*69
$GPGSA,A,1,,,,,,,,,,,,,99.99,99.99,99.99*30
$GPGSV,3,1,12,05,30,103,,10,04,318,,12,26,141,,13,03,050,*74
$GPGSV,3,2,12,15,32,031,,18,63,276,,20,05,126,,23,37,343,*70
$GPGSV,3,3,12,24,67,024,,25,18,177,,29,14,203,,32,09,270,*76
$GPGLL,,,,,124822.00,V,N*45
20:48:22 | Long: Waiting... | Lat: Waiting...
$GPRMC,124823.00,V,,,,,,,060525,,,N*77
$GPVTG,,,,,,,,,N*30
$GPGGA,124823.00,,,,,0,00,99.99,,,,,,*68
$GPGSA,A,1,,,,,,,,,,,,,99.99,99.99,99.99*30
$GPGSV,3,1,12,05,30,103,,10,04,318,,12,26,141,,13,03,050,*74
$GPGSV,3,2,12,15,32,031,,18,63,276,,20,05,126,,23,37,343,*70
$GPGSV,3,3,12,24,67,024,,25,18,177,,29,14,203,,32,09,270,*76
$GPGLL,,,,,124823.00,V,N*44
20:48:23 | Long: Waiting... | Lat: Waiting...
$GPRMC,124824.00,V,,,,,,,060525,,,N*70
$GPVTG,,,,,,,,,N*30
$GPGGA,124824.00,,,,,0,00,99.99,,,,,,*6F
$GPGSA,A,1,,,,,,,,,,,,,99.99,99.99,99.99*30
$GPGSV,3,1,12,05,30,104,,10,04,318,,12,26,141,,13,03,050,*73
$GPGSV,3,2,12,15,32,031,,18,63,276,,20,05,126,,23,37,343,*70
$GPGSV,3,3,12,24,67,024,,25,18,177,,29,14,203,,32,09,270,*76
$GPGLL,,,,,124824.00,V,N*43
20:48:24 | Long: Waiting... | Lat: Waiting...
$GPRMC,124825.00,V,,,,,,,060525,,,N*71
$GPVTG,,,,,,,,,N*30
$GPGGA,124825.00,,,,,0,00,99.99,,,,,,*6E
$GPGSA,A,1,,,,,,,,,,,,,99.99,99.99,99.99*30
$GPGSV,3,1,12,05,30,104,,10,04,318,,12,26,141,,13,03,050,*73
$GPGSV,3,2,12,15,32,031,,18,63,276,,20,05,126,,23,37,343,*70
$GPGSV,3,3,12,24,67,024,,25,18,177,,29,14,203,,32,09,270,*76
$GPGLL,,,,,124825.00,V,N*42
20:48:25 | Long: Waiting... | Lat: Waiting...
$GPRMC,124826.00,V,,,,,,,060525,,,N*72
$GPVTG,,,,,,,,,N*30
$GPGGA,124826.00,,,,,0,00,99.99,,,,,,*6D
$GPGSA,A,1,,,,,,,,,,,,,99.99,99.99,99.99*30
$GPGSV,3,1,12,05,30,104,,10,04,318,,12,26,141,,13,03,050,*73
$GPGSV,3,2,12,15,32,031,,18,63,276,,20,05,126,,23,37,343,24*76
$GPGSV,3,3,12,24,67,024,,25,18,177,,29,14,203,,32,09,270,*76
$GPGLL,,,,,124826.00,V,N*41
20:48:26 | Long: Waiting... | Lat: Waiting...
$GPRMC,124827.00,V,,,,,,,060525,,,N*73
$GPVTG,,,,,,,,,N*30
$GPGGA,124827.00,,,,,0,00,99.99,,,,,,*6C
$GPGSA,A,1,,,,,,,,,,,,,99.99,99.99,99.99*30
$GPGSV,3,1,12,05,30,104,,10,04,318,,12,26,141,,13,03,050,*73
$GPGSV,3,2,12,15,32,031,,18,63,276,,20,05,126,,23,37,343,*70
$GPGSV,3,3,12,24,67,024,,25,18,177,,29,14,203,,32,09,270,*76
$GPGLL,,,,,124827.00,V,N*40
20:48:27 | Long: Waiting... | Lat: Waiting...
$GPRMC,124828.00,V,,,,,,,060525,,,N*7C
$GPVTG,,,,,,,,,N*30
$GPGGA,124828.00,,,,,0,00,99.99,,,,,,*63
$GPGSA,A,1,,,,,,,,,,,,,99.99,99.99,99.99*30
$GPGSV,3,1,12,05,30,104,,10,04,318,,12,26,141,,13,03,051,*72
$GPGSV,3,2,12,15,32,031,,18,63,276,,20,05,126,,23,37,343,*70
$GPGSV,3,3,12,24,67,024,,25,18,177,,29,14,203,,32,09,270,*76
$GPGLL,,,,,124828.00,V,N*4F
20:48:28 | Long: Waiting... | Lat: Waiting...
$GPRMC,124829.00,V,,,,,,,060525,,,N*7D
$GPVTG,,,,,,,,,N*30
$GPGGA,124829.00,,,,,0,00,99.99,,,,,,*62
$GPGSA,A,1,,,,,,,,,,,,,99.99,99.99,99.99*30
$GPGSV,3,1,12,05,30,104,,10,04,318,,12,26,141,,13,03,051,*72
$GPGSV,3,2,12,15,32,031,,18,63,276,,20,05,126,,23,37,343,*70
$GPGSV,3,3,12,24,67,024,,25,18,177,,29,14,203,,32,09,270,*76
$GPGLL,,,,,124829.00,V,N*4E
20:48:29 | Long: Waiting... | Lat: Waiting...
$GPRMC,124830.00,V,,,,,,,060525,,,N*75
$GPVTG,,,,,,,,,N*30
$GPGGA,124830.00,,,,,0,00,99.99,,,,,,*6A
$GPGSA,A,1,,,,,,,,,,,,,99.99,99.99,99.99*30
$GPGSV,3,1,12,05,30,104,,10,04,318,,12,26,141,,13,03,051,*72
$GPGSV,3,2,12,15,32,031,,18,63,275,,20,05,126,,23,37,343,*73
$GPGSV,3,3,12,24,67,024,,25,18,177,,29,14,203,,32,09,270,*76
$GPGLL,,,,,124830.00,V,N*46
20:48:30 | Long: Waiting... | Lat: Waiting...
$GPRMC,124831.00,V,,,,,,,060525,,,N*74
$GPVTG,,,,,,,,,N*30
$GPGGA,124831.00,,,,,0,00,99.99,,,,,,*6B
$GPGSA,A,1,,,,,,,,,,,,,99.99,99.99,99.99*30
$GPGSV,3,1,12,05,30,104,,10,04,318,,12,26,141,,13,03,051,*72
$GPGSV,3,2,12,15,32,031,,18,63,275,,20,04,126,,23,37,343,*72
$GPGSV,3,3,12,24,67,024,,25,18,177,,29,14,203,,32,09,270,*76
$GPGLL,,,,,124831.00,V,N*47
20:48:31 | Long: Waiting... | Lat: Waiting...
$GPRMC,124832.00,V,,,,,,,060525,,,N*77
$GPVTG,,,,,,,,,N*30
$GPGGA,124832.00,,,,,0,00,99.99,,,,,,*68
$GPGSA,A,1,,,,,,,,,,,,,99.99,99.99,99.99*30
$GPGSV,3,1,12,05,30,104,,10,04,318,,12,26,141,,13,03,051,*72
$GPGSV,3,2,12,15,32,031,,18,63,275,,20,04,126,,23,37,343,*72
$GPGSV,3,3,12,24,67,024,,25,18,177,,29,14,203,,32,09,270,*76
$GPGLL,,,,,124832.00,V,N*44
20:48:32 | Long: Waiting... | Lat: Waiting...
$GPRMC,124833.00,V,,,,,,,060525,,,N*76
$GPVTG,,,,,,,,,N*30
$GPGGA,124833.00,,,,,0,00,99.99,,,,,,*69
$GPGSA,A,1,,,,,,,,,,,,,99.99,99.99,99.99*30
$GPGSV,3,1,12,05,30,104,,10,04,318,,12,26,141,,13,03,051,*72
$GPGSV,3,2,12,15,32,031,,18,63,275,,20,04,126,,23,37,343,*72
$GPGSV,3,3,12,24,67,024,,25,18,177,,29,14,203,,32,09,270,*76
$GPGLL,,,,,124833.00,V,N*45
20:48:33 | Long: Waiting... | Lat: Waiting...
$GPRMC,124834.00,V,,,,,,,060525,,,N*71
$GPVTG,,,,,,,,,N*30
$GPGGA,124834.00,,,,,0,00,99.99,,,,,,*6E
$GPGSA,A,1,,,,,,,,,,,,,99.99,99.99,99.99*30
$GPGSV,3,1,12,05,30,104,,10,04,318,,12,26,141,,13,03,051,*72
$GPGSV,3,2,12,15,32,031,,18,63,275,,20,04,126,,23,37,343,*72
$GPGSV,3,3,12,24,67,024,,25,18,177,,29,14,203,,32,09,270,*76
$GPGLL,,,,,124834.00,V,N*42
20:48:34 | Long: Waiting... | Lat: Waiting...
$GPRMC,124835.00,V,,,,,,,060525,,,N*70
$GPVTG,,,,,,,,,N*30
$GPGGA,124835.00,,,,,0,00,99.99,,,,,,*6F
$GPGSA,A,1,,,,,,,,,,,,,99.99,99.99,99.99*30
$GPGSV,3,1,12,05,30,104,,10,04,318,,12,26,141,,13,03,051,*72
$GPGSV,3,2,12,15,32,031,,18,63,275,,20,04,126,,23,37,343,*72
$GPGSV,3,3,12,24,67,024,,25,18,177,,29,14,203,,32,09,270,*76
$GPGLL,,,,,124835.00,V,N*43
20:48:35 | Long: Waiting... | Lat: Waiting...
$GPRMC,124836.00,V,,,,,,,060525,,,N*73
$GPVTG,,,,,,,,,N*30
$GPGGA,124836.00,,,,,0,00,99.99,,,,,,*6C
$GPGSA,A,1,,,,,,,,,,,,,99.99,99.99,99.99*30
$GPGSV,3,1,12,05,30,104,,10,04,318,,12,26,141,,13,03,051,*72
$GPGSV,3,2,12,15,32,031,,18,63,275,,20,04,126,,23,37,343,*72
$GPGSV,3,3,12,24,67,024,,25,18,177,,29,14,202,,32,09,270,*77
$GPGLL,,,,,124836.00,V,N*40
20:48:36 | Long: Waiting... | Lat: Waiting...
$GPRMC,124837.00,V,,,,,,,060525,,,N*72
$GPVTG,,,,,,,,,N*30
$GPGGA,124837.00,,,,,0,00,99.99,,,,,,*6D
$GPGSA,A,1,,,,,,,,,,,,,99.99,99.99,99.99*30
$GPGSV,3,1,12,05,30,104,,10,04,318,,12,26,141,,13,03,051,*72
$GPGSV,3,2,12,15,32,031,,18,63,275,,20,04,126,,23,37,343,*72
$GPGSV,3,3,12,24,67,024,,25,18,177,,29,14,202,,32,09,270,*77
$GPGLL,,,,,124837.00,V,N*41
20:48:37 | Long: Waiting... | Lat: Waiting...
$GPRMC,124838.00,V,,,,,,,060525,,,N*7D
$GPVTG,,,,,,,,,N*30
$GPGGA,124838.00,,,,,0,00,99.99,,,,,,*62
$GPGSA,A,1,,,,,,,,,,,,,99.99,99.99,99.99*30
$GPGSV,3,1,12,05,30,104,,10,04,318,,12,26,141,,13,03,051,*72
$GPGSV,3,2,12,15,32,031,,18,63,275,,20,04,126,,23,37,343,22*72
$GPGSV,3,3,12,24,67,024,,25,18,177,,29,14,202,,32,09,270,*77
$GPGLL,,,,,124838.00,V,N*4E
20:48:38 | Long: Waiting... | Lat: Waiting...
$GPRMC,124839.00,V,,,,,,,060525,,,N*7C
$GPVTG,,,,,,,,,N*30
$GPGGA,124839.00,,,,,0,00,99.99,,,,,,*63
$GPGSA,A,1,,,,,,,,,,,,,99.99,99.99,99.99*30
$GPGSV,3,1,12,05,30,104,,10,04,318,,12,26,141,,13,03,051,*72
$GPGSV,3,2,12,15,32,031,,18,63,275,,20,04,126,,23,37,343,*72
$GPGSV,3,3,12,24,67,024,,25,18,177,,29,14,202,,32,09,270,*77
$GPGLL,,,,,124839.00,V,N*4F
20:48:39 | Long: Waiting... | Lat: Waiting...
$GPRMC,124840.00,V,,,,,,,060525,,,N*72
$GPVTG,,,,,,,,,N*30
$GPGGA,124840.00,,,,,0,00,99.99,,,,,,*6D
$GPGSA,A,1,,,,,,,,,,,,,99.99,99.99,99.99*30
$GPGSV,3,1,12,05,30,104,,10,04,318,,12,26,141,,13,03,051,*72
$GPGSV,3,2,12,15,32,031,,18,63,275,,20,04,126,,23,37,343,*72
$GPGSV,3,3,12,24,67,024,,25,18,177,,29,14,202,,32,09,270,*77
$GPGLL,,,,,124840.00,V,N*41
20:48:40 | Long: Waiting... | Lat: Waiting...
$GPRMC,124841.00,V,,,,,,,060525,,,N*73
$GPVTG,,,,,,,,,N*30
$GPGGA,124841.00,,,,,0,00,99.99,,,,,,*6C
$GPGSA,A,1,,,,,,,,,,,,,99.99,99.99,99.99*30
$GPGSV,3,1,12,05,30,104,,10,04,318,,12,26,141,,13,03,051,*72
$GPGSV,3,2,12,15,32,031,,18,63,275,,20,04,126,,23,37,343,*72
$GPGSV,3,3,12,24,67,024,,25,18,177,,29,14,202,,32,09,270,*77
$GPGLL,,,,,124841.00,V,N*40
20:48:41 | Long: Waiting... | Lat: Waiting...
$GPRMC,124842.00,V,,,,,,,060525,,,N*70
$GPVTG,,,,,,,,,N*30
$GPGGA,124842.00,,,,,0,00,99.99,,,,,,*6F
$GPGSA,A,1,,,,,,,,,,,,,99.99,99.99,99.99*30
$GPGSV,3,1,12,05,30,104,,10,04,318,,12,26,141,,13,03,051,*72
$GPGSV,3,2,12,15,32,031,,18,63,275,,20,04,126,,23,37,343,*72
$GPGSV,3,3,12,24,67,024,,25,18,177,,29,14,202,,32,09,270,*77
$GPGLL,,,,,124842.00,V,N*43
20:48:42 | Long: Waiting... | Lat: Waiting...
$GPRMC,124843.00,V,,,,,,,060525,,,N*71
$GPVTG,,,,,,,,,N*30
$GPGGA,124843.00,,,,,0,00,99.99,,,,,,*6E
$GPGSA,A,1,,,,,,,,,,,,,99.99,99.99,99.99*30
$GPGSV,3,1,12,05,30,104,,10,04,318,,12,26,141,,13,03,051,*72
$GPGSV,3,2,12,15,32,031,,18,63,275,,20,04,126,,23,37,343,*72
$GPGSV,3,3,12,24,67,024,,25,18,177,,29,14,202,,32,09,270,*77
$GPGLL,,,,,124843.00,V,N*42
20:48:43 | Long: Waiting... | Lat: Waiting...
$GPRMC,124844.00,V,,,,,,,060525,,,N*76
$GPVTG,,,,,,,,,N*30
$GPGGA,124844.00,,,,,0,00,99.99,,,,,,*69
$GPGSA,A,1,,,,,,,,,,,,,99.99,99.99,99.99*30
$GPGSV,3,1,12,05,30,104,,10,04,318,,12,26,141,,13,03,051,*72
$GPGSV,3,2,12,15,32,031,,18,63,275,,20,04,126,,23,37,343,*72
$GPGSV,3,3,12,24,67,024,,25,18,177,,29,14,202,,32,09,270,*77
$GPGLL,,,,,124844.00,V,N*45
20:48:44 | Long: Waiting... | Lat: Waiting...
$GPRMC,124845.00,V,,,,,,,060525,,,N*77
$GPVTG,,,,,,,,,N*30
$GPGGA,124845.00,,,,,0,00,99.99,,,,,,*68
$GPGSA,A,1,,,,,,,,,,,,,99.99,99.99,99.99*30
$GPGSV,3,1,12,05,30,104,,10,04,318,,12,26,141,,13,03,051,*72
$GPGSV,3,2,12,15,32,031,,18,63,275,,20,04,126,,23,37,343,07*75
$GPGSV,3,3,12,24,67,024,,25,18,177,,29,14,202,,32,09,270,22*77
$GPGLL,,,,,124845.00,V,N*44
20:48:45 | Long: Waiting... | Lat: Waiting...
$GPRMC,124846.00,V,,,,,,,060525,,,N*74
$GPVTG,,,,,,,,,N*30
$GPGGA,124846.00,,,,,0,00,99.99,,,,,,*6B
$GPGSA,A,1,,,,,,,,,,,,,99.99,99.99,99.99*30
$GPGSV,3,1,12,05,30,104,,10,04,318,,12,26,141,,13,03,051,*72
$GPGSV,3,2,12,15,32,031,,18,63,275,,20,04,126,,23,37,343,*72
$GPGSV,3,3,12,24,67,024,,25,18,177,,29,14,202,,32,09,270,20*75
$GPGLL,,,,,124846.00,V,N*47
20:48:46 | Long: Waiting... | Lat: Waiting...
$GPRMC,124847.00,V,,,,,,,060525,,,N*75
$GPVTG,,,,,,,,,N*30
$GPGGA,124847.00,,,,,0,00,99.99,,,,,,*6A
$GPGSA,A,1,,,,,,,,,,,,,99.99,99.99,99.99*30
$GPGSV,3,1,12,05,30,104,,10,04,318,,12,26,141,,13,03,051,*72
$GPGSV,3,2,12,15,32,031,,18,63,275,,20,04,126,,23,37,343,*72
$GPGSV,3,3,12,24,67,024,,25,18,177,,29,14,202,,32,09,270,18*7E
$GPGLL,,,,,124847.00,V,N*46
20:48:47 | Long: Waiting... | Lat: Waiting...
$GPRMC,124848.00,V,,,,,,,060525,,,N*7A
$GPVTG,,,,,,,,,N*30
$GPGGA,124848.00,,,,,0,00,99.99,,,,,,*65
$GPGSA,A,1,,,,,,,,,,,,,99.99,99.99,99.99*30
$GPGSV,3,1,12,05,30,104,,10,04,318,24,12,26,141,,13,03,051,*74
$GPGSV,3,2,12,15,32,031,,18,63,275,,20,04,126,,23,37,343,*72
$GPGSV,3,3,12,24,67,024,,25,18,177,,29,14,202,,32,09,270,*77
$GPGLL,,,,,124848.00,V,N*49
20:48:48 | Long: Waiting... | Lat: Waiting...
$GPRMC,124849.00,V,,,,,,,060525,,,N*7B
$GPVTG,,,,,,,,,N*30
$GPGGA,124849.00,,,,,0,00,99.99,,,,,,*64
$GPGSA,A,1,,,,,,,,,,,,,99.99,99.99,99.99*30
$GPGSV,3,1,12,05,30,104,,10,04,318,,12,26,141,,13,03,051,*72
$GPGSV,3,2,12,15,32,031,,18,63,275,,20,04,126,,23,37,343,*72
$GPGSV,3,3,12,24,67,024,,25,18,177,,29,14,202,,32,09,270,*77
$GPGLL,,,,,124849.00,V,N*48
20:48:49 | Long: Waiting... | Lat: Waiting...
$GPRMC,124850.00,V,,,,,,,060525,,,N*73
$GPVTG,,,,,,,,,N*30
$GPGGA,124850.00,,,,,0,00,99.99,,,,,,*6C
$GPGSA,A,1,,,,,,,,,,,,,99.99,99.99,99.99*30
$GPGSV,3,1,12,05,30,104,,10,04,318,,12,26,141,,13,03,051,*72
$GPGSV,3,2,12,15,32,031,,18,63,275,,20,04,126,,23,37,343,*72
$GPGSV,3,3,12,24,67,024,,25,18,177,,29,14,202,,32,09,270,*77
$GPGLL,,,,,124850.00,V,N*40
20:48:50 | Long: Waiting... | Lat: Waiting...
$GPRMC,124851.00,V,,,,,,,060525,,,N*72
$GPVTG,,,,,,,,,N*30
$GPGGA,124851.00,,,,,0,00,99.99,,,,,,*6D
$GPGSA,A,1,,,,,,,,,,,,,99.99,99.99,99.99*30
$GPGSV,3,1,12,05,30,104,,10,04,318,,12,26,141,,13,03,051,20*70
$GPGSV,3,2,12,15,32,031,,18,63,275,,20,04,126,,23,37,343,*72
$GPGSV,3,3,12,24,67,024,,25,18,177,,29,14,202,,32,09,270,*77
$GPGLL,,,,,124851.00,V,N*41
20:48:51 | Long: Waiting... | Lat: Waiting...
$GPRMC,124852.00,V,,,,,,,060525,,,N*71
$GPVTG,,,,,,,,,N*30
$GPGGA,124852.00,,,,,0,00,99.99,,,,,,*6E
$GPGSA,A,1,,,,,,,,,,,,,99.99,99.99,99.99*30
$GPGSV,3,1,12,05,30,104,,10,04,318,,12,26,141,,13,03,051,*72
$GPGSV,3,2,12,15,32,031,,18,63,275,,20,04,126,,23,37,343,*72
$GPGSV,3,3,12,24,67,024,,25,18,177,,29,14,202,,32,09,270,*77
$GPGLL,,,,,124852.00,V,N*42
20:48:52 | Long: Waiting... | Lat: Waiting...
$GPRMC,124853.00,V,,,,,,,060525,,,N*70
$GPVTG,,,,,,,,,N*30
$GPGGA,124853.00,,,,,0,00,99.99,,,,,,*6F
$GPGSA,A,1,,,,,,,,,,,,,99.99,99.99,99.99*30
$GPGSV,3,1,12,05,30,104,,10,04,318,,12,26,141,,13,03,051,*72
$GPGSV,3,2,12,15,32,031,24,18,63,275,,20,04,126,,23,37,343,*74
$GPGSV,3,3,12,24,67,024,,25,18,177,,29,14,202,,32,09,270,*77
$GPGLL,,,,,124853.00,V,N*43
20:48:53 | Long: Waiting... | Lat: Waiting...
$GPRMC,124854.00,V,,,,,,,060525,,,N*77
$GPVTG,,,,,,,,,N*30
$GPGGA,124854.00,,,,,0,00,99.99,,,,,,*68
$GPGSA,A,1,,,,,,,,,,,,,99.99,99.99,99.99*30
$GPGSV,3,1,12,05,30,104,,10,04,318,,12,26,141,,13,03,051,*72
$GPGSV,3,2,12,15,32,031,,18,63,275,,20,04,126,,23,37,343,*72
$GPGSV,3,3,12,24,67,024,,25,18,177,,29,14,202,,32,09,270,*77
$GPGLL,,,,,124854.00,V,N*44
20:48:54 | Long: Waiting... | Lat: Waiting...
$GPRMC,124855.00,V,,,,,,,060525,,,N*76
$GPVTG,,,,,,,,,N*30
$GPGGA,124855.00,,,,,0,00,99.99,,,,,,*69
$GPGSA,A,1,,,,,,,,,,,,,99.99,99.99,99.99*30
$GPGSV,3,1,12,05,30,104,,10,04,318,,12,26,141,,13,03,051,*72
$GPGSV,3,2,12,15,32,031,,18,63,275,24,20,04,126,,23,37,343,*74
$GPGSV,3,3,12,24,67,024,,25,18,177,,29,14,202,,32,09,270,*77
$GPGLL,,,,,124855.00,V,N*45
20:48:55 | Long: Waiting... | Lat: Waiting...
$GPRMC,124856.00,V,,,,,,,060525,,,N*75
$GPVTG,,,,,,,,,N*30
$GPGGA,124856.00,,,,,0,00,99.99,,,,,,*6A
$GPGSA,A,1,,,,,,,,,,,,,99.99,99.99,99.99*30
$GPGSV,3,1,12,05,30,104,,10,04,318,,12,26,141,,13,03,051,*72
$GPGSV,3,2,12,15,32,031,,18,63,275,,20,04,126,,23,37,343,*72
$GPGSV,3,3,12,24,67,024,,25,18,177,,29,14,202,,32,09,270,*77
$GPGLL,,,,,124856.00,V,N*46
20:48:56 | Long: Waiting... | Lat: Waiting...
$GPRMC,124857.00,V,,,,,,,060525,,,N*74
$GPVTG,,,,,,,,,N*30
$GPGGA,124857.00,,,,,0,00,99.99,,,,,,*6B
$GPGSA,A,1,,,,,,,,,,,,,99.99,99.99,99.99*30
$GPGSV,3,1,12,05,30,104,,10,04,318,,12,26,141,,13,03,051,*72
$GPGSV,3,2,12,15,32,031,,18,63,275,,20,04,126,28,23,37,343,*78
$GPGSV,3,3,12,24,67,024,,25,18,177,,29,14,202,,32,09,270,*77
$GPGLL,,,,,124857.00,V,N*47
20:48:57 | Long: Waiting... | Lat: Waiting...
$GPRMC,124858.00,V,,,,,,,060525,,,N*7B
$GPVTG,,,,,,,,,N*30
$GPGGA,124858.00,,,,,0,00,99.99,,,,,,*64
$GPGSA,A,1,,,,,,,,,,,,,99.99,99.99,99.99*30
$GPGSV,3,1,12,05,30,104,,10,04,318,,12,26,141,,13,03,051,*72
$GPGSV,3,2,12,15,32,031,,18,63,275,,20,04,126,,23,37,343,*72
$GPGSV,3,3,12,24,67,024,,25,18,177,,29,14,202,,32,09,270,*77
$GPGLL,,,,,124858.00,V,N*48
20:48:58 | Long: Waiting... | Lat: Waiting...
$GPRMC,124859.00,V,,,,,,,060525,,,N*7A
$GPVTG,,,,,,,,,N*30
$GPGGA,124859.00,,,,,0,00,99.99,,,,,,*65
$GPGSA,A,1,,,,,,,,,,,,,99.99,99.99,99.99*30
$GPGSV,3,1,12,05,30,104,,10,04,318,,12,26,141,,13,03,051,*72
$GPGSV,3,2,12,15,32,031,,18,63,275,,20,04,126,,23,37,343,21*71
$GPGSV,3,3,12,24,67,024,,25,18,177,,29,14,202,,32,09,270,*77
$GPGLL,,,,,124859.00,V,N*49
20:48:59 | Long: Waiting... | Lat: Waiting...
$GPRMC,124900.00,V,,,,,,,060525,,,N*77
$GPVTG,,,,,,,,,N*30
$GPGGA,124900.00,,,,,0,00,99.99,,,,,,*68
$GPGSA,A,1,,,,,,,,,,,,,99.99,99.99,99.99*30
$GPGSV,3,1,12,05,30,104,,10,04,318,,12,26,141,,13,03,051,*72
$GPGSV,3,2,12,15,32,031,,18,63,275,,20,04,126,,23,37,343,*72
$GPGSV,3,3,12,24,67,024,,25,18,177,,29,14,202,,32,09,270,*77
$GPGLL,,,,,124900.00,V,N*44
20:49:00 | Long: Waiting... | Lat: Waiting...
$GPRMC,124901.00,V,,,,,,,060525,,,N*76
$GPVTG,,,,,,,,,N*30
$GPGGA,124901.00,,,,,0,00,99.99,,,,,,*69
$GPGSA,A,1,,,,,,,,,,,,,99.99,99.99,99.99*30
$GPGSV,3,1,12,05,30,104,,10,04,318,,12,26,141,,13,03,051,*72
$GPGSV,3,2,12,15,32,031,,18,63,275,,20,04,126,,23,37,343,*72
$GPGSV,3,3,12,24,67,024,,25,18,177,,29,14,202,,32,09,270,*77
$GPGLL,,,,,124901.00,V,N*45
20:49:01 | Long: Waiting... | Lat: Waiting...
$GPRMC,124902.00,V,,,,,,,060525,,,N*75
$GPVTG,,,,,,,,,N*30
$GPGGA,124902.00,,,,,0,00,99.99,,,,,,*6A
$GPGSA,A,1,,,,,,,,,,,,,99.99,99.99,99.99*30
$GPGSV,3,1,12,05,30,104,,10,04,318,,12,26,141,,13,03,051,*72
$GPGSV,3,2,12,15,32,031,,18,63,275,,20,04,126,,23,37,343,*72
$GPGSV,3,3,12,24,67,024,,25,18,177,,29,14,202,,32,09,270,*77
$GPGLL,,,,,124902.00,V,N*46
20:49:02 | Long: Waiting... | Lat: Waiting...
$GPRMC,124903.00,V,,,,,,,060525,,,N*74
$GPVTG,,,,,,,,,N*30
$GPGGA,124903.00,,,,,0,00,99.99,,,,,,*6B
$GPGSA,A,1,,,,,,,,,,,,,99.99,99.99,99.99*30
$GPGSV,3,1,12,05,30,104,,10,04,318,,12,26,141,,13,03,051,*72
$GPGSV,3,2,12,15,32,031,,18,63,275,,20,04,126,,23,37,343,*72
$GPGSV,3,3,12,24,67,024,,25,18,177,20,29,14,202,,32,09,270,*75
$GPGLL,,,,,124903.00,V,N*47
20:49:03 | Long: Waiting... | Lat: Waiting...
$GPRMC,124904.00,V,,,,,,,060525,,,N*73
$GPVTG,,,,,,,,,N*30
$GPGGA,124904.00,,,,,0,00,99.99,,,,,,*6C
$GPGSA,A,1,,,,,,,,,,,,,99.99,99.99,99.99*30
$GPGSV,3,1,12,05,30,104,,10,04,318,,12,26,141,,13,03,051,*72
$GPGSV,3,2,12,15,31,032,,18,63,275,,20,04,126,,23,37,343,*72
$GPGSV,3,3,12,24,67,024,,25,18,177,,29,14,202,,32,09,270,*77
$GPGLL,,,,,124904.00,V,N*40
20:49:04 | Long: Waiting... | Lat: Waiting...
$GPRMC,124905.00,V,,,,,,,060525,,,N*72
$GPVTG,,,,,,,,,N*30
$GPGGA,124905.00,,,,,0,00,99.99,,,,,,*6D
$GPGSA,A,1,,,,,,,,,,,,,99.99,99.99,99.99*30
$GPGSV,3,1,12,05,30,104,,10,04,318,,12,26,141,,13,03,051,*72
$GPGSV,3,2,12,15,31,032,,18,63,275,,20,04,126,,23,37,343,*72
$GPGSV,3,3,12,24,67,024,,25,18,177,,29,14,202,25,32,09,270,*70
$GPGLL,,,,,124905.00,V,N*41
20:49:05 | Long: Waiting... | Lat: Waiting...
$GPRMC,124906.00,V,,,,,,,060525,,,N*71
$GPVTG,,,,,,,,,N*30
$GPGGA,124906.00,,,,,0,00,99.99,,,,,,*6E
$GPGSA,A,1,,,,,,,,,,,,,99.99,99.99,99.99*30
$GPGSV,3,1,12,05,30,104,,10,04,318,,12,26,141,,13,03,051,*72
$GPGSV,3,2,12,15,31,032,,18,63,274,,20,04,126,,23,37,343,*73
$GPGSV,3,3,12,24,67,024,,25,18,177,,29,14,202,,32,09,270,*77
$GPGLL,,,,,124906.00,V,N*42
20:49:06 | Long: Waiting... | Lat: Waiting...
$GPRMC,124907.00,V,,,,,,,060525,,,N*70
$GPVTG,,,,,,,,,N*30
$GPGGA,124907.00,,,,,0,00,99.99,,,,,,*6F
$GPGSA,A,1,,,,,,,,,,,,,99.99,99.99,99.99*30
$GPGSV,3,1,12,05,30,104,,10,04,318,,12,26,141,,13,03,051,*72
$GPGSV,3,2,12,15,31,032,,18,63,274,,20,04,126,,23,37,343,*73
$GPGSV,3,3,12,24,67,024,,25,18,177,,29,14,202,,32,09,270,*77
$GPGLL,,,,,124907.00,V,N*43
20:49:07 | Long: Waiting... | Lat: Waiting...
$GPRMC,124908.00,V,,,,,,,060525,,,N*7F
$GPVTG,,,,,,,,,N*30
$GPGGA,124908.00,,,,,0,00,99.99,,,,,,*60
$GPGSA,A,1,,,,,,,,,,,,,99.99,99.99,99.99*30
$GPGSV,3,1,12,05,30,104,,10,04,318,,12,26,141,,13,03,051,*72
$GPGSV,3,2,12,15,31,032,,18,63,274,,20,04,126,,23,37,343,20*71
$GPGSV,3,3,12,24,67,024,,25,18,177,,29,14,202,,32,09,270,*77
$GPGLL,,,,,124908.00,V,N*4C
20:49:08 | Long: Waiting... | Lat: Waiting...
$GPRMC,124909.00,V,,,,,,,060525,,,N*7E
$GPVTG,,,,,,,,,N*30
$GPGGA,124909.00,,,,,0,00,99.99,,,,,,*61
$GPGSA,A,1,,,,,,,,,,,,,99.99,99.99,99.99*30
$GPGSV,3,1,12,05,30,104,,10,04,318,24,12,26,141,,13,03,051,*74
$GPGSV,3,2,12,15,31,032,,18,63,274,,20,04,126,,23,37,343,17*75
$GPGSV,3,3,12,24,67,024,,25,18,177,,29,14,202,,32,09,270,*77
$GPGLL,,,,,124909.00,V,N*4D
20:49:09 | Long: Waiting... | Lat: Waiting...
$GPRMC,124910.00,V,,,,,,,060525,,,N*76
$GPVTG,,,,,,,,,N*30
$GPGGA,124910.00,,,,,0,00,99.99,,,,,,*69
$GPGSA,A,1,,,,,,,,,,,,,99.99,99.99,99.99*30
$GPGSV,3,1,12,05,30,104,,10,04,318,,12,26,141,25,13,03,051,*75
$GPGSV,3,2,12,15,31,032,,18,63,274,,20,04,126,,23,37,343,*73
$GPGSV,3,3,12,24,67,024,,25,18,177,,29,14,202,,32,09,270,*77
$GPGLL,,,,,124910.00,V,N*45
20:49:10 | Long: Waiting... | Lat: Waiting...
$GPRMC,124911.00,V,,,,,,,060525,,,N*77
$GPVTG,,,,,,,,,N*30
$GPGGA,124911.00,,,,,0,00,99.99,,,,,,*68
$GPGSA,A,1,,,,,,,,,,,,,99.99,99.99,99.99*30
$GPGSV,3,1,12,05,30,104,,10,04,318,,12,26,141,,13,03,051,*72
$GPGSV,3,2,12,15,31,032,,18,63,274,,20,04,126,,23,37,343,*73
$GPGSV,3,3,12,24,67,024,,25,18,177,,29,14,202,,32,09,270,*77
$GPGLL,,,,,124911.00,V,N*44
20:49:11 | Long: Waiting... | Lat: Waiting...
$GPRMC,124912.00,V,,,,,,,060525,,,N*74
$GPVTG,,,,,,,,,N*30
$GPGGA,124912.00,,,,,0,00,99.99,,,,,,*6B
$GPGSA,A,1,,,,,,,,,,,,,99.99,99.99,99.99*30
$GPGSV,3,1,12,05,30,104,,10,04,318,,12,26,141,,13,03,051,*72
$GPGSV,3,2,12,15,31,032,,18,63,274,,20,04,126,,23,37,343,*73
$GPGSV,3,3,12,24,67,024,,25,18,177,,29,14,202,,32,09,270,*77
$GPGLL,,,,,124912.00,V,N*47
20:49:12 | Long: Waiting... | Lat: Waiting...
$GPRMC,124913.00,V,,,,,,,060525,,,N*75
$GPVTG,,,,,,,,,N*30
$GPGGA,124913.00,,,,,0,00,99.99,,,,,,*6A
$GPGSA,A,1,,,,,,,,,,,,,99.99,99.99,99.99*30
$GPGSV,3,1,12,05,30,104,,10,04,318,,12,26,141,,13,03,051,*72
$GPGSV,3,2,12,15,31,032,,18,63,274,,20,04,126,,23,37,343,*73
$GPGSV,3,3,12,24,67,024,,25,18,177,,29,14,202,,32,09,270,*77
$GPGLL,,,,,124913.00,V,N*46
20:49:13 | Long: Waiting... | Lat: Waiting...
$GPRMC,124914.00,V,,,,,,,060525,,,N*72
$GPVTG,,,,,,,,,N*30
$GPGGA,124914.00,,,,,0,00,99.99,,,,,,*6D
$GPGSA,A,1,,,,,,,,,,,,,99.99,99.99,99.99*30
$GPGSV,3,1,12,05,30,104,,10,04,318,,12,26,141,,13,03,051,*72
$GPGSV,3,2,12,15,31,032,,18,63,274,,20,04,126,,23,37,343,*73
$GPGSV,3,3,12,24,67,024,,25,18,177,,29,14,202,,32,09,270,*77
$GPGLL,,,,,124914.00,V,N*41
20:49:14 | Long: Waiting... | Lat: Waiting...
$GPRMC,124915.00,V,,,,,,,060525,,,N*73
$GPVTG,,,,,,,,,N*30
$GPGGA,124915.00,,,,,0,00,99.99,,,,,,*6C
$GPGSA,A,1,,,,,,,,,,,,,99.99,99.99,99.99*30
$GPGSV,3,1,12,05,30,104,,10,04,318,,12,26,141,,13,03,051,*72
$GPGSV,3,2,12,15,31,032,,18,63,274,,20,04,126,,23,37,343,*73
$GPGSV,3,3,12,24,67,024,,25,18,177,,29,14,202,,32,09,270,*77
$GPGLL,,,,,124915.00,V,N*40
20:49:15 | Long: Waiting... | Lat: Waiting...
$GPRMC,124916.00,V,,,,,,,060525,,,N*70
$GPVTG,,,,,,,,,N*30
$GPGGA,124916.00,,,,,0,00,99.99,,,,,,*6F
$GPGSA,A,1,,,,,,,,,,,,,99.99,99.99,99.99*30
$GPGSV,3,1,12,05,30,104,,10,04,318,,12,26,141,,13,03,051,*72
$GPGSV,3,2,12,15,31,032,,18,63,274,,20,04,126,,23,37,343,20*71
$GPGSV,3,3,12,24,67,024,,25,18,177,,29,14,202,,32,09,270,*77
$GPGLL,,,,,124916.00,V,N*43
20:49:16 | Long: Waiting... | Lat: Waiting...
$GPRMC,124917.00,V,,,,,,,060525,,,N*71
$GPVTG,,,,,,,,,N*30
$GPGGA,124917.00,,,,,0,00,99.99,,,,,,*6E
$GPGSA,A,1,,,,,,,,,,,,,99.99,99.99,99.99*30
$GPGSV,3,1,12,05,30,104,,10,04,318,,12,26,141,,13,03,051,*72
$GPGSV,3,2,12,15,31,032,,18,63,274,,20,04,126,,23,37,343,*73
$GPGSV,3,3,12,24,67,024,,25,18,177,,29,14,202,,32,09,270,*77
$GPGLL,,,,,124917.00,V,N*42
20:49:17 | Long: Waiting... | Lat: Waiting...
$GPRMC,124918.00,V,,,,,,,060525,,,N*7E
$GPVTG,,,,,,,,,N*30
$GPGGA,124918.00,,,,,0,00,99.99,,,,,,*61
$GPGSA,A,1,,,,,,,,,,,,,99.99,99.99,99.99*30
$GPGSV,3,1,12,05,30,104,,10,04,318,,12,26,141,,13,03,051,*72
$GPGSV,3,2,12,15,31,032,,18,63,274,,20,04,126,,23,37,343,*73
$GPGSV,3,3,12,24,67,024,,25,18,177,,29,14,202,,32,09,270,*77
$GPGLL,,,,,124918.00,V,N*4D
20:49:18 | Long: Waiting... | Lat: Waiting...
$GPRMC,124919.00,V,,,,,,,060525,,,N*7F
$GPVTG,,,,,,,,,N*30
$GPGGA,124919.00,,,,,0,00,99.99,,,,,,*60
$GPGSA,A,1,,,,,,,,,,,,,99.99,99.99,99.99*30
$GPGSV,3,1,12,05,30,104,,10,04,318,,12,26,141,,13,03,051,*72
$GPGSV,3,2,12,15,31,032,,18,63,274,,20,04,126,,23,37,343,*73
$GPGSV,3,3,12,24,67,024,,25,18,177,,29,14,202,,32,09,270,*77
$GPGLL,,,,,124919.00,V,N*4C
20:49:19 | Long: Waiting... | Lat: Waiting...
$GPRMC,124920.00,V,,,,,,,060525,,,N*75
$GPVTG,,,,,,,,,N*30
$GPGGA,124920.00,,,,,0,00,99.99,,,,,,*6A
$GPGSA,A,1,,,,,,,,,,,,,99.99,99.99,99.99*30
$GPGSV,3,1,12,05,30,104,,10,04,318,,12,26,141,,13,03,051,*72
$GPGSV,3,2,12,15,31,032,,18,63,274,,20,04,126,,23,37,343,*73
$GPGSV,3,3,12,24,67,024,,25,18,177,24,29,14,202,,32,09,270,*71
$GPGLL,,,,,124920.00,V,N*46
20:49:20 | Long: Waiting... | Lat: Waiting...
$GPRMC,124921.00,V,,,,,,,060525,,,N*74
$GPVTG,,,,,,,,,N*30
$GPGGA,124921.00,,,,,0,00,99.99,,,,,,*6B
$GPGSA,A,1,,,,,,,,,,,,,99.99,99.99,99.99*30
$GPGSV,3,1,12,05,30,104,,10,04,318,,12,26,141,,13,03,051,*72
$GPGSV,3,2,12,15,31,032,,18,63,274,,20,04,126,,23,37,343,*73
$GPGSV,3,3,12,24,67,024,,25,18,177,,29,14,202,,32,09,270,*77
$GPGLL,,,,,124921.00,V,N*47
20:49:21 | Long: Waiting... | Lat: Waiting...
$GPRMC,124922.00,V,,,,,,,060525,,,N*77
$GPVTG,,,,,,,,,N*30
$GPGGA,124922.00,,,,,0,00,99.99,,,,,,*68
$GPGSA,A,1,,,,,,,,,,,,,99.99,99.99,99.99*30
$GPGSV,3,1,12,05,30,104,,10,04,318,,12,26,141,,13,03,051,*72
$GPGSV,3,2,12,15,31,032,,18,63,274,,20,04,126,,23,37,343,*73
$GPGSV,3,3,12,24,67,024,,25,18,177,,29,14,202,,32,09,270,28*7D
$GPGLL,,,,,124922.00,V,N*44
20:49:22 | Long: Waiting... | Lat: Waiting...
$GPRMC,124923.00,V,,,,,,,060525,,,N*76
$GPVTG,,,,,,,,,N*30
$GPGGA,124923.00,,,,,0,00,99.99,,,,,,*69
$GPGSA,A,1,,,,,,,,,,,,,99.99,99.99,99.99*30
$GPGSV,3,1,12,05,30,104,,10,04,318,,12,26,141,,13,03,051,*72
$GPGSV,3,2,12,15,31,032,,18,63,274,,20,04,126,,23,37,343,18*7A
$GPGSV,3,3,12,24,67,024,,25,18,177,,29,14,202,,32,09,270,*77
$GPGLL,,,,,124923.00,V,N*45
20:49:23 | Long: Waiting... | Lat: Waiting...
$GPRMC,124924.00,V,,,,,,,060525,,,N*71
$GPVTG,,,,,,,,,N*30
$GPGGA,124924.00,,,,,0,00,99.99,,,,,,*6E
$GPGSA,A,1,,,,,,,,,,,,,99.99,99.99,99.99*30
$GPGSV,3,1,12,05,30,104,,10,04,318,,12,26,141,,13,03,051,*72
$GPGSV,3,2,12,15,31,032,,18,63,274,,20,04,126,,23,37,343,16*74
$GPGSV,3,3,12,24,67,024,,25,18,177,,29,14,202,,32,09,270,*77
$GPGLL,,,,,124924.00,V,N*42
20:49:24 | Long: Waiting... | Lat: Waiting...
$GPRMC,124925.00,V,,,,,,,060525,,,N*70
$GPVTG,,,,,,,,,N*30
$GPGGA,124925.00,,,,,0,00,99.99,,,,,,*6F
$GPGSA,A,1,,,,,,,,,,,,,99.99,99.99,99.99*30
$GPGSV,3,1,12,05,30,104,,10,04,318,,12,26,141,,13,03,051,*72
$GPGSV,3,2,12,15,31,032,,18,63,274,,20,04,126,,23,37,343,11*73
$GPGSV,3,3,12,24,67,024,,25,18,177,,29,14,202,,32,09,270,*77
$GPGLL,,,,,124925.00,V,N*43
20:49:25 | Long: Waiting... | Lat: Waiting...
$GPRMC,124926.00,V,,,,,,,060525,,,N*73
$GPVTG,,,,,,,,,N*30
$GPGGA,124926.00,,,,,0,00,99.99,,,,,,*6C
$GPGSA,A,1,,,,,,,,,,,,,99.99,99.99,99.99*30
$GPGSV,3,1,12,05,30,104,,10,04,318,23,12,26,141,,13,03,051,*73
$GPGSV,3,2,12,15,31,032,,18,63,274,,20,04,126,,23,37,343,*73
$GPGSV,3,3,12,24,67,024,,25,18,177,,29,14,202,,32,09,270,*77
$GPGLL,,,,,124926.00,V,N*40
20:49:26 | Long: Waiting... | Lat: Waiting...
$GPRMC,124927.00,V,,,,,,,060525,,,N*72
$GPVTG,,,,,,,,,N*30
$GPGGA,124927.00,,,,,0,00,99.99,,,,,,*6D
$GPGSA,A,1,,,,,,,,,,,,,99.99,99.99,99.99*30
$GPGSV,3,1,12,05,30,104,,10,04,318,,12,26,141,,13,03,051,*72
$GPGSV,3,2,12,15,31,032,,18,63,274,,20,04,126,,23,37,343,*73
$GPGSV,3,3,12,24,67,024,,25,18,177,,29,14,202,,32,09,270,*77
$GPGLL,,,,,124927.00,V,N*41
20:49:27 | Long: Waiting... | Lat: Waiting...
$GPRMC,124928.00,V,,,,,,,060525,,,N*7D
$GPVTG,,,,,,,,,N*30
$GPGGA,124928.00,,,,,0,00,99.99,,,,,,*62
$GPGSA,A,1,,,,,,,,,,,,,99.99,99.99,99.99*30
$GPGSV,3,1,12,05,30,104,,10,04,318,,12,26,141,25,13,03,051,*75
$GPGSV,3,2,12,15,31,032,,18,63,274,,20,04,126,,23,37,343,*73
$GPGSV,3,3,12,24,67,024,,25,18,177,,29,14,202,,32,09,270,*77
$GPGLL,,,,,124928.00,V,N*4E
20:49:28 | Long: Waiting... | Lat: Waiting...
$GPRMC,124929.00,V,,,,,,,060525,,,N*7C
$GPVTG,,,,,,,,,N*30
$GPGGA,124929.00,,,,,0,00,99.99,,,,,,*63
$GPGSA,A,1,,,,,,,,,,,,,99.99,99.99,99.99*30
$GPGSV,3,1,12,05,30,104,,10,04,318,,12,26,141,,13,03,051,*72
$GPGSV,3,2,12,15,31,032,,18,63,274,,20,04,126,,23,37,343,*73
$GPGSV,3,3,12,24,67,024,,25,18,177,,29,14,202,,32,09,270,*77
$GPGLL,,,,,124929.00,V,N*4F
20:49:29 | Long: Waiting... | Lat: Waiting...
$GPRMC,124930.00,V,,,,,,,060525,,,N*74
$GPVTG,,,,,,,,,N*30
$GPGGA,124930.00,,,,,0,00,99.99,,,,,,*6B
$GPGSA,A,1,,,,,,,,,,,,,99.99,99.99,99.99*30
$GPGSV,3,1,12,05,30,104,,10,04,318,,12,26,141,,13,03,051,20*70
$GPGSV,3,2,12,15,31,032,,18,63,274,,20,04,126,,23,37,343,*73
$GPGSV,3,3,12,24,67,024,,25,18,177,,29,14,202,,32,09,270,*77
$GPGLL,,,,,124930.00,V,N*47
20:49:30 | Long: Waiting... | Lat: Waiting...
$GPRMC,124931.00,V,,,,,,,060525,,,N*75
$GPVTG,,,,,,,,,N*30
$GPGGA,124931.00,,,,,0,00,99.99,,,,,,*6A
$GPGSA,A,1,,,,,,,,,,,,,99.99,99.99,99.99*30
$GPGSV,3,1,12,05,30,104,,10,04,318,,12,26,141,,13,03,051,*72
$GPGSV,3,2,12,15,31,032,,18,63,274,,20,04,126,,23,37,343,*73
$GPGSV,3,3,12,24,67,024,,25,18,177,,29,14,202,,32,09,270,*77
$GPGLL,,,,,124931.00,V,N*46
20:49:31 | Long: Waiting... | Lat: Waiting...
$GPRMC,124932.00,V,,,,,,,060525,,,N*76
$GPVTG,,,,,,,,,N*30
$GPGGA,124932.00,,,,,0,00,99.99,,,,,,*69
$GPGSA,A,1,,,,,,,,,,,,,99.99,99.99,99.99*30
$GPGSV,3,1,12,05,30,104,,10,04,318,22,12,26,141,,13,03,051,*72
$GPGSV,3,2,12,15,31,032,,18,63,274,,20,04,126,,23,37,343,*73
$GPGSV,3,3,12,24,67,024,,25,18,177,,29,14,202,,32,09,270,*77
$GPGLL,,,,,124932.00,V,N*45
20:49:32 | Long: Waiting... | Lat: Waiting...
$GPRMC,124933.00,V,,,,,,,060525,,,N*77
$GPVTG,,,,,,,,,N*30
$GPGGA,124933.00,,,,,0,00,99.99,,,,,,*68
$GPGSA,A,1,,,,,,,,,,,,,99.99,99.99,99.99*30
$GPGSV,3,1,12,05,30,104,,10,04,318,18,12,26,141,,13,03,051,*7B
$GPGSV,3,2,12,15,31,032,,18,63,274,,20,04,126,,23,37,343,*73
$GPGSV,3,3,12,24,67,024,,25,18,177,,29,14,202,,32,09,270,*77
$GPGLL,,,,,124933.00,V,N*44
20:49:33 | Long: Waiting... | Lat: Waiting...
$GPRMC,124934.00,V,,,,,,,060525,,,N*70
$GPVTG,,,,,,,,,N*30
$GPGGA,124934.00,,,,,0,00,99.99,,,,,,*6F
$GPGSA,A,1,,,,,,,,,,,,,99.99,99.99,99.99*30
$GPGSV,3,1,12,05,30,104,,10,04,318,,12,26,141,,13,03,051,*72
$GPGSV,3,2,12,15,31,032,,18,63,274,,20,04,126,,23,37,343,*73
$GPGSV,3,3,12,24,67,024,,25,18,177,,29,14,202,,32,09,270,*77
$GPGLL,,,,,124934.00,V,N*43
20:49:34 | Long: Waiting... | Lat: Waiting...
$GPRMC,124935.00,V,,,,,,,060525,,,N*71
$GPVTG,,,,,,,,,N*30
$GPGGA,124935.00,,,,,0,00,99.99,,,,,,*6E
$GPGSA,A,1,,,,,,,,,,,,,99.99,99.99,99.99*30
$GPGSV,3,1,12,05,30,104,,10,04,318,,12,26,141,,13,03,051,*72
$GPGSV,3,2,12,15,31,032,,18,63,274,,20,04,126,,23,37,343,*73
$GPGSV,3,3,12,24,67,024,,25,18,177,,29,14,202,,32,09,270,*77
$GPGLL,,,,,124935.00,V,N*42
20:49:35 | Long: Waiting... | Lat: Waiting...
$GPRMC,124936.00,V,,,,,,,060525,,,N*72
$GPVTG,,,,,,,,,N*30
$GPGGA,124936.00,,,,,0,00,99.99,,,,,,*6D
$GPGSA,A,1,,,,,,,,,,,,,99.99,99.99,99.99*30
$GPGSV,3,1,12,05,30,104,,10,04,318,,12,26,141,,13,03,051,*72
$GPGSV,3,2,12,15,31,032,,18,63,274,,20,04,126,20,23,37,343,*71
$GPGSV,3,3,12,24,67,024,,25,18,177,,29,14,202,,32,09,270,*77
$GPGLL,,,,,124936.00,V,N*41
20:49:36 | Long: Waiting... | Lat: Waiting...
$GPRMC,124937.00,V,,,,,,,060525,,,N*73
$GPVTG,,,,,,,,,N*30
$GPGGA,124937.00,,,,,0,00,99.99,,,,,,*6C
$GPGSA,A,1,,,,,,,,,,,,,99.99,99.99,99.99*30
$GPGSV,3,1,12,05,30,104,,10,04,318,,12,26,141,,13,03,051,*72
$GPGSV,3,2,12,15,31,032,,18,63,274,,20,04,126,,23,37,343,*73
$GPGSV,3,3,12,24,67,024,,25,18,177,,29,14,202,,32,09,270,*77
$GPGLL,,,,,124937.00,V,N*40
20:49:37 | Long: Waiting... | Lat: Waiting...
$GPRMC,124938.00,V,,,,,,,060525,,,N*7C
$GPVTG,,,,,,,,,N*30
$GPGGA,124938.00,,,,,0,00,99.99,,,,,,*63
$GPGSA,A,1,,,,,,,,,,,,,99.99,99.99,99.99*30
$GPGSV,3,1,12,05,30,104,,10,04,318,,12,26,141,,13,03,051,*72
$GPGSV,3,2,12,15,31,032,,18,63,274,,20,04,126,,23,37,343,*73
$GPGSV,3,3,12,24,67,024,,25,18,177,,29,14,202,,32,09,270,*77
$GPGLL,,,,,124938.00,V,N*4F
20:49:38 | Long: Waiting... | Lat: Waiting...
$GPRMC,124939.00,V,,,,,,,060525,,,N*7D
$GPVTG,,,,,,,,,N*30
$GPGGA,124939.00,,,,,0,00,99.99,,,,,,*62
$GPGSA,A,1,,,,,,,,,,,,,99.99,99.99,99.99*30
$GPGSV,3,1,12,05,30,104,,10,04,318,,12,26,141,,13,02,051,*73
$GPGSV,3,2,12,15,31,032,,18,63,274,,20,04,126,,23,37,343,*73
$GPGSV,3,3,12,24,67,024,,25,18,177,,29,14,202,,32,09,270,*77
$GPGLL,,,,,124939.00,V,N*4E
20:49:39 | Long: Waiting... | Lat: Waiting...
$GPRMC,124940.00,V,,,,,,,060525,,,N*73
$GPVTG,,,,,,,,,N*30
$GPGGA,124940.00,,,,,0,00,99.99,,,,,,*6C
$GPGSA,A,1,,,,,,,,,,,,,99.99,99.99,99.99*30
$GPGSV,3,1,12,05,30,104,,10,04,318,,12,26,141,,13,02,051,*73
$GPGSV,3,2,12,15,31,032,,18,63,274,,20,04,126,,23,37,343,*73
$GPGSV,3,3,12,24,67,024,,25,18,177,,29,14,202,,32,09,270,*77
$GPGLL,,,,,124940.00,V,N*40
20:49:40 | Long: Waiting... | Lat: Waiting...
$GPRMC,124941.00,V,,,,,,,060525,,,N*72
$GPVTG,,,,,,,,,N*30
$GPGGA,124941.00,,,,,0,00,99.99,,,,,,*6D
$GPGSA,A,1,,,,,,,,,,,,,99.99,99.99,99.99*30
$GPGSV,3,1,12,05,30,104,,10,04,318,,12,26,141,,13,02,051,*73
$GPGSV,3,2,12,15,31,032,,18,63,273,,20,04,126,,23,37,343,*74
$GPGSV,3,3,12,24,67,024,,25,18,177,,29,14,202,,32,09,270,*77
$GPGLL,,,,,124941.00,V,N*41
20:49:41 | Long: Waiting... | Lat: Waiting...
$GPRMC,124942.00,V,,,,,,,060525,,,N*71
$GPVTG,,,,,,,,,N*30
$GPGGA,124942.00,,,,,0,00,99.99,,,,,,*6E
$GPGSA,A,1,,,,,,,,,,,,,99.99,99.99,99.99*30
$GPGSV,3,1,12,05,30,104,,10,04,318,,12,26,141,,13,02,051,*73
$GPGSV,3,2,12,15,31,032,,18,63,273,,20,04,126,,23,37,343,*74
$GPGSV,3,3,12,24,67,024,,25,18,177,,29,14,202,,32,09,270,*77
$GPGLL,,,,,124942.00,V,N*42
20:49:42 | Long: Waiting... | Lat: Waiting...
$GPRMC,124943.00,V,,,,,,,060525,,,N*70
$GPVTG,,,,,,,,,N*30
$GPGGA,124943.00,,,,,0,00,99.99,,,,,,*6F
$GPGSA,A,1,,,,,,,,,,,,,99.99,99.99,99.99*30
$GPGSV,3,1,12,05,30,104,,10,04,318,,12,26,141,24,13,02,051,*75
$GPGSV,3,2,12,15,31,032,,18,63,273,,20,04,126,,23,37,343,*74
$GPGSV,3,3,12,24,67,024,,25,18,177,,29,14,202,,32,09,270,*77
$GPGLL,,,,,124943.00,V,N*43
20:49:43 | Long: Waiting... | Lat: Waiting...
$GPRMC,124944.00,V,,,,,,,060525,,,N*77
$GPVTG,,,,,,,,,N*30
$GPGGA,124944.00,,,,,0,00,99.99,,,,,,*68
$GPGSA,A,1,,,,,,,,,,,,,99.99,99.99,99.99*30
$GPGSV,3,1,12,05,30,104,,10,04,318,,12,26,141,,13,02,051,*73
$GPGSV,3,2,12,15,31,032,,18,63,273,,20,04,126,,23,38,344,*7C
$GPGSV,3,3,12,24,66,023,,25,18,177,,29,14,202,,32,09,270,*71
$GPGLL,,,,,124944.00,V,N*44
20:49:44 | Long: Waiting... | Lat: Waiting...
$GPRMC,124945.00,V,,,,,,,060525,,,N*76
$GPVTG,,,,,,,,,N*30
$GPGGA,124945.00,,,,,0,00,99.99,,,,,,*69
$GPGSA,A,1,,,,,,,,,,,,,99.99,99.99,99.99*30
$GPGSV,3,1,12,05,30,104,,10,04,318,,12,26,141,,13,02,051,*73
$GPGSV,3,2,12,15,31,032,,18,63,273,,20,04,126,,23,38,344,*7C
$GPGSV,3,3,12,24,66,023,,25,18,177,,29,14,202,,32,09,270,*71
$GPGLL,,,,,124945.00,V,N*45
20:49:45 | Long: Waiting... | Lat: Waiting...
$GPRMC,124946.00,V,,,,,,,060525,,,N*75
$GPVTG,,,,,,,,,N*30
$GPGGA,124946.00,,,,,0,00,99.99,,,,,,*6A
$GPGSA,A,1,,,,,,,,,,,,,99.99,99.99,99.99*30
$GPGSV,3,1,12,05,30,104,,10,04,318,,12,26,141,,13,02,051,*73
$GPGSV,3,2,12,15,31,032,,18,63,273,,20,04,126,,23,38,344,*7C
$GPGSV,3,3,12,24,66,023,,25,18,177,,29,14,202,,32,09,270,*71
$GPGLL,,,,,124946.00,V,N*46
20:49:46 | Long: Waiting... | Lat: Waiting...
$GPRMC,124947.00,V,,,,,,,060525,,,N*74
$GPVTG,,,,,,,,,N*30
$GPGGA,124947.00,,,,,0,00,99.99,,,,,,*6B
$GPGSA,A,1,,,,,,,,,,,,,99.99,99.99,99.99*30
$GPGSV,3,1,12,05,30,104,,10,04,318,,12,26,141,,13,02,051,*73
$GPGSV,3,2,12,15,31,032,,18,63,273,,20,04,126,,23,38,344,*7C
$GPGSV,3,3,12,24,66,023,,25,18,177,,29,14,202,,32,09,270,*71
$GPGLL,,,,,124947.00,V,N*47
20:49:47 | Long: Waiting... | Lat: Waiting...
$GPRMC,124948.00,V,,,,,,,060525,,,N*7B
$GPVTG,,,,,,,,,N*30
$GPGGA,124948.00,,,,,0,00,99.99,,,,,,*64
$GPGSA,A,1,,,,,,,,,,,,,99.99,99.99,99.99*30
$GPGSV,3,1,12,05,30,104,,10,04,318,,12,26,141,,13,02,051,*73
$GPGSV,3,2,12,15,31,032,,18,63,273,,20,04,126,,23,38,344,*7C
$GPGSV,3,3,12,24,66,023,,25,18,177,,29,14,202,,32,09,271,*70
$GPGLL,,,,,124948.00,V,N*48
20:49:48 | Long: Waiting... | Lat: Waiting...
$GPRMC,124949.00,V,,,,,,,060525,,,N*7A
$GPVTG,,,,,,,,,N*30
$GPGGA,124949.00,,,,,0,00,99.99,,,,,,*65
$GPGSA,A,1,,,,,,,,,,,,,99.99,99.99,99.99*30
$GPGSV,3,1,12,05,30,104,,10,04,318,,12,26,141,,13,02,051,*73
$GPGSV,3,2,12,15,31,032,,18,63,273,,20,04,126,,23,38,344,27*79
$GPGSV,3,3,12,24,66,023,19,25,18,177,,29,14,202,,32,09,271,*78
$GPGLL,,,,,124949.00,V,N*49
20:49:49 | Long: Waiting... | Lat: Waiting...
$GPRMC,124950.00,V,,,,,,,060525,,,N*72
$GPVTG,,,,,,,,,N*30
$GPGGA,124950.00,,,,,0,00,99.99,,,,,,*6D
$GPGSA,A,1,,,,,,,,,,,,,99.99,99.99,99.99*30
$GPGSV,3,1,12,05,30,104,,10,04,318,,12,26,141,,13,02,051,*73
$GPGSV,3,2,12,15,31,032,,18,63,273,,20,04,126,,23,38,344,*7C
$GPGSV,3,3,12,24,66,023,17,25,18,177,,29,14,202,,32,09,271,*76
$GPGLL,,,,,124950.00,V,N*41
20:49:50 | Long: Waiting... | Lat: Waiting...
$GPRMC,124951.00,V,,,,,,,060525,,,N*73
$GPVTG,,,,,,,,,N*30
$GPGGA,124951.00,,,,,0,00,99.99,,,,,,*6C
$GPGSA,A,1,,,,,,,,,,,,,99.99,99.99,99.99*30
$GPGSV,3,1,12,05,30,104,,10,04,318,,12,26,141,,13,02,051,*73
$GPGSV,3,2,12,15,31,032,,18,63,273,,20,04,126,,23,38,344,*7C
$GPGSV,3,3,12,24,66,023,14,25,18,177,28,29,14,202,,32,09,271,*7F
$GPGLL,,,,,124951.00,V,N*40
20:49:51 | Long: Waiting... | Lat: Waiting...
$GPRMC,124952.00,V,,,,,,,060525,,,N*70
$GPVTG,,,,,,,,,N*30
$GPGGA,124952.00,,,,,0,00,99.99,,,,,,*6F
$GPGSA,A,1,,,,,,,,,,,,,99.99,99.99,99.99*30
$GPGSV,3,1,12,05,30,104,,10,04,318,,12,26,141,,13,02,051,*73
$GPGSV,3,2,12,15,31,032,,18,63,273,,20,04,126,,23,38,344,*7C
$GPGSV,3,3,12,24,66,023,,25,18,177,,29,14,202,,32,09,271,*70
$GPGLL,,,,,124952.00,V,N*43
20:49:52 | Long: Waiting... | Lat: Waiting...
$GPRMC,124953.00,V,,,,,,,060525,,,N*71
$GPVTG,,,,,,,,,N*30
$GPGGA,124953.00,,,,,0,00,99.99,,,,,,*6E
$GPGSA,A,1,,,,,,,,,,,,,99.99,99.99,99.99*30
$GPGSV,3,1,12,05,30,104,,10,04,318,,12,26,141,,13,02,051,*73
$GPGSV,3,2,12,15,31,032,,18,63,273,,20,04,126,,23,38,344,*7C
$GPGSV,3,3,12,24,66,023,,25,18,177,,29,14,202,,32,09,271,*70
$GPGLL,,,,,124953.00,V,N*42
20:49:53 | Long: Waiting... | Lat: Waiting...
$GPRMC,124954.00,V,,,,,,,060525,,,N*76
$GPVTG,,,,,,,,,N*30
$GPGGA,124954.00,,,,,0,00,99.99,,,,,,*69
$GPGSA,A,1,,,,,,,,,,,,,99.99,99.99,99.99*30
$GPGSV,3,1,12,05,30,104,,10,04,318,,12,26,141,,13,02,051,*73
$GPGSV,3,2,12,15,31,032,,18,63,273,,20,04,126,,23,38,344,*7C
$GPGSV,3,3,12,24,66,023,,25,18,177,,29,14,202,,32,09,271,*70
$GPGLL,,,,,124954.00,V,N*45
20:49:54 | Long: Waiting... | Lat: Waiting...
$GPRMC,124955.00,V,,,,,,,060525,,,N*77
$GPVTG,,,,,,,,,N*30
$GPGGA,124955.00,,,,,0,00,99.99,,,,,,*68
$GPGSA,A,1,,,,,,,,,,,,,99.99,99.99,99.99*30
$GPGSV,3,1,12,05,30,104,,10,04,318,,12,26,141,,13,02,051,*73
$GPGSV,3,2,12,15,31,032,,18,63,273,,20,04,126,,23,38,344,*7C
$GPGSV,3,3,12,24,66,023,,25,18,177,,29,14,202,,32,09,271,*70
$GPGLL,,,,,124955.00,V,N*44
20:49:55 | Long: Waiting... | Lat: Waiting...
$GPRMC,124956.00,V,,,,,,,060525,,,N*74
$GPVTG,,,,,,,,,N*30
$GPGGA,124956.00,,,,,0,00,99.99,,,,,,*6B
$GPGSA,A,1,,,,,,,,,,,,,99.99,99.99,99.99*30
$GPGSV,3,1,12,05,30,104,,10,04,318,,12,26,141,,13,02,051,*73
$GPGSV,3,2,12,15,31,032,,18,63,273,,20,04,126,,23,38,344,*7C
$GPGSV,3,3,12,24,66,023,,25,18,177,,29,14,202,,32,09,271,*70
$GPGLL,,,,,124956.00,V,N*47
20:49:56 | Long: Waiting... | Lat: Waiting...
$GPRMC,124957.00,V,,,,,,,060525,,,N*75
$GPVTG,,,,,,,,,N*30
$GPGGA,124957.00,,,,,0,00,99.99,,,,,,*6A
$GPGSA,A,1,,,,,,,,,,,,,99.99,99.99,99.99*30
$GPGSV,3,1,12,05,30,104,,10,04,318,,12,26,141,,13,02,051,*73
$GPGSV,3,2,12,15,31,032,,18,63,273,,20,04,126,,23,38,344,28*76
$GPGSV,3,3,12,24,66,023,,25,18,177,,29,14,202,,32,09,271,*70
$GPGLL,,,,,124957.00,V,N*46
20:49:57 | Long: Waiting... | Lat: Waiting...
$GPRMC,124958.00,V,,,,,,,060525,,,N*7A
$GPVTG,,,,,,,,,N*30
$GPGGA,124958.00,,,,,0,00,99.99,,,,,,*65
$GPGSA,A,1,,,,,,,,,,,,,99.99,99.99,99.99*30
$GPGSV,3,1,12,05,30,104,,10,04,318,,12,26,141,,13,02,051,*73
$GPGSV,3,2,12,15,31,032,,18,63,273,,20,04,126,,23,38,344,*7C
$GPGSV,3,3,12,24,66,023,,25,18,177,,29,14,202,,32,09,271,*70
$GPGLL,,,,,124958.00,V,N*49
20:49:58 | Long: Waiting... | Lat: Waiting...
$GPRMC,124959.00,V,,,,,,,060525,,,N*7B
$GPVTG,,,,,,,,,N*30
$GPGGA,124959.00,,,,,0,00,99.99,,,,,,*64
$GPGSA,A,1,,,,,,,,,,,,,99.99,99.99,99.99*30
$GPGSV,3,1,12,05,30,104,,10,04,318,,12,26,141,,13,02,051,*73
$GPGSV,3,2,12,15,31,032,,18,63,273,,20,04,126,,23,38,344,*7C
$GPGSV,3,3,12,24,66,023,,25,18,177,,29,14,202,,32,09,271,*70
$GPGLL,,,,,124959.00,V,N*48
20:49:59 | Long: Waiting... | Lat: Waiting...
$GPRMC,125000.00,V,,,,,,,060525,,,N*7F
$GPVTG,,,,,,,,,N*30
$GPGGA,125000.00,,,,,0,00,99.99,,,,,,*60
$GPGSA,A,1,,,,,,,,,,,,,99.99,99.99,99.99*30
$GPGSV,3,1,12,05,30,104,,10,04,318,,12,26,141,,13,02,051,*73
$GPGSV,3,2,12,15,31,032,,18,63,273,,20,04,126,,23,38,344,*7C
$GPGSV,3,3,12,24,66,023,,25,18,177,,29,14,202,,32,09,271,*70
$GPGLL,,,,,125000.00,V,N*4C
20:50:00 | Long: Waiting... | Lat: Waiting...
$GPRMC,125001.00,V,,,,,,,060525,,,N*7E
$GPVTG,,,,,,,,,N*30
$GPGGA,125001.00,,,,,0,00,99.99,,,,,,*61
$GPGSA,A,1,,,,,,,,,,,,,99.99,99.99,99.99*30
$GPGSV,3,1,12,05,30,104,,10,04,318,,12,26,141,,13,02,051,*73
$GPGSV,3,2,12,15,31,032,,18,63,273,,20,04,126,,23,38,344,*7C
$GPGSV,3,3,12,24,66,023,,25,18,177,,29,14,202,,32,09,271,*70
$GPGLL,,,,,125001.00,V,N*4D
20:50:01 | Long: Waiting... | Lat: Waiting...
$GPRMC,125002.00,V,,,,,,,060525,,,N*7D
$GPVTG,,,,,,,,,N*30
$GPGGA,125002.00,,,,,0,00,99.99,,,,,,*62
$GPGSA,A,1,,,,,,,,,,,,,99.99,99.99,99.99*30
$GPGSV,3,1,12,05,30,104,,10,04,318,,12,26,141,,13,02,051,*73
$GPGSV,3,2,12,15,31,032,,18,63,273,,20,04,126,,23,38,344,*7C
$GPGSV,3,3,12,24,66,023,,25,18,177,,29,14,202,,32,09,271,*70
$GPGLL,,,,,125002.00,V,N*4E
20:50:02 | Long: Waiting... | Lat: Waiting...
$GPRMC,125003.00,V,,,,,,,060525,,,N*7C
$GPVTG,,,,,,,,,N*30
$GPGGA,125003.00,,,,,0,00,99.99,,,,,,*63
$GPGSA,A,1,,,,,,,,,,,,,99.99,99.99,99.99*30
$GPGSV,3,1,12,05,30,104,,10,04,318,,12,26,141,,13,02,051,*73
$GPGSV,3,2,12,15,31,032,,18,63,273,,20,04,126,,23,38,344,*7C
$GPGSV,3,3,12,24,66,023,,25,18,177,,29,14,202,,32,09,271,*70
$GPGLL,,,,,125003.00,V,N*4F
20:50:03 | Long: Waiting... | Lat: Waiting...
$GPRMC,125004.00,V,,,,,,,060525,,,N*7B
$GPVTG,,,,,,,,,N*30
$GPGGA,125004.00,,,,,0,00,99.99,,,,,,*64
$GPGSA,A,1,,,,,,,,,,,,,99.99,99.99,99.99*30
$GPGSV,3,1,12,05,30,104,,10,04,318,,12,26,141,,13,02,051,*73
$GPGSV,3,2,12,15,31,032,,18,63,273,,20,04,126,,23,38,344,*7C
$GPGSV,3,3,12,24,66,023,,25,18,177,,29,14,202,,32,09,271,*70
$GPGLL,,,,,125004.00,V,N*48
20:50:04 | Long: Waiting... | Lat: Waiting...
$GPRMC,125005.00,V,,,,,,,060525,,,N*7A
$GPVTG,,,,,,,,,N*30
$GPGGA,125005.00,,,,,0,00,99.99,,,,,,*65
$GPGSA,A,1,,,,,,,,,,,,,99.99,99.99,99.99*30
$GPGSV,3,1,12,05,30,104,,10,04,318,,12,26,141,,13,02,051,*73
$GPGSV,3,2,12,15,31,032,,18,63,273,,20,04,126,,23,38,344,*7C
$GPGSV,3,3,12,24,66,023,,25,18,177,,29,14,202,,32,09,271,*70
$GPGLL,,,,,125005.00,V,N*49
20:50:05 | Long: Waiting... | Lat: Waiting...
$GPRMC,125006.00,V,,,,,,,060525,,,N*79
$GPVTG,,,,,,,,,N*30
$GPGGA,125006.00,,,,,0,00,99.99,,,,,,*66
$GPGSA,A,1,,,,,,,,,,,,,99.99,99.99,99.99*30
$GPGSV,3,1,12,05,30,104,,10,04,318,,12,26,141,,13,02,051,*73
$GPGSV,3,2,12,15,31,032,,18,63,273,,20,04,126,,23,38,344,*7C
$GPGSV,3,3,12,24,66,023,,25,18,177,,29,14,202,,32,09,271,*70
$GPGLL,,,,,125006.00,V,N*4A
20:50:06 | Long: Waiting... | Lat: Waiting...
$GPRMC,125007.00,V,,,,,,,060525,,,N*78
$GPVTG,,,,,,,,,N*30
$GPGGA,125007.00,,,,,0,00,99.99,,,,,,*67
$GPGSA,A,1,,,,,,,,,,,,,99.99,99.99,99.99*30
$GPGSV,3,1,12,05,30,104,,10,04,318,,12,26,141,,13,02,051,*73
$GPGSV,3,2,12,15,31,032,,18,63,273,,20,04,126,,23,38,344,*7C
$GPGSV,3,3,12,24,66,023,,25,18,177,,29,14,202,,32,09,271,*70
$GPGLL,,,,,125007.00,V,N*4B
20:50:07 | Long: Waiting... | Lat: Waiting...
$GPRMC,125008.00,V,,,,,,,060525,,,N*77
$GPVTG,,,,,,,,,N*30
$GPGGA,125008.00,,,,,0,00,99.99,,,,,,*68
$GPGSA,A,1,,,,,,,,,,,,,99.99,99.99,99.99*30
$GPGSV,3,1,12,05,30,104,,10,04,318,,12,26,141,,13,02,051,*73
$GPGSV,3,2,12,15,31,032,,18,63,273,,20,04,126,,23,38,344,*7C
$GPGSV,3,3,12,24,66,023,,25,18,177,,29,14,202,,32,09,271,*70
$GPGLL,,,,,125008.00,V,N*44
20:50:08 | Long: Waiting... | Lat: Waiting...
$GPRMC,125009.00,V,,,,,,,060525,,,N*76
$GPVTG,,,,,,,,,N*30
$GPGGA,125009.00,,,,,0,00,99.99,,,,,,*69
$GPGSA,A,1,,,,,,,,,,,,,99.99,99.99,99.99*30
$GPGSV,3,1,12,05,30,104,,10,04,318,,12,26,141,,13,02,051,*73
$GPGSV,3,2,12,15,31,032,,18,63,273,,20,04,126,,23,38,344,*7C
$GPGSV,3,3,12,24,66,023,,25,18,177,,29,14,202,,32,09,271,*70
$GPGLL,,,,,125009.00,V,N*45
20:50:09 | Long: Waiting... | Lat: Waiting...
$GPRMC,125010.00,V,,,,,,,060525,,,N*7E
$GPVTG,,,,,,,,,N*30
$GPGGA,125010.00,,,,,0,00,99.99,,,,,,*61
$GPGSA,A,1,,,,,,,,,,,,,99.99,99.99,99.99*30
$GPGSV,3,1,12,05,30,105,,10,04,318,,12,26,141,,13,02,051,*72
$GPGSV,3,2,12,15,31,032,,18,63,273,,20,04,126,,23,38,344,*7C
$GPGSV,3,3,12,24,66,023,,25,18,177,,29,14,202,,32,09,271,*70
$GPGLL,,,,,125010.00,V,N*4D
20:50:10 | Long: Waiting... | Lat: Waiting...
$GPRMC,125011.00,V,,,,,,,060525,,,N*7F
$GPVTG,,,,,,,,,N*30
$GPGGA,125011.00,,,,,0,00,99.99,,,,,,*60
$GPGSA,A,1,,,,,,,,,,,,,99.99,99.99,99.99*30
$GPGSV,3,1,12,05,30,105,,10,04,318,,12,26,141,,13,02,051,*72
$GPGSV,3,2,12,15,31,032,,18,63,273,,20,04,126,,23,38,344,*7C
$GPGSV,3,3,12,24,66,023,,25,18,177,,29,14,202,,32,09,271,*70
$GPGLL,,,,,125011.00,V,N*4C
20:50:11 | Long: Waiting... | Lat: Waiting...
$GPRMC,125012.00,V,,,,,,,060525,,,N*7C
$GPVTG,,,,,,,,,N*30
$GPGGA,125012.00,,,,,0,00,99.99,,,,,,*63
$GPGSA,A,1,,,,,,,,,,,,,99.99,99.99,99.99*30
$GPGSV,3,1,12,05,30,105,,10,04,318,,12,26,141,,13,02,051,*72
$GPGSV,3,2,12,15,31,032,,18,63,273,,20,04,126,,23,38,344,*7C
$GPGSV,3,3,12,24,66,023,,25,18,177,,29,14,202,,32,09,271,*70
$GPGLL,,,,,125012.00,V,N*4F
20:50:12 | Long: Waiting... | Lat: Waiting...
$GPRMC,125013.00,V,,,,,,,060525,,,N*7D
$GPVTG,,,,,,,,,N*30
$GPGGA,125013.00,,,,,0,00,99.99,,,,,,*62
$GPGSA,A,1,,,,,,,,,,,,,99.99,99.99,99.99*30
$GPGSV,3,1,12,05,30,105,,10,05,318,,12,26,141,,13,02,051,*73
$GPGSV,3,2,12,15,31,032,,18,63,273,,20,04,126,,23,38,344,*7C
$GPGSV,3,3,12,24,66,023,,25,18,177,,29,14,202,,32,09,271,*70
$GPGLL,,,,,125013.00,V,N*4E
20:50:13 | Long: Waiting... | Lat: Waiting...
$GPRMC,125014.00,V,,,,,,,060525,,,N*7A
$GPVTG,,,,,,,,,N*30
$GPGGA,125014.00,,,,,0,00,99.99,,,,,,*65
$GPGSA,A,1,,,,,,,,,,,,,99.99,99.99,99.99*30
$GPGSV,3,1,12,05,30,105,,10,05,318,,12,27,140,,13,02,051,*73
$GPGSV,3,2,12,15,31,032,,18,63,273,,20,04,126,,23,38,344,*7C
$GPGSV,3,3,12,24,66,023,,25,18,177,,29,14,202,,32,09,271,*70
$GPGLL,,,,,125014.00,V,N*49
20:50:14 | Long: Waiting... | Lat: Waiting...
$GPRMC,125015.00,V,,,,,,,060525,,,N*7B
$GPVTG,,,,,,,,,N*30
$GPGGA,125015.00,,,,,0,00,99.99,,,,,,*64
$GPGSA,A,1,,,,,,,,,,,,,99.99,99.99,99.99*30
$GPGSV,3,1,12,05,30,105,,10,05,318,,12,27,140,,13,02,051,*73
$GPGSV,3,2,12,15,31,032,,18,63,273,,20,04,126,,23,38,344,*7C
$GPGSV,3,3,12,24,66,023,,25,18,177,,29,14,202,,32,09,271,*70
$GPGLL,,,,,125015.00,V,N*48
20:50:15 | Long: Waiting... | Lat: Waiting...
$GPRMC,125016.00,V,,,,,,,060525,,,N*78
$GPVTG,,,,,,,,,N*30
$GPGGA,125016.00,,,,,0,00,99.99,,,,,,*67
$GPGSA,A,1,,,,,,,,,,,,,99.99,99.99,99.99*30
$GPGSV,3,1,12,05,30,105,,10,05,318,,12,27,140,,13,02,051,*73
$GPGSV,3,2,12,15,31,032,,18,63,273,,20,04,126,,23,38,344,*7C
$GPGSV,3,3,12,24,66,023,,25,18,177,,29,14,202,,32,09,271,*70
$GPGLL,,,,,125016.00,V,N*4B
20:50:16 | Long: Waiting... | Lat: Waiting...
$GPRMC,125017.00,V,,,,,,,060525,,,N*79
$GPVTG,,,,,,,,,N*30
$GPGGA,125017.00,,,,,0,00,99.99,,,,,,*66
$GPGSA,A,1,,,,,,,,,,,,,99.99,99.99,99.99*30
$GPGSV,3,1,12,05,30,105,,10,05,318,,12,27,140,,13,02,051,*73
$GPGSV,3,2,12,15,31,032,25,18,63,273,,20,04,126,,23,38,344,*7B
$GPGSV,3,3,12,24,66,023,,25,18,177,,29,14,202,,32,09,271,*70
$GPGLL,,,,,125017.00,V,N*4A
20:50:17 | Long: Waiting... | Lat: Waiting...
$GPRMC,125018.00,V,,,,,,,060525,,,N*76
$GPVTG,,,,,,,,,N*30
$GPGGA,125018.00,,,,,0,00,99.99,,,,,,*69
$GPGSA,A,1,,,,,,,,,,,,,99.99,99.99,99.99*30
$GPGSV,3,1,12,05,30,105,,10,05,318,,12,27,140,,13,02,051,*73
$GPGSV,3,2,12,15,31,032,,18,63,273,,20,04,127,,23,38,344,*7D
$GPGSV,3,3,12,24,66,023,,25,18,177,,29,14,202,,32,09,271,*70
$GPGLL,,,,,125018.00,V,N*45
20:50:18 | Long: Waiting... | Lat: Waiting...
$GPRMC,125019.00,V,,,,,,,060525,,,N*77
$GPVTG,,,,,,,,,N*30
$GPGGA,125019.00,,,,,0,00,99.99,,,,,,*68
$GPGSA,A,1,,,,,,,,,,,,,99.99,99.99,99.99*30
$GPGSV,3,1,12,05,30,105,,10,05,318,,12,27,140,,13,02,051,*73
$GPGSV,3,2,12,15,31,032,,18,63,273,,20,04,127,,23,38,344,25*7A
$GPGSV,3,3,12,24,66,023,,25,18,177,,29,14,202,,32,09,271,*70
$GPGLL,,,,,125019.00,V,N*44
20:50:19 | Long: Waiting... | Lat: Waiting...
$GPRMC,125020.00,V,,,,,,,060525,,,N*7D
$GPVTG,,,,,,,,,N*30
$GPGGA,125020.00,,,,,0,00,99.99,,,,,,*62
$GPGSA,A,1,,,,,,,,,,,,,99.99,99.99,99.99*30
$GPGSV,3,1,12,05,30,105,,10,05,318,,12,27,140,,13,02,051,*73
$GPGSV,3,2,12,15,31,032,,18,63,273,,20,04,127,,23,38,344,*7D
$GPGSV,3,3,12,24,66,023,,25,18,177,,29,14,202,,32,09,271,*70
$GPGLL,,,,,125020.00,V,N*4E
20:50:20 | Long: Waiting... | Lat: Waiting...
$GPRMC,125021.00,V,,,,,,,060525,,,N*7C
$GPVTG,,,,,,,,,N*30
$GPGGA,125021.00,,,,,0,00,99.99,,,,,,*63
$GPGSA,A,1,,,,,,,,,,,,,99.99,99.99,99.99*30
$GPGSV,3,1,12,05,30,105,,10,05,318,,12,27,140,,13,02,051,*73
$GPGSV,3,2,12,15,31,032,18,18,63,273,,20,04,127,,23,38,344,*74
$GPGSV,3,3,12,24,66,023,,25,18,177,,29,14,202,,32,09,271,*70
$GPGLL,,,,,125021.00,V,N*4F
20:50:21 | Long: Waiting... | Lat: Waiting...
$GPRMC,125022.00,V,,,,,,,060525,,,N*7F
$GPVTG,,,,,,,,,N*30
$GPGGA,125022.00,,,,,0,00,99.99,,,,,,*60
$GPGSA,A,1,,,,,,,,,,,,,99.99,99.99,99.99*30
$GPGSV,4,1,13,05,30,105,,10,05,318,,12,27,140,,13,02,051,*75
$GPGSV,4,2,13,15,31,032,14,18,63,273,,20,04,127,20,23,38,344,*7C
$GPGSV,4,3,13,24,66,023,,25,18,177,,28,00,217,,29,13,202,*73
$GPGSV,4,4,13,32,09,271,*47
$GPGLL,,,,,125022.00,V,N*4C
20:50:22 | Long: Waiting... | Lat: Waiting...
$GPRMC,125023.00,V,,,,,,,060525,,,N*7E
$GPVTG,,,,,,,,,N*30
$GPGGA,125023.00,,,,,0,00,99.99,,,,,,*61
$GPGSA,A,1,,,,,,,,,,,,,99.99,99.99,99.99*30
$GPGSV,4,1,13,05,30,105,,10,05,318,,12,27,140,,13,02,051,*75
$GPGSV,4,2,13,15,31,032,,18,63,273,,20,04,127,18,23,38,344,19*7A
$GPGSV,4,3,13,24,66,023,,25,18,177,24,28,00,217,,29,13,202,*75
$GPGSV,4,4,13,32,09,271,*47
$GPGLL,,,,,125023.00,V,N*4D
20:50:23 | Long: Waiting... | Lat: Waiting...
$GPRMC,125024.00,V,,,,,,,060525,,,N*79
$GPVTG,,,,,,,,,N*30
$GPGGA,125024.00,,,,,0,00,99.99,,,,,,*66
$GPGSA,A,1,,,,,,,,,,,,,99.99,99.99,99.99*30
$GPGSV,4,1,13,05,30,105,,10,05,318,,12,27,140,,13,02,051,*75
$GPGSV,4,2,13,15,31,032,,18,63,273,,20,04,127,16,23,38,344,16*7B
$GPGSV,4,3,13,24,66,023,,25,18,177,,28,00,217,,29,13,202,*73
$GPGSV,4,4,13,32,09,271,*47
$GPGLL,,,,,125024.00,V,N*4A
20:50:24 | Long: Waiting... | Lat: Waiting...
$GPRMC,125025.00,V,,,,,,,060525,,,N*78
$GPVTG,,,,,,,,,N*30
$GPGGA,125025.00,,,,,0,00,99.99,,,,,,*67
$GPGSA,A,1,,,,,,,,,,,,,99.99,99.99,99.99*30
$GPGSV,4,1,13,05,30,105,,10,05,318,,12,27,140,,13,02,051,*75
$GPGSV,4,2,13,15,31,032,,18,63,273,,20,04,127,10,23,38,344,*7A
$GPGSV,4,3,13,24,66,023,,25,18,177,,28,00,217,,29,13,202,*73
$GPGSV,4,4,13,32,09,271,*47
$GPGLL,,,,,125025.00,V,N*4B
20:50:25 | Long: Waiting... | Lat: Waiting...
$GPRMC,125026.00,V,,,,,,,060525,,,N*7B
$GPVTG,,,,,,,,,N*30
$GPGGA,125026.00,,,,,0,00,99.99,,,,,,*64
$GPGSA,A,1,,,,,,,,,,,,,99.99,99.99,99.99*30
$GPGSV,4,1,13,05,30,105,,10,05,318,,12,27,140,,13,02,051,*75
$GPGSV,4,2,13,15,31,032,,18,63,273,,20,04,127,,23,38,344,*7B
$GPGSV,4,3,13,24,66,023,,25,18,177,,28,00,217,,29,13,202,*73
$GPGSV,4,4,13,32,09,271,*47
$GPGLL,,,,,125026.00,V,N*48
20:50:26 | Long: Waiting... | Lat: Waiting...
$GPRMC,125027.00,V,,,,,,,060525,,,N*7A
$GPVTG,,,,,,,,,N*30
$GPGGA,125027.00,,,,,0,00,99.99,,,,,,*65
$GPGSA,A,1,,,,,,,,,,,,,99.99,99.99,99.99*30
$GPGSV,4,1,13,05,30,105,,10,05,318,,12,27,140,,13,02,051,*75
$GPGSV,4,2,13,15,31,032,,18,63,273,,20,04,127,,23,38,344,*7B
$GPGSV,4,3,13,24,66,023,,25,18,177,,28,00,217,,29,13,202,*73
$GPGSV,4,4,13,32,09,271,*47
$GPGLL,,,,,125027.00,V,N*49
20:50:27 | Long: Waiting... | Lat: Waiting...
$GPRMC,125028.00,V,,,,,,,060525,,,N*75
$GPVTG,,,,,,,,,N*30
$GPGGA,125028.00,,,,,0,00,99.99,,,,,,*6A
$GPGSA,A,1,,,,,,,,,,,,,99.99,99.99,99.99*30
$GPGSV,4,1,13,05,30,105,,10,05,318,,12,27,140,,13,02,051,*75
$GPGSV,4,2,13,15,31,032,,18,63,273,,20,04,127,,23,38,344,*7B
$GPGSV,4,3,13,24,66,023,,25,18,177,,28,00,217,,29,13,202,*73
$GPGSV,4,4,13,32,09,271,*47
$GPGLL,,,,,125028.00,V,N*46
20:50:28 | Long: Waiting... | Lat: Waiting...
$GPRMC,125029.00,V,,,,,,,060525,,,N*74
$GPVTG,,,,,,,,,N*30
$GPGGA,125029.00,,,,,0,00,99.99,,,,,,*6B
$GPGSA,A,1,,,,,,,,,,,,,99.99,99.99,99.99*30
$GPGSV,4,1,13,05,30,105,,10,05,318,,12,27,140,,13,02,051,*75
$GPGSV,4,2,13,15,31,032,,18,63,273,,20,04,127,,23,38,344,*7B
$GPGSV,4,3,13,24,66,023,,25,18,177,,28,00,217,,29,13,202,*73
$GPGSV,4,4,13,32,09,271,*47
$GPGLL,,,,,125029.00,V,N*47
20:50:29 | Long: Waiting... | Lat: Waiting...
$GPRMC,125030.00,V,,,,,,,060525,,,N*7C
$GPVTG,,,,,,,,,N*30
$GPGGA,125030.00,,,,,0,00,99.99,,,,,,*63
$GPGSA,A,1,,,,,,,,,,,,,99.99,99.99,99.99*30
$GPGSV,4,1,13,05,30,105,,10,05,318,,12,27,140,,13,02,051,*75
$GPGSV,4,2,13,15,31,032,,18,63,273,,20,04,127,,23,38,344,*7B
$GPGSV,4,3,13,24,66,023,,25,18,177,,28,00,217,,29,13,202,*73
$GPGSV,4,4,13,32,09,271,*47
$GPGLL,,,,,125030.00,V,N*4F
20:50:30 | Long: Waiting... | Lat: Waiting...
$GPRMC,125031.00,V,,,,,,,060525,,,N*7D
$GPVTG,,,,,,,,,N*30
$GPGGA,125031.00,,,,,0,00,99.99,,,,,,*62
$GPGSA,A,1,,,,,,,,,,,,,99.99,99.99,99.99*30
$GPGSV,4,1,13,05,30,105,,10,05,318,,12,27,140,,13,02,051,*75
$GPGSV,4,2,13,15,31,032,,18,63,273,,20,04,127,,23,38,344,*7B
$GPGSV,4,3,13,24,66,023,,25,18,177,26,28,00,217,,29,13,202,*77
$GPGSV,4,4,13,32,09,271,*47
$GPGLL,,,,,125031.00,V,N*4E
20:50:31 | Long: Waiting... | Lat: Waiting...
$GPRMC,125032.00,V,,,,,,,060525,,,N*7E
$GPVTG,,,,,,,,,N*30
$GPGGA,125032.00,,,,,0,00,99.99,,,,,,*61
$GPGSA,A,1,,,,,,,,,,,,,99.99,99.99,99.99*30
$GPGSV,4,1,13,05,30,105,,10,05,318,,12,27,140,,13,02,051,*75
$GPGSV,4,2,13,15,31,032,,18,63,273,,20,04,127,,23,38,344,*7B
$GPGSV,4,3,13,24,66,023,,25,18,177,,28,00,217,,29,13,202,*73
$GPGSV,4,4,13,32,09,271,*47
$GPGLL,,,,,125032.00,V,N*4D
20:50:32 | Long: Waiting... | Lat: Waiting...
$GPRMC,125033.00,V,,,,,,,060525,,,N*7F
$GPVTG,,,,,,,,,N*30
$GPGGA,125033.00,,,,,0,00,99.99,,,,,,*60
$GPGSA,A,1,,,,,,,,,,,,,99.99,99.99,99.99*30
$GPGSV,4,1,13,05,30,105,21,10,05,318,,12,27,140,,13,02,051,*76
$GPGSV,4,2,13,15,31,032,,18,63,273,,20,04,127,,23,38,344,*7B
$GPGSV,4,3,13,24,66,023,,25,18,177,,28,00,217,,29,13,202,*73
$GPGSV,4,4,13,32,09,271,*47
$GPGLL,,,,,125033.00,V,N*4C
20:50:33 | Long: Waiting... | Lat: Waiting...
$GPRMC,125034.00,V,,,,,,,060525,,,N*78
$GPVTG,,,,,,,,,N*30
$GPGGA,125034.00,,,,,0,00,99.99,,,,,,*67
$GPGSA,A,1,,,,,,,,,,,,,99.99,99.99,99.99*30
$GPGSV,4,1,13,05,30,105,,10,05,318,24,12,27,140,,13,02,051,*73
$GPGSV,4,2,13,15,31,032,,18,63,273,,20,04,127,,23,38,344,*7B
$GPGSV,4,3,13,24,66,023,,25,18,177,,28,00,217,,29,13,202,*73
$GPGSV,4,4,13,32,09,271,*47
$GPGLL,,,,,125034.00,V,N*4B
20:50:34 | Long: Waiting... | Lat: Waiting...
$GPRMC,125035.00,V,,,,,,,060525,,,N*79
$GPVTG,,,,,,,,,N*30
$GPGGA,125035.00,,,,,0,00,99.99,,,,,,*66
$GPGSA,A,1,,,,,,,,,,,,,99.99,99.99,99.99*30
$GPGSV,4,1,13,05,30,105,,10,05,318,,12,27,140,28,13,02,051,*7F
$GPGSV,4,2,13,15,31,032,,18,63,273,,20,04,127,,23,38,344,*7B
$GPGSV,4,3,13,24,66,023,,25,18,177,,28,00,217,,29,13,202,*73
$GPGSV,4,4,13,32,09,271,*47
$GPGLL,,,,,125035.00,V,N*4A
20:50:35 | Long: Waiting... | Lat: Waiting...
$GPRMC,125036.00,V,,,,,,,060525,,,N*7A
$GPVTG,,,,,,,,,N*30
$GPGGA,125036.00,,,,,0,00,99.99,,,,,,*65
$GPGSA,A,1,,,,,,,,,,,,,99.99,99.99,99.99*30
$GPGSV,4,1,13,05,30,105,,10,05,318,,12,27,140,,13,02,051,*75
$GPGSV,4,2,13,15,31,032,,18,63,273,,20,04,127,,23,38,344,*7B
$GPGSV,4,3,13,24,66,023,,25,18,177,,28,00,217,,29,13,202,*73
$GPGSV,4,4,13,32,09,271,*47
$GPGLL,,,,,125036.00,V,N*49
20:50:36 | Long: Waiting... | Lat: Waiting...
$GPRMC,125037.00,V,,,,,,,060525,,,N*7B
$GPVTG,,,,,,,,,N*30
$GPGGA,125037.00,,,,,0,00,99.99,,,,,,*64
$GPGSA,A,1,,,,,,,,,,,,,99.99,99.99,99.99*30
$GPGSV,4,1,13,05,30,105,,10,05,318,,12,27,140,,13,02,051,*75
$GPGSV,4,2,13,15,31,032,,18,63,273,,20,04,127,,23,38,344,*7B
$GPGSV,4,3,13,24,66,023,,25,18,177,,28,00,217,,29,13,202,*73
$GPGSV,4,4,13,32,09,271,*47
$GPGLL,,,,,125037.00,V,N*48
20:50:37 | Long: Waiting... | Lat: Waiting...
$GPRMC,125038.00,V,,,,,,,060525,,,N*74
$GPVTG,,,,,,,,,N*30
$GPGGA,125038.00,,,,,0,00,99.99,,,,,,*6B
$GPGSA,A,1,,,,,,,,,,,,,99.99,99.99,99.99*30
$GPGSV,4,1,13,05,30,105,,10,05,318,,12,27,140,,13,02,051,*75
$GPGSV,4,2,13,15,31,032,,18,63,273,,20,04,127,,23,38,344,*7B
$GPGSV,4,3,13,24,66,023,,25,18,177,,28,00,217,,29,13,202,*73
$GPGSV,4,4,13,32,09,271,*47
$GPGLL,,,,,125038.00,V,N*47
20:50:38 | Long: Waiting... | Lat: Waiting...
$GPRMC,125039.00,V,,,,,,,060525,,,N*75
$GPVTG,,,,,,,,,N*30
$GPGGA,125039.00,,,,,0,00,99.99,,,,,,*6A
$GPGSA,A,1,,,,,,,,,,,,,99.99,99.99,99.99*30
$GPGSV,4,1,13,05,30,105,,10,05,318,,12,27,140,,13,02,051,*75
$GPGSV,4,2,13,15,31,032,,18,63,273,,20,04,127,,23,38,344,*7B
$GPGSV,4,3,13,24,66,023,,25,18,177,,28,00,217,,29,13,202,*73
$GPGSV,4,4,13,32,09,271,*47
$GPGLL,,,,,125039.00,V,N*46
20:50:39 | Long: Waiting... | Lat: Waiting...
$GPRMC,125040.00,V,,,,,,,060525,,,N*7B
$GPVTG,,,,,,,,,N*30
$GPGGA,125040.00,,,,,0,00,99.99,,,,,,*64
$GPGSA,A,1,,,,,,,,,,,,,99.99,99.99,99.99*30
$GPGSV,4,1,13,05,30,105,,10,05,318,,12,27,140,,13,02,051,*75
$GPGSV,4,2,13,15,31,032,,18,63,273,,20,04,127,,23,38,344,*7B
$GPGSV,4,3,13,24,66,023,,25,18,177,,28,00,217,,29,13,202,*73
$GPGSV,4,4,13,32,09,271,*47
$GPGLL,,,,,125040.00,V,N*48
20:50:40 | Long: Waiting... | Lat: Waiting...
$GPRMC,125041.00,V,,,,,,,060525,,,N*7A
$GPVTG,,,,,,,,,N*30
$GPGGA,125041.00,,,,,0,00,99.99,,,,,,*65
$GPGSA,A,1,,,,,,,,,,,,,99.99,99.99,99.99*30
$GPGSV,4,1,13,05,30,105,,10,05,318,,12,27,140,,13,02,051,*75
$GPGSV,4,2,13,15,31,032,,18,63,273,,20,04,127,,23,38,344,*7B
$GPGSV,4,3,13,24,66,023,,25,18,177,,28,00,217,,29,13,202,*73
$GPGSV,4,4,13,32,09,271,*47
$GPGLL,,,,,125041.00,V,N*49
20:50:41 | Long: Waiting... | Lat: Waiting...
$GPRMC,125042.00,V,,,,,,,060525,,,N*79
$GPVTG,,,,,,,,,N*30
$GPGGA,125042.00,,,,,0,00,99.99,,,,,,*66
$GPGSA,A,1,,,,,,,,,,,,,99.99,99.99,99.99*30
$GPGSV,4,1,13,05,30,105,,10,05,318,,12,27,140,,13,02,051,*75
$GPGSV,4,2,13,15,31,032,,18,63,273,,20,04,127,,23,38,344,*7B
$GPGSV,4,3,13,24,66,023,,25,18,177,,28,00,217,,29,13,202,*73
$GPGSV,4,4,13,32,09,271,*47
$GPGLL,,,,,125042.00,V,N*4A
20:50:42 | Long: Waiting... | Lat: Waiting...
$GPRMC,125043.00,V,,,,,,,060525,,,N*78
$GPVTG,,,,,,,,,N*30
$GPGGA,125043.00,,,,,0,00,99.99,,,,,,*67
$GPGSA,A,1,,,,,,,,,,,,,99.99,99.99,99.99*30
$GPGSV,4,1,13,05,30,105,,10,05,318,,12,27,140,,13,02,051,*75
$GPGSV,4,2,13,15,31,032,,18,63,273,,20,04,127,,23,38,344,*7B
$GPGSV,4,3,13,24,66,023,,25,18,177,,28,00,217,,29,13,202,*73
$GPGSV,4,4,13,32,09,271,*47
$GPGLL,,,,,125043.00,V,N*4B
20:50:43 | Long: Waiting... | Lat: Waiting...
$GPRMC,125044.00,V,,,,,,,060525,,,N*7F
$GPVTG,,,,,,,,,N*30
$GPGGA,125044.00,,,,,0,00,99.99,,,,,,*60
$GPGSA,A,1,,,,,,,,,,,,,99.99,99.99,99.99*30
$GPGSV,4,1,13,05,30,105,,10,05,318,,12,27,140,,13,02,051,*75
$GPGSV,4,2,13,15,31,032,,18,63,273,,20,04,127,,23,38,344,*7B
$GPGSV,4,3,13,24,66,023,,25,18,177,,28,00,217,,29,13,202,*73
$GPGSV,4,4,13,32,09,271,*47
$GPGLL,,,,,125044.00,V,N*4C
20:50:44 | Long: Waiting... | Lat: Waiting...
$GPRMC,125045.00,V,,,,,,,060525,,,N*7E
$GPVTG,,,,,,,,,N*30
$GPGGA,125045.00,,,,,0,00,99.99,,,,,,*61
$GPGSA,A,1,,,,,,,,,,,,,99.99,99.99,99.99*30
$GPGSV,4,1,13,05,30,105,,10,05,318,,12,27,140,,13,02,051,*75
$GPGSV,4,2,13,15,31,032,,18,63,273,,20,04,127,,23,38,344,*7B
$GPGSV,4,3,13,24,66,023,,25,18,177,,28,00,217,,29,13,202,*73
$GPGSV,4,4,13,32,09,271,*47
$GPGLL,,,,,125045.00,V,N*4D
20:50:45 | Long: Waiting... | Lat: Waiting...
$GPRMC,125046.00,V,,,,,,,060525,,,N*7D
$GPVTG,,,,,,,,,N*30
$GPGGA,125046.00,,,,,0,00,99.99,,,,,,*62
$GPGSA,A,1,,,,,,,,,,,,,99.99,99.99,99.99*30
$GPGSV,4,1,13,05,30,105,,10,05,318,,12,27,140,,13,02,051,*75
$GPGSV,4,2,13,15,31,032,,18,63,273,,20,04,127,,23,38,344,*7B
$GPGSV,4,3,13,24,66,023,,25,18,177,,28,00,217,,29,13,202,*73
$GPGSV,4,4,13,32,09,271,*47
$GPGLL,,,,,125046.00,V,N*4E
20:50:46 | Long: Waiting... | Lat: Waiting...
$GPRMC,125047.00,V,,,,,,,060525,,,N*7C
$GPVTG,,,,,,,,,N*30
$GPGGA,125047.00,,,,,0,00,99.99,,,,,,*63
$GPGSA,A,1,,,,,,,,,,,,,99.99,99.99,99.99*30
$GPGSV,4,1,13,05,30,105,,10,05,318,,12,27,140,,13,02,051,*75
$GPGSV,4,2,13,15,31,032,,18,63,273,,20,04,127,,23,38,344,*7B
$GPGSV,4,3,13,24,66,023,,25,18,177,,28,00,217,,29,13,202,*73
$GPGSV,4,4,13,32,09,271,*47
$GPGLL,,,,,125047.00,V,N*4F
20:50:47 | Long: Waiting... | Lat: Waiting...
$GPRMC,125048.00,V,,,,,,,060525,,,N*73
$GPVTG,,,,,,,,,N*30
$GPGGA,125048.00,,,,,0,00,99.99,,,,,,*6C
$GPGSA,A,1,,,,,,,,,,,,,99.99,99.99,99.99*30
$GPGSV,4,1,13,05,30,105,,10,05,319,,12,27,140,,13,02,051,*74
$GPGSV,4,2,13,15,31,032,,18,63,273,,20,04,127,,23,38,344,*7B
$GPGSV,4,3,13,24,66,023,,25,18,177,,28,00,217,28,29,13,202,*79
$GPGSV,4,4,13,32,09,271,*47
$GPGLL,,,,,125048.00,V,N*40
20:50:48 | Long: Waiting... | Lat: Waiting...
$GPRMC,125049.00,V,,,,,,,060525,,,N*72
$GPVTG,,,,,,,,,N*30
$GPGGA,125049.00,,,,,0,00,99.99,,,,,,*6D
$GPGSA,A,1,,,,,,,,,,,,,99.99,99.99,99.99*30
$GPGSV,4,1,13,05,30,105,,10,05,319,,12,27,140,,13,02,051,*74
$GPGSV,4,2,13,15,31,032,,18,63,273,,20,04,127,,23,38,344,*7B
$GPGSV,4,3,13,24,66,023,,25,18,177,,28,00,217,,29,13,202,*73
$GPGSV,4,4,13,32,09,271,*47
$GPGLL,,,,,125049.00,V,N*41
20:50:49 | Long: Waiting... | Lat: Waiting...
$GPRMC,125050.00,V,,,,,,,060525,,,N*7A
$GPVTG,,,,,,,,,N*30
$GPGGA,125050.00,,,,,0,00,99.99,,,,,,*65
$GPGSA,A,1,,,,,,,,,,,,,99.99,99.99,99.99*30
$GPGSV,4,1,13,05,30,105,,10,05,319,,12,27,140,,13,02,051,*74
$GPGSV,4,2,13,15,31,032,,18,63,273,,20,04,127,,23,38,344,*7B
$GPGSV,4,3,13,24,66,023,,25,18,177,,28,00,217,,29,13,202,*73
$GPGSV,4,4,13,32,09,271,*47
$GPGLL,,,,,125050.00,V,N*49
20:50:50 | Long: Waiting... | Lat: Waiting...
$GPRMC,125051.00,V,,,,,,,060525,,,N*7B
$GPVTG,,,,,,,,,N*30
$GPGGA,125051.00,,,,,0,00,99.99,,,,,,*64
$GPGSA,A,1,,,,,,,,,,,,,99.99,99.99,99.99*30
$GPGSV,4,1,13,05,30,105,,10,05,319,,12,27,140,,13,02,051,*74
$GPGSV,4,2,13,15,31,033,,18,63,273,,20,04,127,,23,38,344,*7A
$GPGSV,4,3,13,24,66,023,,25,18,177,,28,00,217,,29,13,202,*73
$GPGSV,4,4,13,32,09,271,*47
$GPGLL,,,,,125051.00,V,N*48
20:50:51 | Long: Waiting... | Lat: Waiting...
$GPRMC,125052.00,V,,,,,,,060525,,,N*78
$GPVTG,,,,,,,,,N*30
$GPGGA,125052.00,,,,,0,00,99.99,,,,,,*67
$GPGSA,A,1,,,,,,,,,,,,,99.99,99.99,99.99*30
$GPGSV,4,1,13,05,30,105,,10,05,319,,12,27,140,,13,02,051,*74
$GPGSV,4,2,13,15,31,033,,18,63,272,,20,04,127,,23,38,344,*7B
$GPGSV,4,3,13,24,66,023,,25,18,177,,28,00,217,,29,13,202,*73
$GPGSV,4,4,13,32,09,271,28*4D
$GPGLL,,,,,125052.00,V,N*4B
20:50:52 | Long: Waiting... | Lat: Waiting...
$GPRMC,125053.00,V,,,,,,,060525,,,N*79
$GPVTG,,,,,,,,,N*30
$GPGGA,125053.00,,,,,0,00,99.99,,,,,,*66
$GPGSA,A,1,,,,,,,,,,,,,99.99,99.99,99.99*30
$GPGSV,4,1,13,05,30,105,,10,05,319,,12,27,140,,13,02,051,*74
$GPGSV,4,2,13,15,31,033,,18,63,272,,20,04,127,,23,38,344,*7B
$GPGSV,4,3,13,24,66,023,,25,18,177,,28,00,217,,29,13,202,*73
$GPGSV,4,4,13,32,09,271,*47
$GPGLL,,,,,125053.00,V,N*4A
20:50:53 | Long: Waiting... | Lat: Waiting...
$GPRMC,125054.00,V,,,,,,,060525,,,N*7E
$GPVTG,,,,,,,,,N*30
$GPGGA,125054.00,,,,,0,00,99.99,,,,,,*61
$GPGSA,A,1,,,,,,,,,,,,,99.99,99.99,99.99*30
$GPGSV,4,1,13,05,30,105,28,10,05,319,23,12,27,140,,13,02,051,*7F
$GPGSV,4,2,13,15,31,033,,18,63,272,,20,04,127,,23,38,344,*7B
$GPGSV,4,3,13,24,66,023,,25,18,177,,28,00,217,,29,13,202,*73
$GPGSV,4,4,13,32,09,271,*47
$GPGLL,,,,,125054.00,V,N*4D
20:50:54 | Long: Waiting... | Lat: Waiting...
$GPRMC,125055.00,V,,,,,,,060525,,,N*7F
$GPVTG,,,,,,,,,N*30
$GPGGA,125055.00,,,,,0,00,99.99,,,,,,*60
$GPGSA,A,1,,,,,,,,,,,,,99.99,99.99,99.99*30
$GPGSV,4,1,13,05,30,105,,10,05,319,,12,27,140,,13,02,051,*74
$GPGSV,4,2,13,15,31,033,,18,63,272,,20,04,127,,23,38,344,*7B
$GPGSV,4,3,13,24,66,023,,25,18,177,,28,00,217,,29,13,202,21*70
$GPGSV,4,4,13,32,09,271,*47
$GPGLL,,,,,125055.00,V,N*4C
20:50:55 | Long: Waiting... | Lat: Waiting...
$GPRMC,125056.00,V,,,,,,,060525,,,N*7C
$GPVTG,,,,,,,,,N*30
$GPGGA,125056.00,,,,,0,00,99.99,,,,,,*63
$GPGSA,A,1,,,,,,,,,,,,,99.99,99.99,99.99*30
$GPGSV,4,1,13,05,30,105,,10,05,319,,12,27,140,23,13,02,051,*75
$GPGSV,4,2,13,15,31,033,,18,63,272,,20,04,127,,23,38,344,*7B
$GPGSV,4,3,13,24,66,023,,25,18,177,,28,00,217,,29,13,202,*73
$GPGSV,4,4,13,32,09,271,*47
$GPGLL,,,,,125056.00,V,N*4F
20:50:56 | Long: Waiting... | Lat: Waiting...
$GPRMC,125057.00,V,,,,,,,060525,,,N*7D
$GPVTG,,,,,,,,,N*30
$GPGGA,125057.00,,,,,0,00,99.99,,,,,,*62
$GPGSA,A,1,,,,,,,,,,,,,99.99,99.99,99.99*30
$GPGSV,4,1,13,05,30,105,,10,05,319,,12,27,140,,13,02,051,*74
$GPGSV,4,2,13,15,31,033,,18,63,272,,20,04,127,,23,38,344,*7B
$GPGSV,4,3,13,24,66,023,,25,18,177,,28,00,217,,29,13,202,*73
$GPGSV,4,4,13,32,09,271,*47
$GPGLL,,,,,125057.00,V,N*4E
20:50:57 | Long: Waiting... | Lat: Waiting...
$GPRMC,125058.00,V,,,,,,,060525,,,N*72
$GPVTG,,,,,,,,,N*30
$GPGGA,125058.00,,,,,0,00,99.99,,,,,,*6D
$GPGSA,A,1,,,,,,,,,,,,,99.99,99.99,99.99*30
$GPGSV,4,1,13,05,30,105,,10,05,319,,12,27,140,,13,02,051,*74
$GPGSV,4,2,13,15,31,033,,18,63,272,,20,04,127,,23,38,344,*7B
$GPGSV,4,3,13,24,66,023,,25,18,177,,28,00,217,,29,13,202,*73
$GPGSV,4,4,13,32,09,271,*47
$GPGLL,,,,,125058.00,V,N*41
20:50:58 | Long: Waiting... | Lat: Waiting...
$GPRMC,125059.00,V,,,,,,,060525,,,N*73
$GPVTG,,,,,,,,,N*30
$GPGGA,125059.00,,,,,0,00,99.99,,,,,,*6C
$GPGSA,A,1,,,,,,,,,,,,,99.99,99.99,99.99*30
$GPGSV,4,1,13,05,30,105,,10,05,319,,12,27,140,,13,02,051,*74
$GPGSV,4,2,13,15,31,033,,18,63,272,,20,04,127,,23,38,344,*7B
$GPGSV,4,3,13,24,66,023,,25,18,177,,28,00,217,,29,13,202,*73
$GPGSV,4,4,13,32,09,271,*47
$GPGLL,,,,,125059.00,V,N*40
20:50:59 | Long: Waiting... | Lat: Waiting...
$GPRMC,125100.00,V,,,,,,,060525,,,N*7E
$GPVTG,,,,,,,,,N*30
$GPGGA,125100.00,,,,,0,00,99.99,,,,,,*61
$GPGSA,A,1,,,,,,,,,,,,,99.99,99.99,99.99*30
$GPGSV,4,1,13,05,30,105,,10,05,319,,12,27,140,,13,02,051,*74
$GPGSV,4,2,13,15,31,033,,18,63,272,,20,04,127,,23,38,344,*7B
$GPGSV,4,3,13,24,66,023,,25,18,177,,28,00,217,,29,13,202,*73
$GPGSV,4,4,13,32,09,271,*47
$GPGLL,,,,,125100.00,V,N*4D
20:51:00 | Long: Waiting... | Lat: Waiting...
$GPRMC,125101.00,V,,,,,,,060525,,,N*7F
$GPVTG,,,,,,,,,N*30
$GPGGA,125101.00,,,,,0,00,99.99,,,,,,*60
$GPGSA,A,1,,,,,,,,,,,,,99.99,99.99,99.99*30
$GPGSV,4,1,13,05,30,105,,10,05,319,,12,27,140,,13,02,051,*74
$GPGSV,4,2,13,15,31,033,,18,63,272,,20,04,127,,23,38,344,21*78
$GPGSV,4,3,13,24,66,023,,25,18,177,,28,00,217,,29,13,202,*73
$GPGSV,4,4,13,32,09,271,*47
$GPGLL,,,,,125101.00,V,N*4C
20:51:01 | Long: Waiting... | Lat: Waiting...
$GPRMC,125102.00,V,,,,,,,060525,,,N*7C
$GPVTG,,,,,,,,,N*30
$GPGGA,125102.00,,,,,0,00,99.99,,,,,,*63
$GPGSA,A,1,,,,,,,,,,,,,99.99,99.99,99.99*30
$GPGSV,4,1,13,05,30,105,,10,05,319,,12,27,140,,13,02,051,*74
$GPGSV,4,2,13,15,31,033,,18,63,272,,20,04,127,,23,38,344,*7B
$GPGSV,4,3,13,24,66,023,,25,18,177,,28,00,217,,29,13,202,*73
$GPGSV,4,4,13,32,09,271,*47
$GPGLL,,,,,125102.00,V,N*4F
20:51:02 | Long: Waiting... | Lat: Waiting...
$GPRMC,125103.00,V,,,,,,,060525,,,N*7D
$GPVTG,,,,,,,,,N*30
$GPGGA,125103.00,,,,,0,00,99.99,,,,,,*62
$GPGSA,A,1,,,,,,,,,,,,,99.99,99.99,99.99*30
$GPGSV,4,1,13,05,30,105,,10,05,319,,12,27,140,,13,02,051,*74
$GPGSV,4,2,13,15,31,033,,18,63,272,,20,04,127,,23,38,344,*7B
$GPGSV,4,3,13,24,66,023,,25,18,177,,28,00,217,,29,13,202,*73
$GPGSV,4,4,13,32,09,271,*47
$GPGLL,,,,,125103.00,V,N*4E
20:51:03 | Long: Waiting... | Lat: Waiting...
$GPRMC,125104.00,V,,,,,,,060525,,,N*7A
$GPVTG,,,,,,,,,N*30
$GPGGA,125104.00,,,,,0,00,99.99,,,,,,*65
$GPGSA,A,1,,,,,,,,,,,,,99.99,99.99,99.99*30
$GPGSV,4,1,13,05,30,105,,10,05,319,,12,27,140,,13,02,051,*74
$GPGSV,4,2,13,15,31,033,,18,63,272,,20,04,127,,23,38,344,*7B
$GPGSV,4,3,13,24,66,023,,25,18,177,,28,00,217,,29,13,202,*73
$GPGSV,4,4,13,32,09,271,*47
$GPGLL,,,,,125104.00,V,N*49
20:51:04 | Long: Waiting... | Lat: Waiting...
$GPRMC,125105.00,V,,,,,,,060525,,,N*7B
$GPVTG,,,,,,,,,N*30
$GPGGA,125105.00,,,,,0,00,99.99,,,,,,*64
$GPGSA,A,1,,,,,,,,,,,,,99.99,99.99,99.99*30
$GPGSV,4,1,13,05,30,105,,10,05,319,,12,27,140,,13,02,051,*74
$GPGSV,4,2,13,15,31,033,,18,63,272,,20,04,127,,23,38,344,*7B
$GPGSV,4,3,13,24,66,023,,25,18,177,21,28,00,217,,29,13,202,*70
$GPGSV,4,4,13,32,09,271,*47
$GPGLL,,,,,125105.00,V,N*48
20:51:05 | Long: Waiting... | Lat: Waiting...
$GPRMC,125106.00,V,,,,,,,060525,,,N*78
$GPVTG,,,,,,,,,N*30
$GPGGA,125106.00,,,,,0,00,99.99,,,,,,*67
$GPGSA,A,1,,,,,,,,,,,,,99.99,99.99,99.99*30
$GPGSV,4,1,13,05,30,105,,10,05,319,,12,27,140,,13,02,051,*74
$GPGSV,4,2,13,15,31,033,,18,63,272,,20,04,127,,23,38,344,*7B
$GPGSV,4,3,13,24,66,023,,25,18,177,,28,00,217,,29,13,202,*73
$GPGSV,4,4,13,32,09,271,*47
$GPGLL,,,,,125106.00,V,N*4B
20:51:06 | Long: Waiting... | Lat: Waiting...
$GPRMC,125107.00,V,,,,,,,060525,,,N*79
$GPVTG,,,,,,,,,N*30
$GPGGA,125107.00,,,,,0,00,99.99,,,,,,*66
$GPGSA,A,1,,,,,,,,,,,,,99.99,99.99,99.99*30
$GPGSV,4,1,13,05,30,105,,10,05,319,,12,27,140,,13,02,051,*74
$GPGSV,4,2,13,15,31,033,,18,63,272,,20,04,127,,23,38,344,*7B
$GPGSV,4,3,13,24,66,023,,25,18,177,,28,00,217,,29,13,202,*73
$GPGSV,4,4,13,32,09,271,*47
$GPGLL,,,,,125107.00,V,N*4A
20:51:07 | Long: Waiting... | Lat: Waiting...
$GPRMC,125108.00,V,,,,,,,060525,,,N*76
$GPVTG,,,,,,,,,N*30
$GPGGA,125108.00,,,,,0,00,99.99,,,,,,*69
$GPGSA,A,1,,,,,,,,,,,,,99.99,99.99,99.99*30
$GPGSV,4,1,13,05,30,105,,10,05,319,,12,27,140,,13,02,051,*74
$GPGSV,4,2,13,15,31,033,,18,63,272,21,20,04,127,,23,38,344,*78
$GPGSV,4,3,13,24,66,023,,25,18,177,,28,00,217,,29,13,202,*73
$GPGSV,4,4,13,32,09,271,*47
$GPGLL,,,,,125108.00,V,N*45
20:51:08 | Long: Waiting... | Lat: Waiting...
$GPRMC,125109.00,V,,,,,,,060525,,,N*77
$GPVTG,,,,,,,,,N*30
$GPGGA,125109.00,,,,,0,00,99.99,,,,,,*68
$GPGSA,A,1,,,,,,,,,,,,,99.99,99.99,99.99*30
$GPGSV,4,1,13,05,30,105,,10,05,319,,12,27,140,,13,02,051,*74
$GPGSV,4,2,13,15,31,033,,18,63,272,18,20,04,127,,23,38,344,*72
$GPGSV,4,3,13,24,66,023,,25,18,177,,28,00,217,,29,13,202,*73
$GPGSV,4,4,13,32,09,271,*47
$GPGLL,,,,,125109.00,V,N*44
20:51:09 | Long: Waiting... | Lat: Waiting...
$GPRMC,125110.00,V,,,,,,,060525,,,N*7F
$GPVTG,,,,,,,,,N*30
$GPGGA,125110.00,,,,,0,00,99.99,,,,,,*60
$GPGSA,A,1,,,,,,,,,,,,,99.99,99.99,99.99*30
$GPGSV,4,1,13,05,30,105,,10,05,319,,12,27,140,,13,02,051,*74
$GPGSV,4,2,13,15,31,033,,18,63,272,12,20,04,127,,23,38,344,*78
$GPGSV,4,3,13,24,66,023,,25,18,177,,28,00,217,,29,13,202,*73
$GPGSV,4,4,13,32,09,271,*47
$GPGLL,,,,,125110.00,V,N*4C
20:51:10 | Long: Waiting... | Lat: Waiting...
$GPRMC,125111.00,V,,,,,,,060525,,,N*7E
$GPVTG,,,,,,,,,N*30
$GPGGA,125111.00,,,,,0,00,99.99,,,,,,*61
$GPGSA,A,1,,,,,,,,,,,,,99.99,99.99,99.99*30
$GPGSV,4,1,13,05,30,105,,10,05,319,,12,27,140,,13,02,051,*74
$GPGSV,4,2,13,15,31,033,,18,63,272,11,20,04,127,,23,38,344,*7B
$GPGSV,4,3,13,24,66,023,,25,18,177,,28,00,217,,29,13,202,*73
$GPGSV,4,4,13,32,09,271,*47
$GPGLL,,,,,125111.00,V,N*4D
20:51:11 | Long: Waiting... | Lat: Waiting...
$GPRMC,125112.00,V,,,,,,,060525,,,N*7D
$GPVTG,,,,,,,,,N*30
$GPGGA,125112.00,,,,,0,00,99.99,,,,,,*62
$GPGSA,A,1,,,,,,,,,,,,,99.99,99.99,99.99*30
$GPGSV,4,1,13,05,30,105,,10,05,319,,12,27,140,,13,02,051,*74
$GPGSV,4,2,13,15,31,033,,18,63,272,11,20,04,127,,23,38,344,*7B
$GPGSV,4,3,13,24,66,023,,25,18,177,,28,00,217,,29,13,202,*73
$GPGSV,4,4,13,32,09,271,*47
$GPGLL,,,,,125112.00,V,N*4E
20:51:12 | Long: Waiting... | Lat: Waiting...
$GPRMC,125113.00,V,,,,,,,060525,,,N*7C
$GPVTG,,,,,,,,,N*30
$GPGGA,125113.00,,,,,0,00,99.99,,,,,,*63
$GPGSA,A,1,,,,,,,,,,,,,99.99,99.99,99.99*30
$GPGSV,4,1,13,05,30,105,,10,05,319,,12,27,140,,13,02,051,*74
$GPGSV,4,2,13,15,31,033,,18,63,272,09,20,04,127,,23,38,344,*72
$GPGSV,4,3,13,24,66,023,,25,18,177,,28,00,217,,29,13,202,*73
$GPGSV,4,4,13,32,09,271,20*45
$GPGLL,,,,,125113.00,V,N*4F
20:51:13 | Long: Waiting... | Lat: Waiting...
$GPRMC,125114.00,V,,,,,,,060525,,,N*7B
$GPVTG,,,,,,,,,N*30
$GPGGA,125114.00,,,,,0,00,99.99,,,,,,*64
$GPGSA,A,1,,,,,,,,,,,,,99.99,99.99,99.99*30
$GPGSV,4,1,13,05,30,105,21,10,05,319,,12,27,140,,13,02,051,*77
$GPGSV,4,2,13,15,31,033,,18,63,272,,20,04,127,,23,38,344,*7B
$GPGSV,4,3,13,24,66,023,,25,18,177,,28,00,217,,29,13,202,*73
$GPGSV,4,4,13,32,09,271,*47
$GPGLL,,,,,125114.00,V,N*48
20:51:14 | Long: Waiting... | Lat: Waiting...
$GPRMC,125115.00,V,,,,,,,060525,,,N*7A
$GPVTG,,,,,,,,,N*30
$GPGGA,125115.00,,,,,0,00,99.99,,,,,,*65
$GPGSA,A,1,,,,,,,,,,,,,99.99,99.99,99.99*30
$GPGSV,4,1,13,05,30,105,,10,05,319,20,12,27,140,,13,02,051,*76
$GPGSV,4,2,13,15,31,033,,18,63,272,,20,04,127,,23,38,344,*7B
$GPGSV,4,3,13,24,66,023,,25,18,177,,28,00,217,,29,13,202,*73
$GPGSV,4,4,13,32,09,271,*47
$GPGLL,,,,,125115.00,V,N*49
20:51:15 | Long: Waiting... | Lat: Waiting...
$GPRMC,125116.00,V,,,,,,,060525,,,N*79
$GPVTG,,,,,,,,,N*30
$GPGGA,125116.00,,,,,0,00,99.99,,,,,,*66
$GPGSA,A,1,,,,,,,,,,,,,99.99,99.99,99.99*30
$GPGSV,4,1,13,05,30,105,,10,05,319,,12,27,140,29,13,02,051,*7F
$GPGSV,4,2,13,15,31,033,,18,63,272,,20,04,127,,23,38,344,*7B
$GPGSV,4,3,13,24,66,023,,25,18,177,,28,00,217,,29,13,202,*73
$GPGSV,4,4,13,32,09,271,*47
$GPGLL,,,,,125116.00,V,N*4A
20:51:16 | Long: Waiting... | Lat: Waiting...
$GPRMC,125117.00,V,,,,,,,060525,,,N*78
$GPVTG,,,,,,,,,N*30
$GPGGA,125117.00,,,,,0,00,99.99,,,,,,*67
$GPGSA,A,1,,,,,,,,,,,,,99.99,99.99,99.99*30
$GPGSV,4,1,13,05,30,105,,10,05,319,,12,27,140,,13,02,051,*74
$GPGSV,4,2,13,15,31,033,,18,63,272,,20,04,127,,23,38,344,*7B
$GPGSV,4,3,13,24,66,023,,25,18,177,,28,00,217,,29,13,202,*73
$GPGSV,4,4,13,32,09,271,*47
$GPGLL,,,,,125117.00,V,N*4B
20:51:17 | Long: Waiting... | Lat: Waiting...
$GPRMC,125118.00,V,,,,,,,060525,,,N*77
$GPVTG,,,,,,,,,N*30
$GPGGA,125118.00,,,,,0,00,99.99,,,,,,*68
$GPGSA,A,1,,,,,,,,,,,,,99.99,99.99,99.99*30
$GPGSV,4,1,13,05,30,105,,10,05,319,,12,27,140,,13,02,051,*74
$GPGSV,4,2,13,15,31,033,25,18,63,272,,20,04,127,,23,38,344,*7C
$GPGSV,4,3,13,24,66,023,,25,18,177,,28,00,217,,29,13,202,*73
$GPGSV,4,4,13,32,09,271,*47
$GPGLL,,,,,125118.00,V,N*44
20:51:18 | Long: Waiting... | Lat: Waiting...
$GPRMC,125119.00,V,,,,,,,060525,,,N*76
$GPVTG,,,,,,,,,N*30
$GPGGA,125119.00,,,,,0,00,99.99,,,,,,*69
$GPGSA,A,1,,,,,,,,,,,,,99.99,99.99,99.99*30
$GPGSV,4,1,13,05,30,105,,10,05,319,,12,27,140,,13,02,051,*74
$GPGSV,4,2,13,15,31,033,,18,63,272,,20,04,127,,23,38,344,*7B
$GPGSV,4,3,13,24,66,023,,25,18,177,,28,00,217,,29,13,202,*73
$GPGSV,4,4,13,32,09,271,*47
$GPGLL,,,,,125119.00,V,N*45
20:51:19 | Long: Waiting... | Lat: Waiting...
$GPRMC,125120.00,V,,,,,,,060525,,,N*7C
$GPVTG,,,,,,,,,N*30
$GPGGA,125120.00,,,,,0,00,99.99,,,,,,*63
$GPGSA,A,1,,,,,,,,,,,,,99.99,99.99,99.99*30
$GPGSV,4,1,13,05,30,105,,10,05,319,,12,27,140,,13,02,051,*74
$GPGSV,4,2,13,15,31,033,,18,63,272,,20,04,127,,23,38,344,24*7D
$GPGSV,4,3,13,24,66,023,,25,18,177,,28,00,217,,29,13,202,*73
$GPGSV,4,4,13,32,09,271,*47
$GPGLL,,,,,125120.00,V,N*4F
20:51:20 | Long: Waiting... | Lat: Waiting...
$GPRMC,125121.00,V,,,,,,,060525,,,N*7D
$GPVTG,,,,,,,,,N*30
$GPGGA,125121.00,,,,,0,00,99.99,,,,,,*62
$GPGSA,A,1,,,,,,,,,,,,,99.99,99.99,99.99*30
$GPGSV,4,1,13,05,30,105,,10,05,319,,12,27,140,,13,02,051,*74
$GPGSV,4,2,13,15,31,033,,18,63,272,,20,04,127,,23,38,344,*7B
$GPGSV,4,3,13,24,66,023,20,25,18,177,,28,00,217,,29,13,202,*71
$GPGSV,4,4,13,32,09,271,*47
$GPGLL,,,,,125121.00,V,N*4E
20:51:21 | Long: Waiting... | Lat: Waiting...
$GPRMC,125122.00,V,,,,,,,060525,,,N*7E
$GPVTG,,,,,,,,,N*30
$GPGGA,125122.00,,,,,0,00,99.99,,,,,,*61
$GPGSA,A,1,,,,,,,,,,,,,99.99,99.99,99.99*30
$GPGSV,4,1,13,05,30,105,,10,05,319,,12,27,140,,13,02,051,*74
$GPGSV,4,2,13,15,31,033,,18,63,272,,20,04,127,,23,38,344,*7B
$GPGSV,4,3,13,24,66,023,,25,18,177,24,28,00,217,23,29,13,202,*74
$GPGSV,4,4,13,32,09,271,*47
$GPGLL,,,,,125122.00,V,N*4D
20:51:22 | Long: Waiting... | Lat: Waiting...
$GPRMC,125123.00,V,,,,,,,060525,,,N*7F
$GPVTG,,,,,,,,,N*30
$GPGGA,125123.00,,,,,0,00,99.99,,,,,,*60
$GPGSA,A,1,,,,,,,,,,,,,99.99,99.99,99.99*30
$GPGSV,4,1,13,05,30,105,,10,05,319,,12,27,140,,13,02,051,*74
$GPGSV,4,2,13,15,31,033,,18,63,272,,20,04,127,,23,38,344,*7B
$GPGSV,4,3,13,24,66,023,,25,18,177,,28,00,217,,29,13,202,28*79
$GPGSV,4,4,13,32,09,271,*47
$GPGLL,,,,,125123.00,V,N*4C
20:51:23 | Long: Waiting... | Lat: Waiting...
$GPRMC,125124.00,V,,,,,,,060525,,,N*78
$GPVTG,,,,,,,,,N*30
$GPGGA,125124.00,,,,,0,00,99.99,,,,,,*67
$GPGSA,A,1,,,,,,,,,,,,,99.99,99.99,99.99*30
$GPGSV,4,1,13,05,30,105,,10,05,319,,12,27,140,,13,02,051,*74
$GPGSV,4,2,13,15,31,033,,18,63,272,,20,04,127,,23,38,344,*7B
$GPGSV,4,3,13,24,66,023,,25,18,177,,28,00,217,,29,13,202,*73
$GPGSV,4,4,13,32,09,271,*47
$GPGLL,,,,,125124.00,V,N*4B
20:51:24 | Long: Waiting... | Lat: Waiting...
$GPRMC,125125.00,V,,,,,,,060525,,,N*79
$GPVTG,,,,,,,,,N*30
$GPGGA,125125.00,,,,,0,00,99.99,,,,,,*66
$GPGSA,A,1,,,,,,,,,,,,,99.99,99.99,99.99*30
$GPGSV,4,1,13,05,30,105,24,10,05,319,,12,27,140,,13,02,052,*71
$GPGSV,4,2,13,15,31,033,,18,63,272,,20,04,127,,23,38,344,*7B
$GPGSV,4,3,13,24,66,023,,25,18,177,,28,00,217,,29,13,202,*73
$GPGSV,4,4,13,32,09,271,*47
$GPGLL,,,,,125125.00,V,N*4A
20:51:25 | Long: Waiting... | Lat: Waiting...
$GPRMC,125126.00,V,,,,,,,060525,,,N*7A
$GPVTG,,,,,,,,,N*30
$GPGGA,125126.00,,,,,0,00,99.99,,,,,,*65
$GPGSA,A,1,,,,,,,,,,,,,99.99,99.99,99.99*30
$GPGSV,4,1,13,05,30,105,,10,05,319,,12,27,140,,13,02,052,*77
$GPGSV,4,2,13,15,31,033,,18,63,272,,20,04,127,,23,38,344,*7B
$GPGSV,4,3,13,24,66,023,,25,18,177,,28,00,217,,29,13,202,*73
$GPGSV,4,4,13,32,09,271,*47
$GPGLL,,,,,125126.00,V,N*49
20:51:26 | Long: Waiting... | Lat: Waiting...
$GPRMC,125127.00,V,,,,,,,060525,,,N*7B
$GPVTG,,,,,,,,,N*30
$GPGGA,125127.00,,,,,0,00,99.99,,,,,,*64
$GPGSA,A,1,,,,,,,,,,,,,99.99,99.99,99.99*30
$GPGSV,4,1,13,05,30,105,,10,05,319,,12,27,140,,13,02,052,*77
$GPGSV,4,2,13,15,31,033,,18,63,272,,20,04,127,,23,38,344,*7B
$GPGSV,4,3,13,24,66,023,,25,18,177,,28,00,217,,29,13,202,*73
$GPGSV,4,4,13,32,09,271,*47
$GPGLL,,,,,125127.00,V,N*48
20:51:27 | Long: Waiting... | Lat: Waiting...
$GPRMC,125128.00,V,,,,,,,060525,,,N*74
$GPVTG,,,,,,,,,N*30
$GPGGA,125128.00,,,,,0,00,99.99,,,,,,*6B
$GPGSA,A,1,,,,,,,,,,,,,99.99,99.99,99.99*30
$GPGSV,4,1,13,05,30,105,,10,05,319,,12,27,140,,13,02,052,*77
$GPGSV,4,2,13,15,31,033,,18,63,271,,20,04,127,,23,38,344,*78
$GPGSV,4,3,13,24,66,023,,25,18,177,,28,00,217,,29,13,202,*73
$GPGSV,4,4,13,32,09,271,*47
$GPGLL,,,,,125128.00,V,N*47
20:51:28 | Long: Waiting... | Lat: Waiting...
$GPRMC,125129.00,V,,,,,,,060525,,,N*75
$GPVTG,,,,,,,,,N*30
$GPGGA,125129.00,,,,,0,00,99.99,,,,,,*6A
$GPGSA,A,1,,,,,,,,,,,,,99.99,99.99,99.99*30
$GPGSV,4,1,13,05,30,105,,10,05,319,,12,27,140,20,13,02,052,*75
$GPGSV,4,2,13,15,31,033,,18,63,271,,20,04,127,,23,38,344,*78
$GPGSV,4,3,13,24,66,023,,25,18,177,,28,00,217,,29,13,202,*73
$GPGSV,4,4,13,32,09,271,*47
$GPGLL,,,,,125129.00,V,N*46
20:51:29 | Long: Waiting... | Lat: Waiting...
$GPRMC,125130.00,V,,,,,,,060525,,,N*7D
$GPVTG,,,,,,,,,N*30
$GPGGA,125130.00,,,,,0,00,99.99,,,,,,*62
$GPGSA,A,1,,,,,,,,,,,,,99.99,99.99,99.99*30
$GPGSV,4,1,13,05,30,105,,10,05,319,,12,27,140,,13,02,052,*77
$GPGSV,4,2,13,15,31,033,,18,63,271,,20,04,127,,23,38,344,*78
$GPGSV,4,3,13,24,66,023,,25,18,177,,28,00,217,,29,13,202,*73
$GPGSV,4,4,13,32,09,271,*47
$GPGLL,,,,,125130.00,V,N*4E
20:51:30 | Long: Waiting... | Lat: Waiting...
$GPRMC,125131.00,V,,,,,,,060525,,,N*7C
$GPVTG,,,,,,,,,N*30
$GPGGA,125131.00,,,,,0,00,99.99,,,,,,*63
$GPGSA,A,1,,,,,,,,,,,,,99.99,99.99,99.99*30
$GPGSV,4,1,13,05,30,105,,10,05,319,,12,27,140,,13,02,052,*77
$GPGSV,4,2,13,15,31,033,,18,63,271,,20,04,127,,23,38,344,*78
$GPGSV,4,3,13,24,66,023,,25,19,176,,28,00,217,,29,13,202,*73
$GPGSV,4,4,13,32,09,271,*47
$GPGLL,,,,,125131.00,V,N*4F
20:51:31 | Long: Waiting... | Lat: Waiting...
$GPRMC,125132.00,V,,,,,,,060525,,,N*7F
$GPVTG,,,,,,,,,N*30
$GPGGA,125132.00,,,,,0,00,99.99,,,,,,*60
$GPGSA,A,1,,,,,,,,,,,,,99.99,99.99,99.99*30
$GPGSV,4,1,13,05,30,105,,10,05,319,,12,27,140,,13,02,052,27*72
$GPGSV,4,2,13,15,31,033,,18,63,271,,20,04,127,,23,38,344,*78
$GPGSV,4,3,13,24,66,023,,25,19,176,,28,00,217,,29,13,202,*73
$GPGSV,4,4,13,32,09,271,*47
$GPGLL,,,,,125132.00,V,N*4C
20:51:32 | Long: Waiting... | Lat: Waiting...
$GPRMC,125133.00,V,,,,,,,060525,,,N*7E
$GPVTG,,,,,,,,,N*30
$GPGGA,125133.00,,,,,0,00,99.99,,,,,,*61
$GPGSA,A,1,,,,,,,,,,,,,99.99,99.99,99.99*30
$GPGSV,4,1,13,05,30,105,,10,05,319,,12,27,140,,13,02,052,*77
$GPGSV,4,2,13,15,31,033,,18,63,271,,20,04,127,,23,38,344,*78
$GPGSV,4,3,13,24,66,023,,25,19,176,,28,00,217,,29,13,201,*70
$GPGSV,4,4,13,32,09,271,*47
$GPGLL,,,,,125133.00,V,N*4D
20:51:33 | Long: Waiting... | Lat: Waiting...
$GPRMC,125134.00,V,,,,,,,060525,,,N*79
$GPVTG,,,,,,,,,N*30
$GPGGA,125134.00,,,,,0,00,99.99,,,,,,*66
$GPGSA,A,1,,,,,,,,,,,,,99.99,99.99,99.99*30
$GPGSV,4,1,13,05,30,105,,10,05,319,,12,27,140,,13,02,052,*77
$GPGSV,4,2,13,15,31,033,20,18,63,271,,20,04,127,,23,38,344,*7A
$GPGSV,4,3,13,24,66,023,,25,19,176,,28,00,217,,29,13,201,*70
$GPGSV,4,4,13,32,09,271,*47
$GPGLL,,,,,125134.00,V,N*4A
20:51:34 | Long: Waiting... | Lat: Waiting...
$GPRMC,125135.00,V,,,,,,,060525,,,N*78
$GPVTG,,,,,,,,,N*30
$GPGGA,125135.00,,,,,0,00,99.99,,,,,,*67
$GPGSA,A,1,,,,,,,,,,,,,99.99,99.99,99.99*30
$GPGSV,4,1,13,05,30,105,,10,05,319,,12,27,140,,13,02,052,*77
$GPGSV,4,2,13,15,31,033,,18,63,271,,20,04,127,,23,38,344,*78
$GPGSV,4,3,13,24,66,023,,25,19,176,,28,00,217,,29,13,201,*70
$GPGSV,4,4,13,32,09,271,*47
$GPGLL,,,,,125135.00,V,N*4B
20:51:35 | Long: Waiting... | Lat: Waiting...
$GPRMC,125136.00,V,,,,,,,060525,,,N*7B
$GPVTG,,,,,,,,,N*30
$GPGGA,125136.00,,,,,0,00,99.99,,,,,,*64
$GPGSA,A,1,,,,,,,,,,,,,99.99,99.99,99.99*30
$GPGSV,4,1,13,05,30,105,,10,05,319,,12,27,140,,13,02,052,*77
$GPGSV,4,2,13,15,31,033,,18,63,271,,20,04,127,,23,38,344,*78
$GPGSV,4,3,13,24,66,023,,25,19,176,,28,00,217,,29,13,201,*70
$GPGSV,4,4,13,32,09,271,*47
$GPGLL,,,,,125136.00,V,N*48
20:51:36 | Long: Waiting... | Lat: Waiting...
$GPRMC,125137.00,V,,,,,,,060525,,,N*7A
$GPVTG,,,,,,,,,N*30
$GPGGA,125137.00,,,,,0,00,99.99,,,,,,*65
$GPGSA,A,1,,,,,,,,,,,,,99.99,99.99,99.99*30
$GPGSV,4,1,13,05,30,105,,10,05,319,,12,27,140,,13,02,052,*77
$GPGSV,4,2,13,15,31,033,,18,63,271,,20,04,127,,23,38,344,*78
$GPGSV,4,3,13,24,66,023,,25,19,176,,28,00,217,,29,13,201,*70
$GPGSV,4,4,13,32,09,271,*47
$GPGLL,,,,,125137.00,V,N*49
20:51:37 | Long: Waiting... | Lat: Waiting...
$GPRMC,125138.00,V,,,,,,,060525,,,N*75
$GPVTG,,,,,,,,,N*30
$GPGGA,125138.00,,,,,0,00,99.99,,,,,,*6A
$GPGSA,A,1,,,,,,,,,,,,,99.99,99.99,99.99*30
$GPGSV,4,1,13,05,30,105,,10,05,319,,12,27,140,,13,02,052,*77
$GPGSV,4,2,13,15,31,033,,18,63,271,,20,04,127,22,23,38,344,*78
$GPGSV,4,3,13,24,66,023,,25,19,176,,28,00,217,,29,13,201,*70
$GPGSV,4,4,13,32,09,271,*47
$GPGLL,,,,,125138.00,V,N*46
20:51:38 | Long: Waiting... | Lat: Waiting...
$GPRMC,125139.00,V,,,,,,,060525,,,N*74
$GPVTG,,,,,,,,,N*30
$GPGGA,125139.00,,,,,0,00,99.99,,,,,,*6B
$GPGSA,A,1,,,,,,,,,,,,,99.99,99.99,99.99*30
$GPGSV,4,1,13,05,30,105,,10,05,319,,12,27,140,,13,02,052,*77
$GPGSV,4,2,13,15,31,033,,18,63,271,,20,04,127,,23,38,344,*78
$GPGSV,4,3,13,24,66,023,,25,19,176,,28,00,217,,29,13,201,*70
$GPGSV,4,4,13,32,09,271,*47
$GPGLL,,,,,125139.00,V,N*47
20:51:39 | Long: Waiting... | Lat: Waiting...
$GPRMC,125140.00,V,,,,,,,060525,,,N*7A
$GPVTG,,,,,,,,,N*30
$GPGGA,125140.00,,,,,0,00,99.99,,,,,,*65
$GPGSA,A,1,,,,,,,,,,,,,99.99,99.99,99.99*30
$GPGSV,4,1,13,05,30,105,,10,05,319,,12,27,140,,13,02,052,*77
$GPGSV,4,2,13,15,31,033,,18,63,271,,20,04,127,,23,38,344,*78
$GPGSV,4,3,13,24,66,023,,25,19,176,,28,00,217,,29,13,201,*70
$GPGSV,4,4,13,32,09,271,*47
$GPGLL,,,,,125140.00,V,N*49
20:51:40 | Long: Waiting... | Lat: Waiting...
$GPRMC,125141.00,V,,,,,,,060525,,,N*7B
$GPVTG,,,,,,,,,N*30
$GPGGA,125141.00,,,,,0,00,99.99,,,,,,*64
$GPGSA,A,1,,,,,,,,,,,,,99.99,99.99,99.99*30
$GPGSV,4,1,13,05,30,105,,10,05,319,,12,27,140,,13,02,052,*77
$GPGSV,4,2,13,15,31,033,,18,63,271,,20,04,127,,23,38,344,*78
$GPGSV,4,3,13,24,66,023,,25,19,176,,28,00,217,,29,13,201,*70
$GPGSV,4,4,13,32,09,271,*47
$GPGLL,,,,,125141.00,V,N*48
20:51:41 | Long: Waiting... | Lat: Waiting...
$GPRMC,125142.00,V,,,,,,,060525,,,N*78
$GPVTG,,,,,,,,,N*30
$GPGGA,125142.00,,,,,0,00,99.99,,,,,,*67
$GPGSA,A,1,,,,,,,,,,,,,99.99,99.99,99.99*30
$GPGSV,4,1,13,05,30,105,,10,05,319,,12,27,140,,13,02,052,*77
$GPGSV,4,2,13,15,31,033,,18,63,271,,20,04,127,,23,38,344,*78
$GPGSV,4,3,13,24,66,023,,25,19,176,,28,00,217,,29,13,201,*70
$GPGSV,4,4,13,32,09,271,*47
$GPGLL,,,,,125142.00,V,N*4B
20:51:42 | Long: Waiting... | Lat: Waiting...
$GPRMC,125143.00,V,,,,,,,060525,,,N*79
$GPVTG,,,,,,,,,N*30
$GPGGA,125143.00,,,,,0,00,99.99,,,,,,*66
$GPGSA,A,1,,,,,,,,,,,,,99.99,99.99,99.99*30
$GPGSV,4,1,13,05,30,105,,10,05,319,,12,27,140,,13,02,052,*77
$GPGSV,4,2,13,15,31,033,,18,63,271,,20,04,127,,23,38,344,*78
$GPGSV,4,3,13,24,66,023,,25,19,176,,28,00,217,,29,13,201,*70
$GPGSV,4,4,13,32,09,271,*47
$GPGLL,,,,,125143.00,V,N*4A
20:51:43 | Long: Waiting... | Lat: Waiting...
$GPRMC,125144.00,V,,,,,,,060525,,,N*7E
$GPVTG,,,,,,,,,N*30
$GPGGA,125144.00,,,,,0,00,99.99,,,,,,*61
$GPGSA,A,1,,,,,,,,,,,,,99.99,99.99,99.99*30
$GPGSV,4,1,13,05,30,105,,10,05,319,,12,27,140,,13,02,052,*77
$GPGSV,4,2,13,15,31,033,,18,63,271,,20,04,127,,23,38,344,*78
$GPGSV,4,3,13,24,66,023,24,25,19,176,,28,00,217,,29,13,201,*76
$GPGSV,4,4,13,32,09,271,*47
$GPGLL,,,,,125144.00,V,N*4D
20:51:44 | Long: Waiting... | Lat: Waiting...
$GPRMC,125145.00,V,,,,,,,060525,,,N*7F
$GPVTG,,,,,,,,,N*30
$GPGGA,125145.00,,,,,0,00,99.99,,,,,,*60
$GPGSA,A,1,,,,,,,,,,,,,99.99,99.99,99.99*30
$GPGSV,4,1,13,05,30,105,,10,05,319,,12,27,140,,13,02,052,*77
$GPGSV,4,2,13,15,31,033,,18,63,271,,20,04,127,,23,38,344,*78
$GPGSV,4,3,13,24,66,023,,25,19,176,,28,00,217,,29,13,201,*70
$GPGSV,4,4,13,32,09,271,*47
$GPGLL,,,,,125145.00,V,N*4C
20:51:45 | Long: Waiting... | Lat: Waiting...
$GPRMC,125146.00,V,,,,,,,060525,,,N*7C
$GPVTG,,,,,,,,,N*30
$GPGGA,125146.00,,,,,0,00,99.99,,,,,,*63
$GPGSA,A,1,,,,,,,,,,,,,99.99,99.99,99.99*30
$GPGSV,4,1,13,05,30,105,,10,05,319,,12,27,140,,13,02,052,*77
$GPGSV,4,2,13,15,31,033,,18,63,271,,20,04,127,,23,38,344,*78
$GPGSV,4,3,13,24,66,023,,25,19,176,24,28,00,217,,29,13,201,*76
$GPGSV,4,4,13,32,09,271,*47
$GPGLL,,,,,125146.00,V,N*4F
20:51:46 | Long: Waiting... | Lat: Waiting...
$GPRMC,125147.00,V,,,,,,,060525,,,N*7D
$GPVTG,,,,,,,,,N*30
$GPGGA,125147.00,,,,,0,00,99.99,,,,,,*62
$GPGSA,A,1,,,,,,,,,,,,,99.99,99.99,99.99*30
$GPGSV,4,1,13,05,30,105,,10,05,319,,12,27,140,,13,02,052,*77
$GPGSV,4,2,13,15,31,033,,18,63,271,,20,04,127,,23,38,344,*78
$GPGSV,4,3,13,24,66,023,,25,19,176,,28,00,217,,29,13,201,*70
$GPGSV,4,4,13,32,09,271,*47
$GPGLL,,,,,125147.00,V,N*4E
20:51:47 | Long: Waiting... | Lat: Waiting...
$GPRMC,125148.00,V,,,,,,,060525,,,N*72
$GPVTG,,,,,,,,,N*30
$GPGGA,125148.00,,,,,0,00,99.99,,,,,,*6D
$GPGSA,A,1,,,,,,,,,,,,,99.99,99.99,99.99*30
$GPGSV,4,1,13,05,30,105,,10,05,319,,12,27,140,,13,02,052,*77
$GPGSV,4,2,13,15,31,033,,18,63,271,,20,04,127,,23,38,344,*78
$GPGSV,4,3,13,24,66,023,,25,19,176,,28,00,217,24,29,13,201,*76
$GPGSV,4,4,13,32,09,271,*47
$GPGLL,,,,,125148.00,V,N*41
20:51:48 | Long: Waiting... | Lat: Waiting...
$GPRMC,125149.00,V,,,,,,,060525,,,N*73
$GPVTG,,,,,,,,,N*30
$GPGGA,125149.00,,,,,0,00,99.99,,,,,,*6C
$GPGSA,A,1,,,,,,,,,,,,,99.99,99.99,99.99*30
$GPGSV,4,1,13,05,30,105,,10,05,319,,12,27,140,,13,02,052,*77
$GPGSV,4,2,13,15,31,033,,18,63,271,,20,04,127,,23,38,344,*78
$GPGSV,4,3,13,24,66,023,,25,19,176,,28,00,217,,29,13,201,*70
$GPGSV,4,4,13,32,09,271,*47
$GPGLL,,,,,125149.00,V,N*40
20:51:49 | Long: Waiting... | Lat: Waiting...
$GPRMC,125150.00,V,,,,,,,060525,,,N*7B
$GPVTG,,,,,,,,,N*30
$GPGGA,125150.00,,,,,0,00,99.99,,,,,,*64
$GPGSA,A,1,,,,,,,,,,,,,99.99,99.99,99.99*30
$GPGSV,4,1,13,05,30,105,,10,05,319,,12,27,140,,13,02,052,*77
$GPGSV,4,2,13,15,31,033,,18,63,271,,20,04,127,,23,38,344,*78
$GPGSV,4,3,13,24,66,023,,25,19,176,,28,00,217,,29,13,201,21*73
$GPGSV,4,4,13,32,09,271,*47
$GPGLL,,,,,125150.00,V,N*48
20:51:50 | Long: Waiting... | Lat: Waiting...
$GPRMC,125151.00,V,,,,,,,060525,,,N*7A
$GPVTG,,,,,,,,,N*30
$GPGGA,125151.00,,,,,0,00,99.99,,,,,,*65
$GPGSA,A,1,,,,,,,,,,,,,99.99,99.99,99.99*30
$GPGSV,4,1,13,05,30,105,,10,05,319,,12,27,140,,13,02,052,*77
$GPGSV,4,2,13,15,31,033,,18,63,271,,20,04,127,,23,38,344,*78
$GPGSV,4,3,13,24,66,023,,25,19,176,,28,00,217,,29,13,201,*70
$GPGSV,4,4,13,32,09,271,*47
$GPGLL,,,,,125151.00,V,N*49
20:51:51 | Long: Waiting... | Lat: Waiting...
$GPRMC,125152.00,V,,,,,,,060525,,,N*79
$GPVTG,,,,,,,,,N*30
$GPGGA,125152.00,,,,,0,00,99.99,,,,,,*66
$GPGSA,A,1,,,,,,,,,,,,,99.99,99.99,99.99*30
$GPGSV,4,1,13,05,30,105,,10,05,319,,12,27,140,,13,02,052,*77
$GPGSV,4,2,13,15,31,033,,18,63,271,,20,04,127,,23,38,344,*78
$GPGSV,4,3,13,24,66,023,,25,19,176,,28,00,217,,29,13,201,*70
$GPGSV,4,4,13,32,09,271,22*47
$GPGLL,,,,,125152.00,V,N*4A
20:51:52 | Long: Waiting... | Lat: Waiting...
$GPRMC,125153.00,V,,,,,,,060525,,,N*78
$GPVTG,,,,,,,,,N*30
$GPGGA,125153.00,,,,,0,00,99.99,,,,,,*67
$GPGSA,A,1,,,,,,,,,,,,,99.99,99.99,99.99*30
$GPGSV,4,1,13,05,30,105,,10,05,319,,12,27,140,,13,02,052,*77
$GPGSV,4,2,13,15,31,033,,18,63,271,,20,04,127,,23,38,344,*78
$GPGSV,4,3,13,24,66,023,,25,19,176,,28,00,217,,29,13,201,*70
$GPGSV,4,4,13,32,09,271,*47
$GPGLL,,,,,125153.00,V,N*4B
20:51:53 | Long: Waiting... | Lat: Waiting...
$GPRMC,125154.00,V,,,,,,,060525,,,N*7F
$GPVTG,,,,,,,,,N*30
$GPGGA,125154.00,,,,,0,00,99.99,,,,,,*60
$GPGSA,A,1,,,,,,,,,,,,,99.99,99.99,99.99*30
$GPGSV,4,1,13,05,30,105,,10,05,319,,12,27,140,,13,02,052,*77
$GPGSV,4,2,13,15,31,033,,18,63,271,,20,04,127,,23,38,344,*78
$GPGSV,4,3,13,24,66,023,,25,19,176,,28,00,217,,29,13,201,*70
$GPGSV,4,4,13,32,09,271,*47
$GPGLL,,,,,125154.00,V,N*4C
20:51:54 | Long: Waiting... | Lat: Waiting...
$GPRMC,125155.00,V,,,,,,,060525,,,N*7E
$GPVTG,,,,,,,,,N*30
$GPGGA,125155.00,,,,,0,00,99.99,,,,,,*61
$GPGSA,A,1,,,,,,,,,,,,,99.99,99.99,99.99*30
$GPGSV,4,1,13,05,30,105,,10,05,319,,12,27,140,,13,02,052,*77
$GPGSV,4,2,13,15,31,033,,18,63,271,,20,04,127,,23,38,344,*78
$GPGSV,4,3,13,24,66,023,,25,19,176,,28,00,217,,29,13,201,*70
$GPGSV,4,4,13,32,09,271,*47
$GPGLL,,,,,125155.00,V,N*4D
20:51:55 | Long: Waiting... | Lat: Waiting...
$GPRMC,125156.00,V,,,,,,,060525,,,N*7D
$GPVTG,,,,,,,,,N*30
$GPGGA,125156.00,,,,,0,00,99.99,,,,,,*62
$GPGSA,A,1,,,,,,,,,,,,,99.99,99.99,99.99*30
$GPGSV,4,1,13,05,30,105,,10,05,319,,12,27,140,,13,02,052,*77
$GPGSV,4,2,13,15,31,033,,18,63,271,,20,04,127,,23,38,344,*78
$GPGSV,4,3,13,24,66,023,,25,19,176,,28,00,217,,29,13,201,*70
$GPGSV,4,4,13,32,09,271,*47
$GPGLL,,,,,125156.00,V,N*4E
20:51:56 | Long: Waiting... | Lat: Waiting...
$GPRMC,125157.00,V,,,,,,,060525,,,N*7C
$GPVTG,,,,,,,,,N*30
$GPGGA,125157.00,,,,,0,00,99.99,,,,,,*63
$GPGSA,A,1,,,,,,,,,,,,,99.99,99.99,99.99*30
$GPGSV,4,1,13,05,30,105,23,10,05,319,,12,27,140,,13,02,052,*76
$GPGSV,4,2,13,15,31,033,,18,63,271,,20,04,127,,23,38,344,*78
$GPGSV,4,3,13,24,66,023,,25,19,176,,28,00,217,,29,13,201,*70
$GPGSV,4,4,13,32,09,271,*47
$GPGLL,,,,,125157.00,V,N*4F
20:51:57 | Long: Waiting... | Lat: Waiting...
$GPRMC,125158.00,V,,,,,,,060525,,,N*73
$GPVTG,,,,,,,,,N*30
$GPGGA,125158.00,,,,,0,00,99.99,,,,,,*6C
$GPGSA,A,1,,,,,,,,,,,,,99.99,99.99,99.99*30
$GPGSV,4,1,13,05,30,105,,10,05,319,,12,27,140,,13,02,052,*77
$GPGSV,4,2,13,15,31,033,,18,63,271,,20,04,127,,23,38,344,*78
$GPGSV,4,3,13,24,66,023,,25,19,176,,28,00,217,,29,13,201,*70
$GPGSV,4,4,13,32,09,271,*47
$GPGLL,,,,,125158.00,V,N*40
20:51:58 | Long: Waiting... | Lat: Waiting...
$GPRMC,125159.00,V,,,,,,,060525,,,N*72
$GPVTG,,,,,,,,,N*30
$GPGGA,125159.00,,,,,0,00,99.99,,,,,,*6D
$GPGSA,A,1,,,,,,,,,,,,,99.99,99.99,99.99*30
$GPGSV,4,1,13,05,30,105,,10,05,319,28,12,27,140,,13,02,052,*7D
$GPGSV,4,2,13,15,31,033,,18,63,271,,20,04,127,,23,38,344,*78
$GPGSV,4,3,13,24,66,023,,25,19,176,,28,00,217,,29,13,201,*70
$GPGSV,4,4,13,32,09,271,*47
$GPGLL,,,,,125159.00,V,N*41
20:51:59 | Long: Waiting... | Lat: Waiting...
$GPRMC,125200.00,V,,,,,,,060525,,,N*7D
$GPVTG,,,,,,,,,N*30
$GPGGA,125200.00,,,,,0,00,99.99,,,,,,*62
$GPGSA,A,1,,,,,,,,,,,,,99.99,99.99,99.99*30
$GPGSV,4,1,13,05,30,105,,10,05,319,,12,27,140,,13,02,052,*77
$GPGSV,4,2,13,15,31,033,,18,63,271,,20,04,127,,23,38,344,*78
$GPGSV,4,3,13,24,66,023,,25,19,176,,28,00,217,,29,13,201,*70
$GPGSV,4,4,13,32,09,271,*47
$GPGLL,,,,,125200.00,V,N*4E
20:52:00 | Long: Waiting... | Lat: Waiting...
$GPRMC,125201.00,V,,,,,,,060525,,,N*7C
$GPVTG,,,,,,,,,N*30
$GPGGA,125201.00,,,,,0,00,99.99,,,,,,*63
$GPGSA,A,1,,,,,,,,,,,,,99.99,99.99,99.99*30
$GPGSV,4,1,13,05,30,105,,10,05,319,,12,27,140,24,13,02,052,*71
$GPGSV,4,2,13,15,31,033,,18,63,271,,20,04,127,,23,38,344,*78
$GPGSV,4,3,13,24,66,023,,25,19,176,,28,00,217,,29,13,201,*70
$GPGSV,4,4,13,32,09,271,*47
$GPGLL,,,,,125201.00,V,N*4F
20:52:01 | Long: Waiting... | Lat: Waiting...
$GPRMC,125202.00,V,,,,,,,060525,,,N*7F
$GPVTG,,,,,,,,,N*30
$GPGGA,125202.00,,,,,0,00,99.99,,,,,,*60
$GPGSA,A,1,,,,,,,,,,,,,99.99,99.99,99.99*30
$GPGSV,4,1,13,05,30,105,,10,05,319,,12,27,140,,13,02,052,*77
$GPGSV,4,2,13,15,31,033,,18,63,271,,20,04,127,,23,38,344,*78
$GPGSV,4,3,13,24,66,023,,25,19,176,,28,00,217,,29,13,201,*70
$GPGSV,4,4,13,32,09,271,*47
$GPGLL,,,,,125202.00,V,N*4C
20:52:02 | Long: Waiting... | Lat: Waiting...
$GPRMC,125203.00,V,,,,,,,060525,,,N*7E
$GPVTG,,,,,,,,,N*30
$GPGGA,125203.00,,,,,0,00,99.99,,,,,,*61
$GPGSA,A,1,,,,,,,,,,,,,99.99,99.99,99.99*30
$GPGSV,4,1,13,05,30,105,,10,05,319,,12,27,140,,13,02,052,28*7D
$GPGSV,4,2,13,15,31,033,,18,63,271,,20,04,127,,23,38,344,*78
$GPGSV,4,3,13,24,66,023,,25,19,176,,28,00,217,,29,13,201,*70
$GPGSV,4,4,13,32,09,271,*47
$GPGLL,,,,,125203.00,V,N*4D
20:52:03 | Long: Waiting... | Lat: Waiting...
$GPRMC,125204.00,V,,,,,,,060525,,,N*79
$GPVTG,,,,,,,,,N*30
$GPGGA,125204.00,,,,,0,00,99.99,,,,,,*66
$GPGSA,A,1,,,,,,,,,,,,,99.99,99.99,99.99*30
$GPGSV,4,1,13,05,30,105,,10,05,319,,12,27,140,,13,02,052,*77
$GPGSV,4,2,13,15,31,033,,18,63,271,,20,03,127,,23,38,344,*7F
$GPGSV,4,3,13,24,66,023,,25,19,176,,28,00,217,,29,13,201,*70
$GPGSV,4,4,13,32,09,271,*47
$GPGLL,,,,,125204.00,V,N*4A
20:52:04 | Long: Waiting... | Lat: Waiting...
$GPRMC,125205.00,V,,,,,,,060525,,,N*78
$GPVTG,,,,,,,,,N*30
$GPGGA,125205.00,,,,,0,00,99.99,,,,,,*67
$GPGSA,A,1,,,,,,,,,,,,,99.99,99.99,99.99*30
$GPGSV,4,1,13,05,30,105,,10,05,319,,12,27,140,,13,02,052,*77
$GPGSV,4,2,13,15,31,033,,18,63,271,,20,03,127,,23,38,344,*7F
$GPGSV,4,3,13,24,66,023,,25,19,176,,28,00,217,,29,13,201,*70
$GPGSV,4,4,13,32,09,271,*47
$GPGLL,,,,,125205.00,V,N*4B
20:52:05 | Long: Waiting... | Lat: Waiting...
$GPRMC,125206.00,V,,,,,,,060525,,,N*7B
$GPVTG,,,,,,,,,N*30
$GPGGA,125206.00,,,,,0,00,99.99,,,,,,*64
$GPGSA,A,1,,,,,,,,,,,,,99.99,99.99,99.99*30
$GPGSV,4,1,13,05,30,105,,10,05,319,,12,27,140,,13,02,052,*77
$GPGSV,4,2,13,15,31,033,,18,63,271,,20,03,127,,23,38,344,*7F
$GPGSV,4,3,13,24,65,023,,25,19,176,,28,00,217,,29,13,201,*73
$GPGSV,4,4,13,32,09,271,*47
$GPGLL,,,,,125206.00,V,N*48
20:52:06 | Long: Waiting... | Lat: Waiting...
$GPRMC,125207.00,V,,,,,,,060525,,,N*7A
$GPVTG,,,,,,,,,N*30
$GPGGA,125207.00,,,,,0,00,99.99,,,,,,*65
$GPGSA,A,1,,,,,,,,,,,,,99.99,99.99,99.99*30
$GPGSV,4,1,13,05,30,105,,10,05,319,,12,27,140,,13,02,052,*77
$GPGSV,4,2,13,15,31,033,,18,63,271,,20,03,127,,23,38,344,*7F
$GPGSV,4,3,13,24,65,023,,25,19,176,,28,00,217,,29,13,201,*73
$GPGSV,4,4,13,32,09,271,*47
$GPGLL,,,,,125207.00,V,N*49
20:52:07 | Long: Waiting... | Lat: Waiting...
$GPRMC,125208.00,V,,,,,,,060525,,,N*75
$GPVTG,,,,,,,,,N*30
$GPGGA,125208.00,,,,,0,00,99.99,,,,,,*6A
$GPGSA,A,1,,,,,,,,,,,,,99.99,99.99,99.99*30
$GPGSV,4,1,13,05,30,105,,10,05,319,,12,27,140,,13,02,052,*77
$GPGSV,4,2,13,15,31,033,,18,63,271,24,20,03,127,,23,38,344,*79
$GPGSV,4,3,13,24,65,023,,25,19,176,,28,00,218,,29,13,201,*7C
$GPGSV,4,4,13,32,09,271,*47
$GPGLL,,,,,125208.00,V,N*46
20:52:08 | Long: Waiting... | Lat: Waiting...
$GPRMC,125209.00,V,,,,,,,060525,,,N*74
$GPVTG,,,,,,,,,N*30
$GPGGA,125209.00,,,,,0,00,99.99,,,,,,*6B
$GPGSA,A,1,,,,,,,,,,,,,99.99,99.99,99.99*30
$GPGSV,4,1,13,05,30,105,,10,05,319,,12,27,140,,13,02,052,*77
$GPGSV,4,2,13,15,31,033,,18,63,271,,20,03,127,,23,38,344,*7F
$GPGSV,4,3,13,24,65,023,,25,19,176,,28,00,218,,29,13,201,*7C
$GPGSV,4,4,13,32,09,271,*47
$GPGLL,,,,,125209.00,V,N*47
20:52:09 | Long: Waiting... | Lat: Waiting...
$GPRMC,125210.00,V,,,,,,,060525,,,N*7C
$GPVTG,,,,,,,,,N*30
$GPGGA,125210.00,,,,,0,00,99.99,,,,,,*63
$GPGSA,A,1,,,,,,,,,,,,,99.99,99.99,99.99*30
$GPGSV,4,1,13,05,30,105,,10,05,319,,12,27,140,,13,02,052,*77
$GPGSV,4,2,13,15,31,033,,18,63,271,,20,03,127,,23,38,344,*7F
$GPGSV,4,3,13,24,65,023,,25,19,176,,28,00,218,,29,13,201,*7C
$GPGSV,4,4,13,32,10,272,*4C
$GPGLL,,,,,125210.00,V,N*4F
20:52:10 | Long: Waiting... | Lat: Waiting...
$GPRMC,125211.00,V,,,,,,,060525,,,N*7D
$GPVTG,,,,,,,,,N*30
$GPGGA,125211.00,,,,,0,00,99.99,,,,,,*62
$GPGSA,A,1,,,,,,,,,,,,,99.99,99.99,99.99*30
$GPGSV,4,1,13,05,30,105,,10,05,319,,12,27,140,,13,02,052,*77
$GPGSV,4,2,13,15,31,033,,18,63,271,,20,03,127,21,23,38,344,*7C
$GPGSV,4,3,13,24,65,023,,25,19,176,,28,00,218,,29,13,201,*7C
$GPGSV,4,4,13,32,10,272,*4C
$GPGLL,,,,,125211.00,V,N*4E
20:52:11 | Long: Waiting... | Lat: Waiting...
$GPRMC,125212.00,V,,,,,,,060525,,,N*7E
$GPVTG,,,,,,,,,N*30
$GPGGA,125212.00,,,,,0,00,99.99,,,,,,*61
$GPGSA,A,1,,,,,,,,,,,,,99.99,99.99,99.99*30
$GPGSV,4,1,13,05,30,105,,10,05,319,,12,27,140,,13,02,052,*77
$GPGSV,4,2,13,15,31,033,,18,63,271,,20,03,127,,23,38,344,24*79
$GPGSV,4,3,13,24,65,023,,25,19,176,,28,00,218,,29,13,201,*7C
$GPGSV,4,4,13,32,10,272,*4C
$GPGLL,,,,,125212.00,V,N*4D
20:52:12 | Long: Waiting... | Lat: Waiting...
$GPRMC,125213.00,V,,,,,,,060525,,,N*7F
$GPVTG,,,,,,,,,N*30
$GPGGA,125213.00,,,,,0,00,99.99,,,,,,*60
$GPGSA,A,1,,,,,,,,,,,,,99.99,99.99,99.99*30
$GPGSV,4,1,13,05,30,105,,10,05,319,,12,27,140,,13,02,052,*77
$GPGSV,4,2,13,15,31,033,,18,63,271,,20,03,127,,23,38,344,*7F
$GPGSV,4,3,13,24,65,023,,25,19,176,,28,00,218,,29,13,201,*7C
$GPGSV,4,4,13,32,10,272,*4C
$GPGLL,,,,,125213.00,V,N*4C
20:52:13 | Long: Waiting... | Lat: Waiting...
$GPRMC,125214.00,V,,,,,,,060525,,,N*78
$GPVTG,,,,,,,,,N*30
$GPGGA,125214.00,,,,,0,00,99.99,,,,,,*67
$GPGSA,A,1,,,,,,,,,,,,,99.99,99.99,99.99*30
$GPGSV,4,1,13,05,30,105,,10,05,319,,12,27,140,,13,02,052,*77
$GPGSV,4,2,13,15,31,033,,18,63,271,,20,03,127,,23,38,344,*7F
$GPGSV,4,3,13,24,65,023,,25,19,176,,28,00,218,,29,13,201,*7C
$GPGSV,4,4,13,32,10,272,*4C
$GPGLL,,,,,125214.00,V,N*4B
20:52:14 | Long: Waiting... | Lat: Waiting...
$GPRMC,125215.00,V,,,,,,,060525,,,N*79
$GPVTG,,,,,,,,,N*30
$GPGGA,125215.00,,,,,0,00,99.99,,,,,,*66
$GPGSA,A,1,,,,,,,,,,,,,99.99,99.99,99.99*30
$GPGSV,4,1,13,05,30,105,,10,05,319,,12,27,140,,13,02,052,*77
$GPGSV,4,2,13,15,31,033,,18,63,271,,20,03,127,,23,38,344,*7F
$GPGSV,4,3,13,24,65,023,24,25,19,176,,28,00,218,,29,13,201,*7A
$GPGSV,4,4,13,32,10,272,*4C
$GPGLL,,,,,125215.00,V,N*4A
20:52:15 | Long: Waiting... | Lat: Waiting...
$GPRMC,125216.00,V,,,,,,,060525,,,N*7A
$GPVTG,,,,,,,,,N*30
$GPGGA,125216.00,,,,,0,00,99.99,,,,,,*65
$GPGSA,A,1,,,,,,,,,,,,,99.99,99.99,99.99*30
$GPGSV,4,1,13,05,30,105,,10,05,319,,12,27,140,,13,02,052,*77
$GPGSV,4,2,13,15,31,033,,18,63,271,,20,03,127,,23,38,344,*7F
$GPGSV,4,3,13,24,65,023,,25,19,176,,28,00,218,,29,13,201,*7C
$GPGSV,4,4,13,32,10,272,*4C
$GPGLL,,,,,125216.00,V,N*49
20:52:16 | Long: Waiting... | Lat: Waiting...
$GPRMC,125217.00,V,,,,,,,060525,,,N*7B
$GPVTG,,,,,,,,,N*30
$GPGGA,125217.00,,,,,0,00,99.99,,,,,,*64
$GPGSA,A,1,,,,,,,,,,,,,99.99,99.99,99.99*30
$GPGSV,4,1,13,05,30,105,,10,05,319,,12,27,140,,13,02,052,*77
$GPGSV,4,2,13,15,31,033,,18,63,271,,20,03,127,,23,38,344,*7F
$GPGSV,4,3,13,24,65,023,,25,19,176,,28,00,218,,29,13,201,*7C
$GPGSV,4,4,13,32,10,272,*4C
$GPGLL,,,,,125217.00,V,N*48
20:52:17 | Long: Waiting... | Lat: Waiting...
$GPRMC,125218.00,V,,,,,,,060525,,,N*74
$GPVTG,,,,,,,,,N*30
$GPGGA,125218.00,,,,,0,00,99.99,,,,,,*6B
$GPGSA,A,1,,,,,,,,,,,,,99.99,99.99,99.99*30
$GPGSV,4,1,13,05,30,105,,10,05,319,,12,27,140,,13,02,052,*77
$GPGSV,4,2,13,15,31,033,,18,63,271,,20,03,127,,23,38,344,*7F
$GPGSV,4,3,13,24,65,023,,25,19,176,,28,00,218,,29,13,201,*7C
$GPGSV,4,4,13,32,10,272,*4C
$GPGLL,,,,,125218.00,V,N*47
20:52:18 | Long: Waiting... | Lat: Waiting...
$GPRMC,125219.00,V,,,,,,,060525,,,N*75
$GPVTG,,,,,,,,,N*30
$GPGGA,125219.00,,,,,0,00,99.99,,,,,,*6A
$GPGSA,A,1,,,,,,,,,,,,,99.99,99.99,99.99*30
$GPGSV,4,1,13,05,30,105,,10,05,319,,12,27,140,,13,02,052,*77
$GPGSV,4,2,13,15,31,033,,18,63,271,,20,03,127,,23,38,344,*7F
$GPGSV,4,3,13,24,65,023,,25,19,176,,28,00,218,,29,13,201,*7C
$GPGSV,4,4,13,32,10,272,*4C
$GPGLL,,,,,125219.00,V,N*46
20:52:19 | Long: Waiting... | Lat: Waiting...
$GPRMC,125220.00,V,,,,,,,060525,,,N*7F
$GPVTG,,,,,,,,,N*30
$GPGGA,125220.00,,,,,0,00,99.99,,,,,,*60
$GPGSA,A,1,,,,,,,,,,,,,99.99,99.99,99.99*30
$GPGSV,4,1,13,05,30,105,,10,05,319,,12,27,140,,13,02,052,*77
$GPGSV,4,2,13,15,31,033,,18,63,271,,20,03,127,,23,38,344,*7F
$GPGSV,4,3,13,24,65,023,,25,19,176,,28,00,218,,29,13,201,*7C
$GPGSV,4,4,13,32,10,272,*4C
$GPGLL,,,,,125220.00,V,N*4C
20:52:20 | Long: Waiting... | Lat: Waiting...
$GPRMC,125221.00,V,,,,,,,060525,,,N*7E
$GPVTG,,,,,,,,,N*30
$GPGGA,125221.00,,,,,0,00,99.99,,,,,,*61
$GPGSA,A,1,,,,,,,,,,,,,99.99,99.99,99.99*30
$GPGSV,4,1,13,05,30,105,,10,05,319,,12,27,140,,13,02,052,*77
$GPGSV,4,2,13,15,31,033,,18,63,271,,20,03,127,,23,38,344,*7F
$GPGSV,4,3,13,24,65,023,,25,19,176,,28,00,218,,29,13,201,*7C
$GPGSV,4,4,13,32,10,272,*4C
$GPGLL,,,,,125221.00,V,N*4D
20:52:21 | Long: Waiting... | Lat: Waiting...
$GPRMC,125222.00,V,,,,,,,060525,,,N*7D
$GPVTG,,,,,,,,,N*30
$GPGGA,125222.00,,,,,0,00,99.99,,,,,,*62
$GPGSA,A,1,,,,,,,,,,,,,99.99,99.99,99.99*30
$GPGSV,4,1,13,05,30,105,,10,05,319,,12,27,140,,13,02,052,*77
$GPGSV,4,2,13,15,31,033,,18,63,271,,20,03,127,,23,38,344,*7F
$GPGSV,4,3,13,24,65,023,,25,19,176,,28,00,218,,29,13,201,*7C
$GPGSV,4,4,13,32,10,272,*4C
$GPGLL,,,,,125222.00,V,N*4E
20:52:22 | Long: Waiting... | Lat: Waiting...
$GPRMC,125223.00,V,,,,,,,060525,,,N*7C
$GPVTG,,,,,,,,,N*30
$GPGGA,125223.00,,,,,0,00,99.99,,,,,,*63
$GPGSA,A,1,,,,,,,,,,,,,99.99,99.99,99.99*30
$GPGSV,4,1,13,05,30,105,,10,05,319,,12,27,140,,13,02,052,*77
$GPGSV,4,2,13,15,31,033,,18,63,271,,20,03,127,,23,38,344,*7F
$GPGSV,4,3,13,24,65,023,,25,19,176,,28,00,218,,29,13,201,*7C
$GPGSV,4,4,13,32,10,272,*4C
$GPGLL,,,,,125223.00,V,N*4F
20:52:23 | Long: Waiting... | Lat: Waiting...
$GPRMC,125224.00,V,,,,,,,060525,,,N*7B
$GPVTG,,,,,,,,,N*30
$GPGGA,125224.00,,,,,0,00,99.99,,,,,,*64
$GPGSA,A,1,,,,,,,,,,,,,99.99,99.99,99.99*30
$GPGSV,4,1,13,05,30,105,,10,05,319,,12,27,140,,13,02,052,*77
$GPGSV,4,2,13,15,31,033,,18,63,271,,20,03,127,,23,38,344,*7F
$GPGSV,4,3,13,24,65,023,,25,19,176,,28,00,218,,29,13,201,*7C
$GPGSV,4,4,13,32,10,272,*4C
$GPGLL,,,,,125224.00,V,N*48
20:52:24 | Long: Waiting... | Lat: Waiting...
$GPRMC,125225.00,V,,,,,,,060525,,,N*7A
$GPVTG,,,,,,,,,N*30
$GPGGA,125225.00,,,,,0,00,99.99,,,,,,*65
$GPGSA,A,1,,,,,,,,,,,,,99.99,99.99,99.99*30
$GPGSV,4,1,13,05,30,105,,10,05,319,,12,27,140,,13,02,052,*77
$GPGSV,4,2,13,15,31,033,,18,63,271,,20,03,127,,23,38,344,*7F
$GPGSV,4,3,13,24,65,023,,25,19,176,,28,00,218,,29,13,201,*7C
$GPGSV,4,4,13,32,10,272,*4C
$GPGLL,,,,,125225.00,V,N*49
20:52:25 | Long: Waiting... | Lat: Waiting...
$GPRMC,125226.00,V,,,,,,,060525,,,N*79
$GPVTG,,,,,,,,,N*30
$GPGGA,125226.00,,,,,0,00,99.99,,,,,,*66
$GPGSA,A,1,,,,,,,,,,,,,99.99,99.99,99.99*30
$GPGSV,4,1,13,05,30,105,,10,05,319,,12,27,140,,13,02,052,*77
$GPGSV,4,2,13,15,31,033,,18,63,271,,20,03,127,,23,38,344,*7F
$GPGSV,4,3,13,24,65,023,,25,19,176,,28,00,218,,29,13,201,*7C
$GPGSV,4,4,13,32,10,272,*4C
$GPGLL,,,,,125226.00,V,N*4A
20:52:26 | Long: Waiting... | Lat: Waiting...
$GPRMC,125227.00,V,,,,,,,060525,,,N*78
$GPVTG,,,,,,,,,N*30
$GPGGA,125227.00,,,,,0,00,99.99,,,,,,*67
$GPGSA,A,1,,,,,,,,,,,,,99.99,99.99,99.99*30
$GPGSV,4,1,13,05,30,105,,10,05,319,,12,27,140,,13,02,052,*77
$GPGSV,4,2,13,15,31,033,,18,63,271,,20,03,127,,23,38,344,*7F
$GPGSV,4,3,13,24,65,023,,25,19,176,,28,00,218,,29,13,201,*7C
$GPGSV,4,4,13,32,10,272,*4C
$GPGLL,,,,,125227.00,V,N*4B
20:52:27 | Long: Waiting... | Lat: Waiting...
$GPRMC,125228.00,V,,,,,,,060525,,,N*77
$GPVTG,,,,,,,,,N*30
$GPGGA,125228.00,,,,,0,00,99.99,,,,,,*68
$GPGSA,A,1,,,,,,,,,,,,,99.99,99.99,99.99*30
$GPGSV,4,1,13,05,30,105,,10,05,319,,12,27,140,,13,02,052,*77
$GPGSV,4,2,13,15,31,033,,18,63,271,,20,03,127,,23,38,344,*7F
$GPGSV,4,3,13,24,65,023,,25,19,176,,28,00,218,,29,13,201,*7C
$GPGSV,4,4,13,32,10,272,*4C
$GPGLL,,,,,125228.00,V,N*44
20:52:28 | Long: Waiting... | Lat: Waiting...
$GPRMC,125229.00,V,,,,,,,060525,,,N*76
$GPVTG,,,,,,,,,N*30
$GPGGA,125229.00,,,,,0,00,99.99,,,,,,*69
$GPGSA,A,1,,,,,,,,,,,,,99.99,99.99,99.99*30
$GPGSV,4,1,13,05,30,105,,10,05,319,,12,27,140,,13,02,052,*77
$GPGSV,4,2,13,15,31,033,,18,63,271,,20,03,127,,23,38,344,*7F
$GPGSV,4,3,13,24,65,023,,25,19,176,,28,00,218,,29,13,201,*7C
$GPGSV,4,4,13,32,10,272,*4C
$GPGLL,,,,,125229.00,V,N*45
20:52:29 | Long: Waiting... | Lat: Waiting...
$GPRMC,125230.00,V,,,,,,,060525,,,N*7E
$GPVTG,,,,,,,,,N*30
$GPGGA,125230.00,,,,,0,00,99.99,,,,,,*61
$GPGSA,A,1,,,,,,,,,,,,,99.99,99.99,99.99*30
$GPGSV,4,1,13,05,30,105,,10,05,319,,12,27,140,,13,02,052,*77
$GPGSV,4,2,13,15,31,033,,18,63,271,,20,03,127,,23,38,344,*7F
$GPGSV,4,3,13,24,65,023,,25,19,176,,28,00,218,24,29,13,201,*7A
$GPGSV,4,4,13,32,10,272,*4C
$GPGLL,,,,,125230.00,V,N*4D
20:52:30 | Long: Waiting... | Lat: Waiting...
$GPRMC,125231.00,V,,,,,,,060525,,,N*7F
$GPVTG,,,,,,,,,N*30
$GPGGA,125231.00,,,,,0,00,99.99,,,,,,*60
$GPGSA,A,1,,,,,,,,,,,,,99.99,99.99,99.99*30
$GPGSV,4,1,13,05,30,105,,10,05,319,,12,27,140,,13,02,052,*77
$GPGSV,4,2,13,15,31,033,,18,63,271,,20,03,127,,23,38,344,*7F
$GPGSV,4,3,13,24,65,023,,25,19,176,,28,00,218,,29,13,201,*7C
$GPGSV,4,4,13,32,10,272,*4C
$GPGLL,,,,,125231.00,V,N*4C
20:52:31 | Long: Waiting... | Lat: Waiting...
$GPRMC,125232.00,V,,,,,,,060525,,,N*7C
$GPVTG,,,,,,,,,N*30
$GPGGA,125232.00,,,,,0,00,99.99,,,,,,*63
$GPGSA,A,1,,,,,,,,,,,,,99.99,99.99,99.99*30
$GPGSV,4,1,13,05,29,106,,10,05,319,,12,27,140,,13,02,052,*7C
$GPGSV,4,2,13,15,31,033,,18,63,271,,20,03,127,,23,38,344,*7F
$GPGSV,4,3,13,24,65,023,,25,19,176,,28,00,218,,29,13,201,*7C
$GPGSV,4,4,13,32,10,272,*4C
$GPGLL,,,,,125232.00,V,N*4F
20:52:32 | Long: Waiting... | Lat: Waiting...
$GPRMC,125233.00,V,,,,,,,060525,,,N*7D
$GPVTG,,,,,,,,,N*30
$GPGGA,125233.00,,,,,0,00,99.99,,,,,,*62
$GPGSA,A,1,,,,,,,,,,,,,99.99,99.99,99.99*30
$GPGSV,4,1,13,05,29,106,,10,05,319,,12,27,140,,13,02,052,*7C
$GPGSV,4,2,13,15,31,033,,18,63,271,,20,03,127,,23,38,344,*7F
$GPGSV,4,3,13,24,65,023,,25,19,176,,28,00,218,,29,13,201,*7C
$GPGSV,4,4,13,32,10,272,*4C
$GPGLL,,,,,125233.00,V,N*4E
20:52:33 | Long: Waiting... | Lat: Waiting...
$GPRMC,125234.00,V,,,,,,,060525,,,N*7A
$GPVTG,,,,,,,,,N*30
$GPGGA,125234.00,,,,,0,00,99.99,,,,,,*65
$GPGSA,A,1,,,,,,,,,,,,,99.99,99.99,99.99*30
$GPGSV,4,1,13,05,29,106,,10,05,319,,12,27,140,,13,02,052,*7C
$GPGSV,4,2,13,15,31,033,,18,63,271,,20,03,127,,23,38,344,*7F
$GPGSV,4,3,13,24,65,023,,25,19,176,,28,00,218,,29,13,201,*7C
$GPGSV,4,4,13,32,10,272,26*48
$GPGLL,,,,,125234.00,V,N*49
20:52:34 | Long: Waiting... | Lat: Waiting...
$GPRMC,125235.00,V,,,,,,,060525,,,N*7B
$GPVTG,,,,,,,,,N*30
$GPGGA,125235.00,,,,,0,00,99.99,,,,,,*64
$GPGSA,A,1,,,,,,,,,,,,,99.99,99.99,99.99*30
$GPGSV,4,1,13,05,29,106,,10,05,319,,12,27,140,,13,02,052,*7C
$GPGSV,4,2,13,15,31,033,,18,63,271,,20,03,127,,23,38,344,*7F
$GPGSV,4,3,13,24,65,023,,25,19,176,,28,00,218,,29,13,201,*7C
$GPGSV,4,4,13,32,10,272,*4C
$GPGLL,,,,,125235.00,V,N*48
20:52:35 | Long: Waiting... | Lat: Waiting...
$GPRMC,125236.00,V,,,,,,,060525,,,N*78
$GPVTG,,,,,,,,,N*30
$GPGGA,125236.00,,,,,0,00,99.99,,,,,,*67
$GPGSA,A,1,,,,,,,,,,,,,99.99,99.99,99.99*30
$GPGSV,4,1,13,05,29,106,,10,05,319,,12,27,139,,13,02,052,*72
$GPGSV,4,2,13,15,31,033,,18,63,271,,20,03,127,,23,38,344,*7F
$GPGSV,4,3,13,24,65,023,,25,19,176,,28,00,218,,29,13,201,*7C
$GPGSV,4,4,13,32,10,272,*4C
$GPGLL,,,,,125236.00,V,N*4B
20:52:36 | Long: Waiting... | Lat: Waiting...
$GPRMC,125237.00,V,,,,,,,060525,,,N*79
$GPVTG,,,,,,,,,N*30
$GPGGA,125237.00,,,,,0,00,99.99,,,,,,*66
$GPGSA,A,1,,,,,,,,,,,,,99.99,99.99,99.99*30
$GPGSV,4,1,13,05,29,106,,10,05,319,,12,27,139,,13,02,052,*72
$GPGSV,4,2,13,15,31,033,,18,63,271,,20,03,127,,23,38,344,*7F
$GPGSV,4,3,13,24,65,023,,25,19,176,,28,00,218,,29,13,201,*7C
$GPGSV,4,4,13,32,10,272,*4C
$GPGLL,,,,,125237.00,V,N*4A
20:52:37 | Long: Waiting... | Lat: Waiting...
$GPRMC,125238.00,V,,,,,,,060525,,,N*76
$GPVTG,,,,,,,,,N*30
$GPGGA,125238.00,,,,,0,00,99.99,,,,,,*69
$GPGSA,A,1,,,,,,,,,,,,,99.99,99.99,99.99*30
$GPGSV,4,1,13,05,29,106,,10,05,319,,12,27,139,,13,02,052,*72
$GPGSV,4,2,13,15,31,033,,18,63,271,,20,03,127,,23,38,344,*7F
$GPGSV,4,3,13,24,65,023,,25,19,176,,28,00,218,,29,13,201,*7C
$GPGSV,4,4,13,32,10,272,*4C
$GPGLL,,,,,125238.00,V,N*45
20:52:38 | Long: Waiting... | Lat: Waiting...
$GPRMC,125239.00,V,,,,,,,060525,,,N*77
$GPVTG,,,,,,,,,N*30
$GPGGA,125239.00,,,,,0,00,99.99,,,,,,*68
$GPGSA,A,1,,,,,,,,,,,,,99.99,99.99,99.99*30
$GPGSV,4,1,13,05,29,106,,10,05,319,,12,27,139,28,13,02,052,*78
$GPGSV,4,2,13,15,31,033,,18,63,270,,20,03,127,,23,38,344,*7E
$GPGSV,4,3,13,24,65,023,,25,19,176,,28,00,218,,29,13,201,*7C
$GPGSV,4,4,13,32,10,272,*4C
$GPGLL,,,,,125239.00,V,N*44
20:52:39 | Long: Waiting... | Lat: Waiting...
$GPRMC,125240.00,V,,,,,,,060525,,,N*79
$GPVTG,,,,,,,,,N*30
$GPGGA,125240.00,,,,,0,00,99.99,,,,,,*66
$GPGSA,A,1,,,,,,,,,,,,,99.99,99.99,99.99*30
$GPGSV,4,1,13,05,29,106,,10,05,319,,12,27,139,,13,02,052,*72
$GPGSV,4,2,13,15,31,033,,18,63,270,,20,03,127,,23,38,344,*7E
$GPGSV,4,3,13,24,65,023,,25,19,176,,28,00,218,,29,13,201,*7C
$GPGSV,4,4,13,32,10,272,*4C
$GPGLL,,,,,125240.00,V,N*4A
20:52:40 | Long: Waiting... | Lat: Waiting...
$GPRMC,125241.00,V,,,,,,,060525,,,N*78
$GPVTG,,,,,,,,,N*30
$GPGGA,125241.00,,,,,0,00,99.99,,,,,,*67
$GPGSA,A,1,,,,,,,,,,,,,99.99,99.99,99.99*30
$GPGSV,4,1,13,05,29,106,,10,05,319,,12,27,139,,13,02,052,21*71
$GPGSV,4,2,13,15,31,033,,18,63,270,,20,03,127,,23,39,344,*7F
$GPGSV,4,3,13,24,65,023,,25,19,176,,28,00,218,,29,13,201,*7C
$GPGSV,4,4,13,32,10,272,*4C
$GPGLL,,,,,125241.00,V,N*4B
20:52:41 | Long: Waiting... | Lat: Waiting...
$GPRMC,125242.00,V,,,,,,,060525,,,N*7B
$GPVTG,,,,,,,,,N*30
$GPGGA,125242.00,,,,,0,00,99.99,,,,,,*64
$GPGSA,A,1,,,,,,,,,,,,,99.99,99.99,99.99*30
$GPGSV,4,1,13,05,29,106,,10,05,319,,12,27,139,,13,02,052,*72
$GPGSV,4,2,13,15,31,033,,18,63,270,,20,03,127,,23,39,344,*7F
$GPGSV,4,3,13,24,65,023,,25,19,176,,28,00,218,,29,13,201,*7C
$GPGSV,4,4,13,32,10,272,*4C
$GPGLL,,,,,125242.00,V,N*48
20:52:42 | Long: Waiting... | Lat: Waiting...
$GPRMC,125243.00,V,,,,,,,060525,,,N*7A
$GPVTG,,,,,,,,,N*30
$GPGGA,125243.00,,,,,0,00,99.99,,,,,,*65
$GPGSA,A,1,,,,,,,,,,,,,99.99,99.99,99.99*30
$GPGSV,4,1,13,05,29,106,,10,05,319,,12,27,139,,13,02,052,*72
$GPGSV,4,2,13,15,31,033,,18,63,270,,20,03,127,,23,39,344,*7F
$GPGSV,4,3,13,24,65,023,,25,19,176,,28,00,218,,29,13,201,*7C
$GPGSV,4,4,13,32,10,272,*4C
$GPGLL,,,,,125243.00,V,N*49
20:52:43 | Long: Waiting... | Lat: Waiting...
$GPRMC,125244.00,V,,,,,,,060525,,,N*7D
$GPVTG,,,,,,,,,N*30
$GPGGA,125244.00,,,,,0,00,99.99,,,,,,*62
$GPGSA,A,1,,,,,,,,,,,,,99.99,99.99,99.99*30
$GPGSV,4,1,13,05,29,106,,10,05,319,,12,27,139,,13,02,052,*72
$GPGSV,4,2,13,15,31,033,25,18,63,270,,20,03,127,,23,39,344,*78
$GPGSV,4,3,13,24,65,023,,25,19,176,,28,00,218,,29,13,201,*7C
$GPGSV,4,4,13,32,10,272,*4C
$GPGLL,,,,,125244.00,V,N*4E
20:52:44 | Long: Waiting... | Lat: Waiting...
$GPRMC,125245.00,V,,,,,,,060525,,,N*7C
$GPVTG,,,,,,,,,N*30
$GPGGA,125245.00,,,,,0,00,99.99,,,,,,*63
$GPGSA,A,1,,,,,,,,,,,,,99.99,99.99,99.99*30
$GPGSV,4,1,13,05,29,106,,10,05,319,,12,27,139,,13,02,052,*72
$GPGSV,4,2,13,15,31,033,,18,63,270,22,20,03,127,,23,39,344,*7F
$GPGSV,4,3,13,24,65,023,,25,19,176,,28,00,218,,29,13,201,*7C
$GPGSV,4,4,13,32,10,272,*4C
$GPGLL,,,,,125245.00,V,N*4F
20:52:45 | Long: Waiting... | Lat: Waiting...
$GPRMC,125246.00,V,,,,,,,060525,,,N*7F
$GPVTG,,,,,,,,,N*30
$GPGGA,125246.00,,,,,0,00,99.99,,,,,,*60
$GPGSA,A,1,,,,,,,,,,,,,99.99,99.99,99.99*30
$GPGSV,4,1,13,05,29,106,,10,05,319,,12,27,139,,13,02,052,*72
$GPGSV,4,2,13,15,31,033,,18,63,270,,20,03,127,,23,39,344,*7F
$GPGSV,4,3,13,24,65,023,,25,19,176,,28,00,218,,29,13,201,*7C
$GPGSV,4,4,13,32,10,272,*4C
$GPGLL,,,,,125246.00,V,N*4C
20:52:46 | Long: Waiting... | Lat: Waiting...
$GPRMC,125247.00,V,,,,,,,060525,,,N*7E
$GPVTG,,,,,,,,,N*30
$GPGGA,125247.00,,,,,0,00,99.99,,,,,,*61
$GPGSA,A,1,,,,,,,,,,,,,99.99,99.99,99.99*30
$GPGSV,4,1,13,05,29,106,,10,05,319,,12,27,139,,13,02,052,*72
$GPGSV,4,2,13,15,31,033,,18,63,270,,20,03,127,,23,39,344,*7F
$GPGSV,4,3,13,24,65,023,,25,19,176,,28,00,218,,29,13,201,*7C
$GPGSV,4,4,13,32,10,272,*4C
$GPGLL,,,,,125247.00,V,N*4D
20:52:47 | Long: Waiting... | Lat: Waiting...
$GPRMC,125248.00,V,,,,,,,060525,,,N*71
$GPVTG,,,,,,,,,N*30
$GPGGA,125248.00,,,,,0,00,99.99,,,,,,*6E
$GPGSA,A,1,,,,,,,,,,,,,99.99,99.99,99.99*30
$GPGSV,4,1,13,05,29,106,,10,05,319,,12,27,139,,13,02,052,*72
$GPGSV,4,2,13,15,31,033,,18,63,270,,20,03,127,25,23,39,344,*78
$GPGSV,4,3,13,24,65,023,,25,19,176,,28,00,218,,29,13,201,*7C
$GPGSV,4,4,13,32,10,272,*4C
$GPGLL,,,,,125248.00,V,N*42
20:52:48 | Long: Waiting... | Lat: Waiting...
$GPRMC,125249.00,V,,,,,,,060525,,,N*70
$GPVTG,,,,,,,,,N*30
$GPGGA,125249.00,,,,,0,00,99.99,,,,,,*6F
$GPGSA,A,1,,,,,,,,,,,,,99.99,99.99,99.99*30
$GPGSV,4,1,13,05,29,106,,10,05,319,,12,27,139,,13,02,052,*72
$GPGSV,4,2,13,15,31,033,,18,63,270,,20,03,127,,23,39,344,*7F
$GPGSV,4,3,13,24,65,023,,25,19,176,,28,00,218,,29,13,201,*7C
$GPGSV,4,4,13,32,10,272,*4C
$GPGLL,,,,,125249.00,V,N*43
20:52:49 | Long: Waiting... | Lat: Waiting...
$GPRMC,125250.00,V,,,,,,,060525,,,N*78
$GPVTG,,,,,,,,,N*30
$GPGGA,125250.00,,,,,0,00,99.99,,,,,,*67
$GPGSA,A,1,,,,,,,,,,,,,99.99,99.99,99.99*30
$GPGSV,4,1,13,05,29,106,,10,05,319,,12,27,139,,13,02,052,*72
$GPGSV,4,2,13,15,31,033,,18,63,270,,20,03,127,,23,39,344,22*7F
$GPGSV,4,3,13,24,65,023,,25,19,176,,28,00,218,,29,13,201,*7C
$GPGSV,4,4,13,32,10,272,*4C
$GPGLL,,,,,125250.00,V,N*4B
20:52:50 | Long: Waiting... | Lat: Waiting...
$GPRMC,125251.00,V,,,,,,,060525,,,N*79
$GPVTG,,,,,,,,,N*30
$GPGGA,125251.00,,,,,0,00,99.99,,,,,,*66
$GPGSA,A,1,,,,,,,,,,,,,99.99,99.99,99.99*30
$GPGSV,4,1,13,05,29,106,,10,05,319,,12,27,139,,13,02,052,*72
$GPGSV,4,2,13,15,31,033,,18,63,270,,20,03,127,,23,39,344,*7F
$GPGSV,4,3,13,24,65,023,24,25,19,176,,28,00,218,,29,13,201,*7A
$GPGSV,4,4,13,32,10,272,*4C
$GPGLL,,,,,125251.00,V,N*4A
20:52:51 | Long: Waiting... | Lat: Waiting...
$GPRMC,125252.00,V,,,,,,,060525,,,N*7A
$GPVTG,,,,,,,,,N*30
$GPGGA,125252.00,,,,,0,00,99.99,,,,,,*65
$GPGSA,A,1,,,,,,,,,,,,,99.99,99.99,99.99*30
$GPGSV,4,1,13,05,29,106,,10,05,319,,12,27,139,,13,02,052,*72
$GPGSV,4,2,13,15,31,033,,18,63,270,,20,03,127,,23,39,344,*7F
$GPGSV,4,3,13,24,65,023,,25,19,176,,28,00,218,,29,13,201,*7C
$GPGSV,4,4,13,32,10,272,*4C
$GPGLL,,,,,125252.00,V,N*49
20:52:52 | Long: Waiting... | Lat: Waiting...
$GPRMC,125253.00,V,,,,,,,060525,,,N*7B
$GPVTG,,,,,,,,,N*30
$GPGGA,125253.00,,,,,0,00,99.99,,,,,,*64
$GPGSA,A,1,,,,,,,,,,,,,99.99,99.99,99.99*30
$GPGSV,4,1,13,05,29,106,,10,05,319,,12,27,139,,13,02,052,*72
$GPGSV,4,2,13,15,31,033,,18,63,270,,20,03,127,,23,39,344,*7F
$GPGSV,4,3,13,24,65,023,,25,19,176,22,28,00,218,,29,13,201,*7C
$GPGSV,4,4,13,32,10,272,*4C
$GPGLL,,,,,125253.00,V,N*48
20:52:53 | Long: Waiting... | Lat: Waiting...
$GPRMC,125254.00,V,,,,,,,060525,,,N*7C
$GPVTG,,,,,,,,,N*30
$GPGGA,125254.00,,,,,0,00,99.99,,,,,,*63
$GPGSA,A,1,,,,,,,,,,,,,99.99,99.99,99.99*30
$GPGSV,4,1,13,05,29,106,,10,05,319,,12,27,139,,13,02,052,*72
$GPGSV,4,2,13,15,31,033,,18,63,270,,20,03,127,,23,39,344,*7F
$GPGSV,4,3,13,24,65,023,,25,19,176,,28,00,218,,29,13,201,*7C
$GPGSV,4,4,13,32,10,272,*4C
$GPGLL,,,,,125254.00,V,N*4F
20:52:54 | Long: Waiting... | Lat: Waiting...
$GPRMC,125255.00,V,,,,,,,060525,,,N*7D
$GPVTG,,,,,,,,,N*30
$GPGGA,125255.00,,,,,0,00,99.99,,,,,,*62
$GPGSA,A,1,,,,,,,,,,,,,99.99,99.99,99.99*30
$GPGSV,4,1,13,05,29,106,,10,05,319,,12,27,139,,13,02,052,*72
$GPGSV,4,2,13,15,31,033,,18,63,270,,20,03,127,,23,39,344,*7F
$GPGSV,4,3,13,24,65,023,,25,19,176,,28,00,218,25,29,13,201,*7B
$GPGSV,4,4,13,32,10,272,*4C
$GPGLL,,,,,125255.00,V,N*4E
20:52:55 | Long: Waiting... | Lat: Waiting...
$GPRMC,125256.00,V,,,,,,,060525,,,N*7E
$GPVTG,,,,,,,,,N*30
$GPGGA,125256.00,,,,,0,00,99.99,,,,,,*61
$GPGSA,A,1,,,,,,,,,,,,,99.99,99.99,99.99*30
$GPGSV,4,1,13,05,29,106,,10,05,319,,12,27,139,,13,02,052,*72
$GPGSV,4,2,13,15,31,033,,18,63,270,,20,03,127,,23,39,344,*7F
$GPGSV,4,3,13,24,65,023,,25,19,176,,28,00,218,,29,13,201,*7C
$GPGSV,4,4,13,32,10,272,*4C
$GPGLL,,,,,125256.00,V,N*4D
20:52:56 | Long: Waiting... | Lat: Waiting...
$GPRMC,125257.00,V,,,,,,,060525,,,N*7F
$GPVTG,,,,,,,,,N*30
$GPGGA,125257.00,,,,,0,00,99.99,,,,,,*60
$GPGSA,A,1,,,,,,,,,,,,,99.99,99.99,99.99*30
$GPGSV,4,1,13,05,29,106,25,10,05,319,,12,27,139,,13,02,052,*75
$GPGSV,4,2,13,15,31,033,,18,63,270,,20,03,127,,23,39,344,*7F
$GPGSV,4,3,13,24,65,023,,25,19,176,,28,00,218,,29,13,201,*7C
$GPGSV,4,4,13,32,10,272,*4C
$GPGLL,,,,,125257.00,V,N*4C
20:52:57 | Long: Waiting... | Lat: Waiting...
$GPRMC,125258.00,V,,,,,,,060525,,,N*70
$GPVTG,,,,,,,,,N*30
$GPGGA,125258.00,,,,,0,00,99.99,,,,,,*6F
$GPGSA,A,1,,,,,,,,,,,,,99.99,99.99,99.99*30
$GPGSV,4,1,13,05,29,106,,10,05,319,,12,27,139,,13,02,052,*72
$GPGSV,4,2,13,15,31,033,,18,63,270,,20,03,127,,23,39,344,*7F
$GPGSV,4,3,13,24,65,023,,25,19,176,,28,00,218,,29,13,201,*7C
$GPGSV,4,4,13,32,10,272,*4C
$GPGLL,,,,,125258.00,V,N*43
20:52:58 | Long: Waiting... | Lat: Waiting...
$GPRMC,125259.00,V,,,,,,,060525,,,N*71
$GPVTG,,,,,,,,,N*30
$GPGGA,125259.00,,,,,0,00,99.99,,,,,,*6E
$GPGSA,A,1,,,,,,,,,,,,,99.99,99.99,99.99*30
$GPGSV,4,1,13,05,29,106,,10,05,319,22,12,27,139,,13,02,052,*72
$GPGSV,4,2,13,15,31,033,,18,63,270,,20,03,127,,23,39,344,*7F
$GPGSV,4,3,13,24,65,023,,25,19,176,,28,00,218,,29,13,201,*7C
$GPGSV,4,4,13,32,10,272,*4C
$GPGLL,,,,,125259.00,V,N*42
20:52:59 | Long: Waiting... | Lat: Waiting...
$GPRMC,125300.00,V,,,,,,,060525,,,N*7C
$GPVTG,,,,,,,,,N*30
$GPGGA,125300.00,,,,,0,00,99.99,,,,,,*63
$GPGSA,A,1,,,,,,,,,,,,,99.99,99.99,99.99*30
$GPGSV,4,1,13,05,29,106,,10,05,319,,12,27,139,,13,02,052,*72
$GPGSV,4,2,13,15,31,033,,18,63,270,,20,03,127,,23,39,344,*7F
$GPGSV,4,3,13,24,65,023,,25,19,176,,28,00,218,,29,13,201,*7C
$GPGSV,4,4,13,32,10,272,*4C
$GPGLL,,,,,125300.00,V,N*4F
20:53:00 | Long: Waiting... | Lat: Waiting...
$GPRMC,125301.00,V,,,,,,,060525,,,N*7D
$GPVTG,,,,,,,,,N*30
$GPGGA,125301.00,,,,,0,00,99.99,,,,,,*62
$GPGSA,A,1,,,,,,,,,,,,,99.99,99.99,99.99*30
$GPGSV,4,1,13,05,29,106,,10,05,319,,12,27,139,,13,02,052,*72
$GPGSV,4,2,13,15,31,033,,18,63,270,,20,03,127,,23,39,344,*7F
$GPGSV,4,3,13,24,65,023,,25,19,176,,28,00,218,,29,13,201,*7C
$GPGSV,4,4,13,32,10,272,*4C
$GPGLL,,,,,125301.00,V,N*4E
20:53:01 | Long: Waiting... | Lat: Waiting...
$GPRMC,125302.00,V,,,,,,,060525,,,N*7E
$GPVTG,,,,,,,,,N*30
$GPGGA,125302.00,,,,,0,00,99.99,,,,,,*61
$GPGSA,A,1,,,,,,,,,,,,,99.99,99.99,99.99*30
$GPGSV,4,1,13,05,29,106,,10,05,319,,12,27,139,,13,02,052,*72
$GPGSV,4,2,13,15,31,033,,18,63,270,,20,03,127,,23,39,344,*7F
$GPGSV,4,3,13,24,65,023,,25,19,176,,28,00,218,,29,13,201,*7C
$GPGSV,4,4,13,32,10,272,*4C
$GPGLL,,,,,125302.00,V,N*4D
20:53:02 | Long: Waiting... | Lat: Waiting...
$GPRMC,125303.00,V,,,,,,,060525,,,N*7F
$GPVTG,,,,,,,,,N*30
$GPGGA,125303.00,,,,,0,00,99.99,,,,,,*60
$GPGSA,A,1,,,,,,,,,,,,,99.99,99.99,99.99*30
$GPGSV,4,1,13,05,29,106,,10,05,319,,12,27,139,,13,02,052,24*74
$GPGSV,4,2,13,15,31,033,,18,63,270,,20,03,127,,23,39,344,*7F
$GPGSV,4,3,13,24,65,023,,25,19,176,,28,00,218,,29,13,201,*7C
$GPGSV,4,4,13,32,10,272,*4C
$GPGLL,,,,,125303.00,V,N*4C
20:53:03 | Long: Waiting... | Lat: Waiting...
$GPRMC,125304.00,V,,,,,,,060525,,,N*78
$GPVTG,,,,,,,,,N*30
$GPGGA,125304.00,,,,,0,00,99.99,,,,,,*67
$GPGSA,A,1,,,,,,,,,,,,,99.99,99.99,99.99*30
$GPGSV,4,1,13,05,29,106,,10,05,319,,12,27,139,,13,02,052,*72
$GPGSV,4,2,13,15,31,033,,18,63,270,,20,03,127,,23,39,344,*7F
$GPGSV,4,3,13,24,65,023,,25,19,176,,28,00,218,,29,13,201,*7C
$GPGSV,4,4,13,32,10,272,*4C
$GPGLL,,,,,125304.00,V,N*4B
20:53:04 | Long: Waiting... | Lat: Waiting...
$GPRMC,125305.00,V,,,,,,,060525,,,N*79
$GPVTG,,,,,,,,,N*30
$GPGGA,125305.00,,,,,0,00,99.99,,,,,,*66
$GPGSA,A,1,,,,,,,,,,,,,99.99,99.99,99.99*30
$GPGSV,4,1,13,05,29,106,,10,05,319,,12,27,139,,13,02,052,*72
$GPGSV,4,2,13,15,31,033,,18,63,270,,20,03,127,,23,39,344,*7F
$GPGSV,4,3,13,24,65,023,,25,19,176,,28,00,218,,29,13,201,*7C
$GPGSV,4,4,13,32,10,272,*4C
$GPGLL,,,,,125305.00,V,N*4A
20:53:05 | Long: Waiting... | Lat: Waiting...
$GPRMC,125306.00,V,,,,,,,060525,,,N*7A
$GPVTG,,,,,,,,,N*30
$GPGGA,125306.00,,,,,0,00,99.99,,,,,,*65
$GPGSA,A,1,,,,,,,,,,,,,99.99,99.99,99.99*30
$GPGSV,4,1,13,05,29,106,,10,05,319,,12,27,139,,13,02,052,*72
$GPGSV,4,2,13,15,31,033,,18,63,270,,20,03,127,,23,39,344,*7F
$GPGSV,4,3,13,24,65,023,,25,19,176,,28,00,218,,29,13,201,*7C
$GPGSV,4,4,13,32,10,272,*4C
$GPGLL,,,,,125306.00,V,N*49
20:53:06 | Long: Waiting... | Lat: Waiting...
$GPRMC,125307.00,V,,,,,,,060525,,,N*7B
$GPVTG,,,,,,,,,N*30
$GPGGA,125307.00,,,,,0,00,99.99,,,,,,*64
$GPGSA,A,1,,,,,,,,,,,,,99.99,99.99,99.99*30
$GPGSV,4,1,13,05,29,106,,10,05,319,,12,27,139,,13,02,052,*72
$GPGSV,4,2,13,15,31,033,,18,63,270,,20,03,127,,23,39,344,*7F
$GPGSV,4,3,13,24,65,023,,25,19,176,,28,00,218,,29,13,201,*7C
$GPGSV,4,4,13,32,10,272,*4C
$GPGLL,,,,,125307.00,V,N*48
20:53:07 | Long: Waiting... | Lat: Waiting...
$GPRMC,125308.00,V,,,,,,,060525,,,N*74
$GPVTG,,,,,,,,,N*30
$GPGGA,125308.00,,,,,0,00,99.99,,,,,,*6B
$GPGSA,A,1,,,,,,,,,,,,,99.99,99.99,99.99*30
$GPGSV,4,1,13,05,29,106,,10,05,319,,12,27,139,,13,02,052,*72
$GPGSV,4,2,13,15,31,033,,18,63,270,22,20,03,127,,23,39,344,*7F
$GPGSV,4,3,13,24,65,023,,25,19,176,,28,00,218,,29,13,201,*7C
$GPGSV,4,4,13,32,10,272,*4C
$GPGLL,,,,,125308.00,V,N*47
20:53:08 | Long: Waiting... | Lat: Waiting...
$GPRMC,125309.00,V,,,,,,,060525,,,N*75
$GPVTG,,,,,,,,,N*30
$GPGGA,125309.00,,,,,0,00,99.99,,,,,,*6A
$GPGSA,A,1,,,,,,,,,,,,,99.99,99.99,99.99*30
$GPGSV,4,1,13,05,29,106,,10,05,319,,12,27,139,,13,02,052,*72
$GPGSV,4,2,13,15,31,033,,18,63,270,,20,03,127,,23,39,344,*7F
$GPGSV,4,3,13,24,65,023,,25,19,176,,28,00,218,,29,13,201,*7C
$GPGSV,4,4,13,32,10,272,*4C
$GPGLL,,,,,125309.00,V,N*46
20:53:09 | Long: Waiting... | Lat: Waiting...
$GPRMC,125310.00,V,,,,,,,060525,,,N*7D
$GPVTG,,,,,,,,,N*30
$GPGGA,125310.00,,,,,0,00,99.99,,,,,,*62
$GPGSA,A,1,,,,,,,,,,,,,99.99,99.99,99.99*30
$GPGSV,4,1,13,05,29,106,,10,05,319,,12,27,139,,13,02,052,*72
$GPGSV,4,2,13,15,31,033,,18,63,270,,20,03,127,,23,39,344,*7F
$GPGSV,4,3,13,24,65,023,,25,19,176,,28,00,218,,29,13,201,*7C
$GPGSV,4,4,13,32,10,272,*4C
$GPGLL,,,,,125310.00,V,N*4E
20:53:10 | Long: Waiting... | Lat: Waiting...
$GPRMC,125311.00,V,,,,,,,060525,,,N*7C
$GPVTG,,,,,,,,,N*30
$GPGGA,125311.00,,,,,0,00,99.99,,,,,,*63
$GPGSA,A,1,,,,,,,,,,,,,99.99,99.99,99.99*30
$GPGSV,4,1,13,05,29,106,,10,05,319,,12,27,139,,13,02,052,*72
$GPGSV,4,2,13,15,31,033,,18,63,270,,20,03,127,28,23,39,344,*75
$GPGSV,4,3,13,24,65,023,,25,19,176,,28,00,218,,29,13,201,*7C
$GPGSV,4,4,13,32,10,272,*4C
$GPGLL,,,,,125311.00,V,N*4F
20:53:11 | Long: Waiting... | Lat: Waiting...
$GPRMC,125312.00,V,,,,,,,060525,,,N*7F
$GPVTG,,,,,,,,,N*30
$GPGGA,125312.00,,,,,0,00,99.99,,,,,,*60
$GPGSA,A,1,,,,,,,,,,,,,99.99,99.99,99.99*30
$GPGSV,4,1,13,05,29,106,,10,05,319,,12,27,139,,13,02,052,*72
$GPGSV,4,2,13,15,31,033,,18,63,270,,20,03,127,,23,39,344,*7F
$GPGSV,4,3,13,24,65,023,,25,19,176,,28,00,218,,29,13,201,*7C
$GPGSV,4,4,13,32,10,272,*4C
$GPGLL,,,,,125312.00,V,N*4C
20:53:12 | Long: Waiting... | Lat: Waiting...
$GPRMC,125313.00,V,,,,,,,060525,,,N*7E
$GPVTG,,,,,,,,,N*30
$GPGGA,125313.00,,,,,0,00,99.99,,,,,,*61
$GPGSA,A,1,,,,,,,,,,,,,99.99,99.99,99.99*30
$GPGSV,4,1,13,05,29,106,,10,05,319,,12,27,139,,13,02,052,*72
$GPGSV,4,2,13,15,31,034,,18,63,270,,20,03,127,,23,39,344,28*72
$GPGSV,4,3,13,24,65,023,,25,19,176,,28,00,218,,29,13,201,*7C
$GPGSV,4,4,13,32,10,272,*4C
$GPGLL,,,,,125313.00,V,N*4D
20:53:13 | Long: Waiting... | Lat: Waiting...
$GPRMC,125314.00,V,,,,,,,060525,,,N*79
$GPVTG,,,,,,,,,N*30
$GPGGA,125314.00,,,,,0,00,99.99,,,,,,*66
$GPGSA,A,1,,,,,,,,,,,,,99.99,99.99,99.99*30
$GPGSV,4,1,13,05,29,106,,10,05,319,,12,27,139,,13,02,052,*72
$GPGSV,4,2,13,15,31,034,,18,63,269,,20,03,127,,23,39,344,*70
$GPGSV,4,3,13,24,65,023,,25,19,176,,28,00,218,,29,13,201,*7C
$GPGSV,4,4,13,32,10,272,*4C
$GPGLL,,,,,125314.00,V,N*4A
20:53:14 | Long: Waiting... | Lat: Waiting...
$GPRMC,125315.00,V,,,,,,,060525,,,N*78
$GPVTG,,,,,,,,,N*30
$GPGGA,125315.00,,,,,0,00,99.99,,,,,,*67
$GPGSA,A,1,,,,,,,,,,,,,99.99,99.99,99.99*30
$GPGSV,4,1,13,05,29,106,,10,05,319,,12,27,139,,13,02,052,*72
$GPGSV,4,2,13,15,31,034,,18,63,269,,20,03,127,,23,39,344,*70
$GPGSV,4,3,13,24,65,023,25,25,19,176,,28,00,218,,29,13,201,*7B
$GPGSV,4,4,13,32,10,272,*4C
$GPGLL,,,,,125315.00,V,N*4B
20:53:15 | Long: Waiting... | Lat: Waiting...
$GPRMC,125316.00,V,,,,,,,060525,,,N*7B
$GPVTG,,,,,,,,,N*30
$GPGGA,125316.00,,,,,0,00,99.99,,,,,,*64
$GPGSA,A,1,,,,,,,,,,,,,99.99,99.99,99.99*30
$GPGSV,4,1,13,05,29,106,,10,05,319,,12,27,139,,13,02,052,*72
$GPGSV,4,2,13,15,31,034,,18,63,269,,20,03,127,,23,39,344,*70
$GPGSV,4,3,13,24,65,023,,25,19,176,,28,00,218,,29,13,201,*7C
$GPGSV,4,4,13,32,10,272,*4C
$GPGLL,,,,,125316.00,V,N*48
20:53:16 | Long: Waiting... | Lat: Waiting...
$GPRMC,125317.00,V,,,,,,,060525,,,N*7A
$GPVTG,,,,,,,,,N*30
$GPGGA,125317.00,,,,,0,00,99.99,,,,,,*65
$GPGSA,A,1,,,,,,,,,,,,,99.99,99.99,99.99*30
$GPGSV,4,1,13,05,29,106,,10,05,319,,12,27,139,,13,02,052,*72
$GPGSV,4,2,13,15,31,034,,18,63,269,,20,03,127,,23,39,345,*71
$GPGSV,4,3,13,24,65,023,,25,19,176,20,28,00,218,,29,13,201,*7E
$GPGSV,4,4,13,32,10,272,*4C
$GPGLL,,,,,125317.00,V,N*49
20:53:17 | Long: Waiting... | Lat: Waiting...
$GPRMC,125318.00,V,,,,,,,060525,,,N*75
$GPVTG,,,,,,,,,N*30
$GPGGA,125318.00,,,,,0,00,99.99,,,,,,*6A
$GPGSA,A,1,,,,,,,,,,,,,99.99,99.99,99.99*30
$GPGSV,4,1,13,05,29,106,,10,05,319,,12,27,139,,13,02,052,*72
$GPGSV,4,2,13,15,31,034,,18,63,269,,20,03,127,,23,39,345,*71
$GPGSV,4,3,13,24,65,023,,25,19,176,,28,00,218,,29,13,201,*7C
$GPGSV,4,4,13,32,10,272,*4C
$GPGLL,,,,,125318.00,V,N*46
20:53:18 | Long: Waiting... | Lat: Waiting...
$GPRMC,125319.00,V,,,,,,,060525,,,N*74
$GPVTG,,,,,,,,,N*30
$GPGGA,125319.00,,,,,0,00,99.99,,,,,,*6B
$GPGSA,A,1,,,,,,,,,,,,,99.99,99.99,99.99*30
$GPGSV,4,1,13,05,29,106,,10,05,319,,12,27,139,,13,02,052,*72
$GPGSV,4,2,13,15,31,034,,18,63,269,,20,03,127,,23,39,345,*71
$GPGSV,4,3,13,24,65,023,,25,19,176,,28,01,218,,29,13,201,*7D
$GPGSV,4,4,13,32,10,272,*4C
$GPGLL,,,,,125319.00,V,N*47
20:53:19 | Long: Waiting... | Lat: Waiting...
$GPRMC,125320.00,V,,,,,,,060525,,,N*7E
$GPVTG,,,,,,,,,N*30
$GPGGA,125320.00,,,,,0,00,99.99,,,,,,*61
$GPGSA,A,1,,,,,,,,,,,,,99.99,99.99,99.99*30
$GPGSV,4,1,13,05,29,106,,10,05,319,,12,27,139,,13,02,052,*72
$GPGSV,4,2,13,15,31,034,,18,63,269,,20,03,127,,23,39,345,*71
$GPGSV,4,3,13,24,65,023,,25,19,176,,28,01,218,,29,13,201,*7D
$GPGSV,4,4,13,32,10,272,*4C
$GPGLL,,,,,125320.00,V,N*4D
20:53:20 | Long: Waiting... | Lat: Waiting...
$GPRMC,125321.00,V,,,,,,,060525,,,N*7F
$GPVTG,,,,,,,,,N*30
$GPGGA,125321.00,,,,,0,00,99.99,,,,,,*60
$GPGSA,A,1,,,,,,,,,,,,,99.99,99.99,99.99*30
$GPGSV,4,1,13,05,29,106,,10,05,319,,12,27,139,,13,02,052,*72
$GPGSV,4,2,13,15,31,034,,18,63,269,,20,03,127,,23,39,345,*71
$GPGSV,4,3,13,24,65,023,,25,19,176,,28,01,218,,29,13,201,*7D
$GPGSV,4,4,13,32,10,272,*4C
$GPGLL,,,,,125321.00,V,N*4C
20:53:21 | Long: Waiting... | Lat: Waiting...
$GPRMC,125322.00,V,,,,,,,060525,,,N*7C
$GPVTG,,,,,,,,,N*30
$GPGGA,125322.00,,,,,0,00,99.99,,,,,,*63
$GPGSA,A,1,,,,,,,,,,,,,99.99,99.99,99.99*30
$GPGSV,4,1,13,05,29,106,,10,05,319,,12,27,139,,13,02,052,*72
$GPGSV,4,2,13,15,31,034,,18,63,269,,20,03,127,,23,39,345,*71
$GPGSV,4,3,13,24,65,023,,25,19,176,,28,01,218,,29,13,201,24*7B
$GPGSV,4,4,13,32,10,272,*4C
$GPGLL,,,,,125322.00,V,N*4F
20:53:22 | Long: Waiting... | Lat: Waiting...
$GPRMC,125323.00,V,,,,,,,060525,,,N*7D
$GPVTG,,,,,,,,,N*30
$GPGGA,125323.00,,,,,0,00,99.99,,,,,,*62
$GPGSA,A,1,,,,,,,,,,,,,99.99,99.99,99.99*30
$GPGSV,4,1,13,05,29,106,,10,05,319,,12,27,139,,13,02,052,*72
$GPGSV,4,2,13,15,31,034,,18,63,269,,20,03,127,,23,39,345,*71
$GPGSV,4,3,13,24,65,023,,25,19,176,,28,01,218,,29,13,201,*7D
$GPGSV,4,4,13,32,10,272,*4C
$GPGLL,,,,,125323.00,V,N*4E
20:53:23 | Long: Waiting... | Lat: Waiting...
$GPRMC,125324.00,V,,,,,,,060525,,,N*7A
$GPVTG,,,,,,,,,N*30
$GPGGA,125324.00,,,,,0,00,99.99,,,,,,*65
$GPGSA,A,1,,,,,,,,,,,,,99.99,99.99,99.99*30
$GPGSV,4,1,13,05,29,106,,10,05,319,,12,27,139,,13,02,052,*72
$GPGSV,4,2,13,15,31,034,,18,63,269,,20,03,127,,23,39,345,*71
$GPGSV,4,3,13,24,65,023,,25,19,176,,28,01,218,,29,13,201,*7D
$GPGSV,4,4,13,32,10,272,22*4C
$GPGLL,,,,,125324.00,V,N*49
20:53:24 | Long: Waiting... | Lat: Waiting...
$GPRMC,125325.00,V,,,,,,,060525,,,N*7B
$GPVTG,,,,,,,,,N*30
$GPGGA,125325.00,,,,,0,00,99.99,,,,,,*64
$GPGSA,A,1,,,,,,,,,,,,,99.99,99.99,99.99*30
$GPGSV,4,1,13,05,29,106,,10,05,319,,12,27,139,,13,02,052,*72
$GPGSV,4,2,13,15,31,034,,18,63,269,,20,03,127,,23,39,345,*71
$GPGSV,4,3,13,24,65,023,,25,19,176,,28,01,218,,29,13,201,*7D
$GPGSV,4,4,13,32,10,272,*4C
$GPGLL,,,,,125325.00,V,N*48
20:53:25 | Long: Waiting... | Lat: Waiting...
$GPRMC,125326.00,V,,,,,,,060525,,,N*78
$GPVTG,,,,,,,,,N*30
$GPGGA,125326.00,,,,,0,00,99.99,,,,,,*67
$GPGSA,A,1,,,,,,,,,,,,,99.99,99.99,99.99*30
$GPGSV,4,1,13,05,29,106,,10,05,319,,12,27,139,,13,02,052,*72
$GPGSV,4,2,13,15,31,034,,18,63,269,,20,03,127,,23,39,345,*71
$GPGSV,4,3,13,24,65,023,,25,19,176,,28,01,218,,29,13,201,*7D
$GPGSV,4,4,13,32,10,272,*4C
$GPGLL,,,,,125326.00,V,N*4B
20:53:26 | Long: Waiting... | Lat: Waiting...
$GPRMC,125327.00,V,,,,,,,060525,,,N*79
$GPVTG,,,,,,,,,N*30
$GPGGA,125327.00,,,,,0,00,99.99,,,,,,*66
$GPGSA,A,1,,,,,,,,,,,,,99.99,99.99,99.99*30
$GPGSV,4,1,13,05,29,106,24,10,05,319,28,12,27,139,,13,02,052,*7E
$GPGSV,4,2,13,15,31,034,,18,63,269,,20,03,127,,23,39,345,*71
$GPGSV,4,3,13,24,65,023,,25,19,176,,28,01,218,,29,13,201,*7D
$GPGSV,4,4,13,32,10,272,*4C
$GPGLL,,,,,125327.00,V,N*4A
20:53:27 | Long: Waiting... | Lat: Waiting...
$GPRMC,125328.00,V,,,,,,,060525,,,N*76
$GPVTG,,,,,,,,,N*30
$GPGGA,125328.00,,,,,0,00,99.99,,,,,,*69
$GPGSA,A,1,,,,,,,,,,,,,99.99,99.99,99.99*30
$GPGSV,4,1,13,05,29,106,,10,05,319,,12,27,139,,13,02,052,*72
$GPGSV,4,2,13,15,31,034,,18,63,269,,20,03,127,,23,39,345,*71
$GPGSV,4,3,13,24,65,023,,25,19,176,,28,01,218,,29,13,201,*7D
$GPGSV,4,4,13,32,10,272,*4C
$GPGLL,,,,,125328.00,V,N*45
20:53:28 | Long: Waiting... | Lat: Waiting...
$GPRMC,125329.00,V,,,,,,,060525,,,N*77
$GPVTG,,,,,,,,,N*30
$GPGGA,125329.00,,,,,0,00,99.99,,,,,,*68
$GPGSA,A,1,,,,,,,,,,,,,99.99,99.99,99.99*30
$GPGSV,4,1,13,05,29,106,,10,05,319,,12,27,139,,13,02,052,24*74
$GPGSV,4,2,13,15,31,034,,18,63,269,,20,03,127,,23,39,345,*71
$GPGSV,4,3,13,24,65,023,,25,19,176,,28,01,218,,29,13,201,*7D
$GPGSV,4,4,13,32,10,272,*4C
$GPGLL,,,,,125329.00,V,N*44
20:53:29 | Long: Waiting... | Lat: Waiting...
$GPRMC,125330.00,V,,,,,,,060525,,,N*7F
$GPVTG,,,,,,,,,N*30
$GPGGA,125330.00,,,,,0,00,99.99,,,,,,*60
$GPGSA,A,1,,,,,,,,,,,,,99.99,99.99,99.99*30
$GPGSV,4,1,13,05,29,106,,10,05,319,,12,27,139,,13,02,052,*72
$GPGSV,4,2,13,15,31,034,,18,63,269,,20,03,127,,23,39,345,*71
$GPGSV,4,3,13,24,65,023,,25,19,176,,28,01,218,,29,13,201,*7D
$GPGSV,4,4,13,32,10,272,*4C
$GPGLL,,,,,125330.00,V,N*4C
20:53:30 | Long: Waiting... | Lat: Waiting...
$GPRMC,125331.00,V,,,,,,,060525,,,N*7E
$GPVTG,,,,,,,,,N*30
$GPGGA,125331.00,,,,,0,00,99.99,,,,,,*61
$GPGSA,A,1,,,,,,,,,,,,,99.99,99.99,99.99*30
$GPGSV,4,1,13,05,29,106,,10,05,319,,12,27,139,,13,02,052,*72
$GPGSV,4,2,13,15,31,034,,18,63,269,,20,03,127,,23,39,345,*71
$GPGSV,4,3,13,24,65,023,,25,19,176,,28,01,218,,29,13,201,*7D
$GPGSV,4,4,13,32,10,272,*4C
$GPGLL,,,,,125331.00,V,N*4D
20:53:31 | Long: Waiting... | Lat: Waiting...
$GPRMC,125332.00,V,,,,,,,060525,,,N*7D
$GPVTG,,,,,,,,,N*30
$GPGGA,125332.00,,,,,0,00,99.99,,,,,,*62
$GPGSA,A,1,,,,,,,,,,,,,99.99,99.99,99.99*30
$GPGSV,4,1,13,05,29,106,,10,05,319,,12,27,139,,13,02,052,*72
$GPGSV,4,2,13,15,31,034,,18,63,269,,20,03,127,,23,39,345,*71
$GPGSV,4,3,13,24,65,023,,25,19,176,,28,01,218,,29,13,201,*7D
$GPGSV,4,4,13,32,10,272,*4C
$GPGLL,,,,,125332.00,V,N*4E
20:53:32 | Long: Waiting... | Lat: Waiting...
$GPRMC,125333.00,V,,,,,,,060525,,,N*7C
$GPVTG,,,,,,,,,N*30
$GPGGA,125333.00,,,,,0,00,99.99,,,,,,*63
$GPGSA,A,1,,,,,,,,,,,,,99.99,99.99,99.99*30
$GPGSV,4,1,13,05,29,106,,10,05,319,,12,27,139,,13,02,052,*72
$GPGSV,4,2,13,15,31,034,,18,63,269,,20,03,127,,23,39,345,*71
$GPGSV,4,3,13,24,65,023,,25,19,176,,28,01,218,,29,13,201,*7D
$GPGSV,4,4,13,32,10,272,*4C
$GPGLL,,,,,125333.00,V,N*4F
20:53:33 | Long: Waiting... | Lat: Waiting...
$GPRMC,125334.00,V,,,,,,,060525,,,N*7B
$GPVTG,,,,,,,,,N*30
$GPGGA,125334.00,,,,,0,00,99.99,,,,,,*64
$GPGSA,A,1,,,,,,,,,,,,,99.99,99.99,99.99*30
$GPGSV,4,1,13,05,29,106,,10,05,319,,12,27,139,,13,02,052,*72
$GPGSV,4,2,13,15,31,034,,18,63,269,,20,03,127,,23,39,345,*71
$GPGSV,4,3,13,24,65,023,,25,19,176,,28,01,218,,29,13,201,*7D
$GPGSV,4,4,13,32,10,272,*4C
$GPGLL,,,,,125334.00,V,N*48
20:53:34 | Long: Waiting... | Lat: Waiting...
$GPRMC,125335.00,V,,,,,,,060525,,,N*7A
$GPVTG,,,,,,,,,N*30
$GPGGA,125335.00,,,,,0,00,99.99,,,,,,*65
$GPGSA,A,1,,,,,,,,,,,,,99.99,99.99,99.99*30
$GPGSV,4,1,13,05,29,106,,10,05,319,,12,27,139,,13,02,052,*72
$GPGSV,4,2,13,15,31,034,,18,63,269,,20,03,127,,23,39,345,*71
$GPGSV,4,3,13,24,65,023,,25,19,176,,28,01,218,,29,13,201,*7D
$GPGSV,4,4,13,32,10,272,*4C
$GPGLL,,,,,125335.00,V,N*49
20:53:35 | Long: Waiting... | Lat: Waiting...
$GPRMC,125336.00,V,,,,,,,060525,,,N*79
$GPVTG,,,,,,,,,N*30
$GPGGA,125336.00,,,,,0,00,99.99,,,,,,*66
$GPGSA,A,1,,,,,,,,,,,,,99.99,99.99,99.99*30
$GPGSV,4,1,13,05,29,106,,10,05,319,,12,27,139,,13,02,052,*72
$GPGSV,4,2,13,15,31,034,,18,63,269,,20,03,127,,23,39,345,*71
$GPGSV,4,3,13,24,65,023,,25,19,176,,28,01,218,,29,13,201,*7D
$GPGSV,4,4,13,32,10,272,*4C
$GPGLL,,,,,125336.00,V,N*4A
20:53:36 | Long: Waiting... | Lat: Waiting...
$GPRMC,125337.00,V,,,,,,,060525,,,N*78
$GPVTG,,,,,,,,,N*30
$GPGGA,125337.00,,,,,0,00,99.99,,,,,,*67
$GPGSA,A,1,,,,,,,,,,,,,99.99,99.99,99.99*30
$GPGSV,4,1,13,05,29,106,,10,05,319,,12,27,139,,13,02,052,*72
$GPGSV,4,2,13,15,31,034,,18,63,269,,20,03,127,,23,39,345,*71
$GPGSV,4,3,13,24,65,023,,25,19,176,,28,01,218,,29,13,201,*7D
$GPGSV,4,4,13,32,10,272,*4C
$GPGLL,,,,,125337.00,V,N*4B
20:53:37 | Long: Waiting... | Lat: Waiting...
$GPRMC,125338.00,V,,,,,,,060525,,,N*77
$GPVTG,,,,,,,,,N*30
$GPGGA,125338.00,,,,,0,00,99.99,,,,,,*68
$GPGSA,A,1,,,,,,,,,,,,,99.99,99.99,99.99*30
$GPGSV,4,1,13,05,29,106,24,10,05,319,,12,27,139,,13,02,052,*74
$GPGSV,4,2,13,15,31,034,,18,63,269,,20,03,127,,23,39,345,*71
$GPGSV,4,3,13,24,65,023,,25,19,176,,28,01,218,,29,13,201,*7D
$GPGSV,4,4,13,32,10,272,*4C
$GPGLL,,,,,125338.00,V,N*44
20:53:38 | Long: Waiting... | Lat: Waiting...
$GPRMC,125339.00,V,,,,,,,060525,,,N*76
$GPVTG,,,,,,,,,N*30
$GPGGA,125339.00,,,,,0,00,99.99,,,,,,*69
$GPGSA,A,1,,,,,,,,,,,,,99.99,99.99,99.99*30
$GPGSV,4,1,13,05,29,106,,10,05,319,20,12,27,139,,13,02,052,*70
$GPGSV,4,2,13,15,31,034,,18,63,269,,20,03,127,,23,39,345,*71
$GPGSV,4,3,13,24,65,023,,25,19,176,,28,01,218,,29,13,201,*7D
$GPGSV,4,4,13,32,10,272,*4C
$GPGLL,,,,,125339.00,V,N*45
20:53:39 | Long: Waiting... | Lat: Waiting...
$GPRMC,125340.00,V,,,,,,,060525,,,N*78
$GPVTG,,,,,,,,,N*30
$GPGGA,125340.00,,,,,0,00,99.99,,,,,,*67
$GPGSA,A,1,,,,,,,,,,,,,99.99,99.99,99.99*30
$GPGSV,4,1,13,05,29,106,,10,05,319,,12,27,139,,13,02,052,*72
$GPGSV,4,2,13,15,31,034,,18,63,269,,20,03,127,,23,39,345,*71
$GPGSV,4,3,13,24,65,023,,25,19,176,,28,01,218,,29,13,201,*7D
$GPGSV,4,4,13,32,10,272,*4C
$GPGLL,,,,,125340.00,V,N*4B
20:53:40 | Long: Waiting... | Lat: Waiting...
$GPRMC,125341.00,V,,,,,,,060525,,,N*79
$GPVTG,,,,,,,,,N*30
$GPGGA,125341.00,,,,,0,00,99.99,,,,,,*66
$GPGSA,A,1,,,,,,,,,,,,,99.99,99.99,99.99*30
$GPGSV,4,1,13,05,29,106,,10,05,319,,12,27,139,20,13,02,052,*70
$GPGSV,4,2,13,15,31,034,,18,63,269,,20,03,127,,23,39,345,*71
$GPGSV,4,3,13,24,65,023,,25,19,176,,28,01,218,,29,13,201,*7D
$GPGSV,4,4,13,32,10,272,*4C
$GPGLL,,,,,125341.00,V,N*4A
20:53:41 | Long: Waiting... | Lat: Waiting...
$GPRMC,125342.00,V,,,,,,,060525,,,N*7A
$GPVTG,,,,,,,,,N*30
$GPGGA,125342.00,,,,,0,00,99.99,,,,,,*65
$GPGSA,A,1,,,,,,,,,,,,,99.99,99.99,99.99*30
$GPGSV,4,1,13,05,29,106,,10,05,319,,12,27,139,,13,02,052,*72
$GPGSV,4,2,13,15,31,034,,18,63,269,,20,03,127,,23,39,345,*71
$GPGSV,4,3,13,24,65,023,,25,19,176,,28,01,218,,29,13,201,*7D
$GPGSV,4,4,13,32,10,272,*4C
$GPGLL,,,,,125342.00,V,N*49
20:53:42 | Long: Waiting... | Lat: Waiting...
$GPRMC,125343.00,V,,,,,,,060525,,,N*7B
$GPVTG,,,,,,,,,N*30
$GPGGA,125343.00,,,,,0,00,99.99,,,,,,*64
$GPGSA,A,1,,,,,,,,,,,,,99.99,99.99,99.99*30
$GPGSV,4,1,13,05,29,106,,10,05,319,,12,27,139,,13,02,052,21*71
$GPGSV,4,2,13,15,31,034,,18,63,269,,20,03,127,,23,39,345,*71
$GPGSV,4,3,13,24,65,023,,25,19,176,,28,01,218,,29,13,201,*7D
$GPGSV,4,4,13,32,10,272,*4C
$GPGLL,,,,,125343.00,V,N*48
20:53:43 | Long: Waiting... | Lat: Waiting...
$GPRMC,125344.00,V,,,,,,,060525,,,N*7C
$GPVTG,,,,,,,,,N*30
$GPGGA,125344.00,,,,,0,00,99.99,,,,,,*63
$GPGSA,A,1,,,,,,,,,,,,,99.99,99.99,99.99*30
$GPGSV,4,1,13,05,29,106,,10,05,319,,12,27,139,,13,02,052,*72
$GPGSV,4,2,13,15,31,034,,18,63,269,,20,03,127,,23,39,345,*71
$GPGSV,4,3,13,24,65,023,,25,19,176,,28,01,218,,29,13,201,*7D
$GPGSV,4,4,13,32,10,272,*4C
$GPGLL,,,,,125344.00,V,N*4F
20:53:44 | Long: Waiting... | Lat: Waiting...
$GPRMC,125345.00,V,,,,,,,060525,,,N*7D
$GPVTG,,,,,,,,,N*30
$GPGGA,125345.00,,,,,0,00,99.99,,,,,,*62
$GPGSA,A,1,,,,,,,,,,,,,99.99,99.99,99.99*30
$GPGSV,4,1,13,05,29,106,,10,05,319,19,12,27,139,,13,02,052,*7A
$GPGSV,4,2,13,15,31,034,24,18,63,269,,20,03,127,,23,39,345,*77
$GPGSV,4,3,13,24,65,023,,25,19,176,,28,01,218,,29,13,201,*7D
$GPGSV,4,4,13,32,10,272,*4C
$GPGLL,,,,,125345.00,V,N*4E
20:53:45 | Long: Waiting... | Lat: Waiting...
$GPRMC,125346.00,V,,,,,,,060525,,,N*7E
$GPVTG,,,,,,,,,N*30
$GPGGA,125346.00,,,,,0,00,99.99,,,,,,*61
$GPGSA,A,1,,,,,,,,,,,,,99.99,99.99,99.99*30
$GPGSV,4,1,13,05,29,106,,10,06,319,15,12,27,139,,13,02,052,*75
$GPGSV,4,2,13,15,31,034,,18,63,269,,20,03,127,,23,39,345,*71
$GPGSV,4,3,13,24,65,023,,25,19,176,,28,01,218,,29,13,201,*7D
$GPGSV,4,4,13,32,10,272,*4C
$GPGLL,,,,,125346.00,V,N*4D
20:53:46 | Long: Waiting... | Lat: Waiting...
$GPRMC,125347.00,V,,,,,,,060525,,,N*7F
$GPVTG,,,,,,,,,N*30
$GPGGA,125347.00,,,,,0,00,99.99,,,,,,*60
$GPGSA,A,1,,,,,,,,,,,,,99.99,99.99,99.99*30
$GPGSV,4,1,13,05,29,106,,10,06,319,,12,28,139,,13,02,052,*7E
$GPGSV,4,2,13,15,31,034,,18,63,269,,20,03,127,,23,39,345,*71
$GPGSV,4,3,13,24,65,023,,25,19,176,,28,01,218,,29,13,201,*7D
$GPGSV,4,4,13,32,10,272,*4C
$GPGLL,,,,,125347.00,V,N*4C
20:53:47 | Long: Waiting... | Lat: Waiting...
$GPRMC,125348.00,V,,,,,,,060525,,,N*70
$GPVTG,,,,,,,,,N*30
$GPGGA,125348.00,,,,,0,00,99.99,,,,,,*6F
$GPGSA,A,1,,,,,,,,,,,,,99.99,99.99,99.99*30
$GPGSV,4,1,13,05,29,106,,10,06,319,,12,28,139,,13,02,052,*7E
$GPGSV,4,2,13,15,31,034,,18,63,269,,20,03,127,,23,39,345,*71
$GPGSV,4,3,13,24,65,023,,25,19,176,,28,01,218,,29,13,201,*7D
$GPGSV,4,4,13,32,10,272,*4C
$GPGLL,,,,,125348.00,V,N*43
20:53:48 | Long: Waiting... | Lat: Waiting...
$GPRMC,125349.00,V,,,,,,,060525,,,N*71
$GPVTG,,,,,,,,,N*30
$GPGGA,125349.00,,,,,0,00,99.99,,,,,,*6E
$GPGSA,A,1,,,,,,,,,,,,,99.99,99.99,99.99*30
$GPGSV,4,1,13,05,29,106,,10,06,319,,12,28,139,,13,02,052,*7E
$GPGSV,4,2,13,15,31,034,,18,63,269,,20,03,127,,23,39,345,*71
$GPGSV,4,3,13,24,65,023,,25,19,176,,28,01,218,,29,13,201,*7D
$GPGSV,4,4,13,32,10,272,*4C
$GPGLL,,,,,125349.00,V,N*42
20:53:49 | Long: Waiting... | Lat: Waiting...
$GPRMC,125350.00,V,,,,,,,060525,,,N*79
$GPVTG,,,,,,,,,N*30
$GPGGA,125350.00,,,,,0,00,99.99,,,,,,*66
$GPGSA,A,1,,,,,,,,,,,,,99.99,99.99,99.99*30
$GPGSV,4,1,13,05,29,106,,10,06,319,,12,28,139,,13,02,052,*7E
$GPGSV,4,2,13,15,31,034,,18,63,269,,20,03,127,,23,39,345,*71
$GPGSV,4,3,13,24,65,023,,25,19,176,,28,01,218,,29,13,201,*7D
$GPGSV,4,4,13,32,10,272,*4C
$GPGLL,,,,,125350.00,V,N*4A
20:53:50 | Long: Waiting... | Lat: Waiting...
$GPRMC,125351.00,V,,,,,,,060525,,,N*78
$GPVTG,,,,,,,,,N*30
$GPGGA,125351.00,,,,,0,00,99.99,,,,,,*67
$GPGSA,A,1,,,,,,,,,,,,,99.99,99.99,99.99*30
$GPGSV,4,1,13,05,29,106,,10,06,319,,12,28,139,,13,02,052,*7E
$GPGSV,4,2,13,15,31,034,,18,63,269,,20,03,128,,23,39,345,*7E
$GPGSV,4,3,13,24,65,023,,25,19,176,,28,01,218,,29,13,201,*7D
$GPGSV,4,4,13,32,10,272,*4C
$GPGLL,,,,,125351.00,V,N*4B
20:53:51 | Long: Waiting... | Lat: Waiting...
$GPRMC,125352.00,V,,,,,,,060525,,,N*7B
$GPVTG,,,,,,,,,N*30
$GPGGA,125352.00,,,,,0,00,99.99,,,,,,*64
$GPGSA,A,1,,,,,,,,,,,,,99.99,99.99,99.99*30
$GPGSV,4,1,13,05,29,106,,10,06,319,,12,28,139,,13,02,052,*7E
$GPGSV,4,2,13,15,31,034,,18,63,269,,20,03,128,,23,39,345,*7E
$GPGSV,4,3,13,24,65,023,,25,19,176,,28,01,218,,29,13,201,*7D
$GPGSV,4,4,13,32,10,272,*4C
$GPGLL,,,,,125352.00,V,N*48
20:53:52 | Long: Waiting... | Lat: Waiting...
$GPRMC,125353.00,V,,,,,,,060525,,,N*7A
$GPVTG,,,,,,,,,N*30
$GPGGA,125353.00,,,,,0,00,99.99,,,,,,*65
$GPGSA,A,1,,,,,,,,,,,,,99.99,99.99,99.99*30
$GPGSV,4,1,13,05,29,106,,10,06,319,,12,28,139,,13,02,052,*7E
$GPGSV,4,2,13,15,31,034,,18,63,269,,20,03,128,,23,39,345,*7E
$GPGSV,4,3,13,24,64,023,,25,19,176,,28,01,218,,29,13,201,*7C
$GPGSV,4,4,13,32,10,272,*4C
$GPGLL,,,,,125353.00,V,N*49
20:53:53 | Long: Waiting... | Lat: Waiting...
$GPRMC,125354.00,V,,,,,,,060525,,,N*7D
$GPVTG,,,,,,,,,N*30
$GPGGA,125354.00,,,,,0,00,99.99,,,,,,*62
$GPGSA,A,1,,,,,,,,,,,,,99.99,99.99,99.99*30
$GPGSV,4,1,13,05,29,106,,10,06,319,,12,28,139,,13,02,052,*7E
$GPGSV,4,2,13,15,31,034,,18,63,269,,20,03,128,,23,39,345,*7E
$GPGSV,4,3,13,24,64,023,,25,19,176,,28,01,218,,29,13,201,*7C
$GPGSV,4,4,13,32,10,272,*4C
$GPGLL,,,,,125354.00,V,N*4E
20:53:54 | Long: Waiting... | Lat: Waiting...
$GPRMC,125355.00,V,,,,,,,060525,,,N*7C
$GPVTG,,,,,,,,,N*30
$GPGGA,125355.00,,,,,0,00,99.99,,,,,,*63
$GPGSA,A,1,,,,,,,,,,,,,99.99,99.99,99.99*30
$GPGSV,4,1,13,05,29,106,,10,06,319,,12,28,139,,13,02,052,*7E
$GPGSV,4,2,13,15,31,034,,18,63,269,,20,03,128,,23,39,345,*7E
$GPGSV,4,3,13,24,64,023,,25,19,176,,28,01,218,,29,13,200,*7D
$GPGSV,4,4,13,32,10,272,*4C
$GPGLL,,,,,125355.00,V,N*4F
20:53:55 | Long: Waiting... | Lat: Waiting...
$GPRMC,125356.00,V,,,,,,,060525,,,N*7F
$GPVTG,,,,,,,,,N*30
$GPGGA,125356.00,,,,,0,00,99.99,,,,,,*60
$GPGSA,A,1,,,,,,,,,,,,,99.99,99.99,99.99*30
$GPGSV,4,1,13,05,29,106,,10,06,319,,12,28,139,,13,02,052,*7E
$GPGSV,4,2,13,15,31,034,,18,63,269,,20,03,128,,23,39,345,*7E
$GPGSV,4,3,13,24,64,023,,25,19,176,,28,01,218,,29,13,200,*7D
$GPGSV,4,4,13,32,10,272,*4C
$GPGLL,,,,,125356.00,V,N*4C
20:53:56 | Long: Waiting... | Lat: Waiting...
$GPRMC,125357.00,V,,,,,,,060525,,,N*7E
$GPVTG,,,,,,,,,N*30
$GPGGA,125357.00,,,,,0,00,99.99,,,,,,*61
$GPGSA,A,1,,,,,,,,,,,,,99.99,99.99,99.99*30
$GPGSV,4,1,13,05,29,106,,10,06,319,,12,28,139,,13,02,052,*7E
$GPGSV,4,2,13,15,31,034,,18,63,269,,20,03,128,,23,39,345,*7E
$GPGSV,4,3,13,24,64,023,,25,19,176,,28,01,218,,29,13,200,*7D
$GPGSV,4,4,13,32,10,272,*4C
$GPGLL,,,,,125357.00,V,N*4D
20:53:57 | Long: Waiting... | Lat: Waiting...
$GPRMC,125358.00,V,,,,,,,060525,,,N*71
$GPVTG,,,,,,,,,N*30
$GPGGA,125358.00,,,,,0,00,99.99,,,,,,*6E
$GPGSA,A,1,,,,,,,,,,,,,99.99,99.99,99.99*30
$GPGSV,4,1,13,05,29,106,,10,06,319,,12,28,139,,13,02,052,*7E
$GPGSV,4,2,13,15,31,034,,18,63,269,,20,03,128,,23,39,345,*7E
$GPGSV,4,3,13,24,64,023,,25,19,176,,28,01,218,,29,13,200,*7D
$GPGSV,4,4,13,32,10,272,*4C
$GPGLL,,,,,125358.00,V,N*42
20:53:58 | Long: Waiting... | Lat: Waiting...
$GPRMC,125359.00,V,,,,,,,060525,,,N*70
$GPVTG,,,,,,,,,N*30
$GPGGA,125359.00,,,,,0,00,99.99,,,,,,*6F
$GPGSA,A,1,,,,,,,,,,,,,99.99,99.99,99.99*30
$GPGSV,4,1,13,05,29,106,,10,06,319,,12,28,139,,13,02,052,*7E
$GPGSV,4,2,13,15,31,034,,18,63,269,,20,03,128,,23,39,345,*7E
$GPGSV,4,3,13,24,64,023,,25,19,176,,28,01,218,,29,13,200,*7D
$GPGSV,4,4,13,32,10,272,*4C
$GPGLL,,,,,125359.00,V,N*43
20:53:59 | Long: Waiting... | Lat: Waiting...
$GPRMC,125400.00,V,,,,,,,060525,,,N*7B
$GPVTG,,,,,,,,,N*30
$GPGGA,125400.00,,,,,0,00,99.99,,,,,,*64
$GPGSA,A,1,,,,,,,,,,,,,99.99,99.99,99.99*30
$GPGSV,4,1,13,05,29,106,,10,06,319,,12,28,139,,13,02,052,*7E
$GPGSV,4,2,13,15,31,034,,18,63,269,,20,03,128,,23,39,345,*7E
$GPGSV,4,3,13,24,64,023,,25,19,176,,28,01,218,,29,13,200,*7D
$GPGSV,4,4,13,32,10,272,*4C
$GPGLL,,,,,125400.00,V,N*48
20:54:00 | Long: Waiting... | Lat: Waiting...
$GPRMC,125401.00,V,,,,,,,060525,,,N*7A
$GPVTG,,,,,,,,,N*30
$GPGGA,125401.00,,,,,0,00,99.99,,,,,,*65
$GPGSA,A,1,,,,,,,,,,,,,99.99,99.99,99.99*30
$GPGSV,4,1,13,05,29,106,,10,06,319,,12,28,139,,13,02,052,*7E
$GPGSV,4,2,13,15,31,034,,18,63,269,,20,03,128,,23,39,345,*7E
$GPGSV,4,3,13,24,64,023,,25,19,176,,28,01,218,,29,13,200,*7D
$GPGSV,4,4,13,32,10,272,*4C
$GPGLL,,,,,125401.00,V,N*49
20:54:01 | Long: Waiting... | Lat: Waiting...
$GPRMC,125402.00,V,,,,,,,060525,,,N*79
$GPVTG,,,,,,,,,N*30
$GPGGA,125402.00,,,,,0,00,99.99,,,,,,*66
$GPGSA,A,1,,,,,,,,,,,,,99.99,99.99,99.99*30
$GPGSV,4,1,13,05,29,106,,10,06,319,,12,28,139,,13,02,052,*7E
$GPGSV,4,2,13,15,31,034,,18,63,269,,20,03,128,,23,39,345,*7E
$GPGSV,4,3,13,24,64,023,,25,19,176,,28,01,218,,29,13,200,*7D
$GPGSV,4,4,13,32,10,272,*4C
$GPGLL,,,,,125402.00,V,N*4A
20:54:02 | Long: Waiting... | Lat: Waiting...
$GPRMC,125403.00,V,,,,,,,060525,,,N*78
$GPVTG,,,,,,,,,N*30
$GPGGA,125403.00,,,,,0,00,99.99,,,,,,*67
$GPGSA,A,1,,,,,,,,,,,,,99.99,99.99,99.99*30
$GPGSV,4,1,13,05,29,106,,10,06,319,,12,28,139,,13,02,052,*7E
$GPGSV,4,2,13,15,31,034,,18,63,269,,20,03,128,,23,39,345,*7E
$GPGSV,4,3,13,24,64,023,,25,19,176,,28,01,218,,29,13,200,*7D
$GPGSV,4,4,13,32,10,272,*4C
$GPGLL,,,,,125403.00,V,N*4B
20:54:03 | Long: Waiting... | Lat: Waiting...
$GPRMC,125404.00,V,,,,,,,060525,,,N*7F
$GPVTG,,,,,,,,,N*30
$GPGGA,125404.00,,,,,0,00,99.99,,,,,,*60
$GPGSA,A,1,,,,,,,,,,,,,99.99,99.99,99.99*30
$GPGSV,4,1,13,05,29,106,,10,06,319,,12,28,139,,13,02,052,*7E
$GPGSV,4,2,13,15,31,034,,18,63,269,,20,03,128,,23,39,345,*7E
$GPGSV,4,3,13,24,64,023,,25,19,176,,28,01,218,,29,13,200,*7D
$GPGSV,4,4,13,32,10,272,*4C
$GPGLL,,,,,125404.00,V,N*4C
20:54:04 | Long: Waiting... | Lat: Waiting...
$GPRMC,125405.00,V,,,,,,,060525,,,N*7E
$GPVTG,,,,,,,,,N*30
$GPGGA,125405.00,,,,,0,00,99.99,,,,,,*61
$GPGSA,A,1,,,,,,,,,,,,,99.99,99.99,99.99*30
$GPGSV,4,1,13,05,29,106,,10,06,319,,12,28,139,,13,02,052,*7E
$GPGSV,4,2,13,15,31,034,,18,63,269,,20,03,128,,23,39,345,*7E
$GPGSV,4,3,13,24,64,023,,25,19,176,,28,01,218,,29,13,200,*7D
$GPGSV,4,4,13,32,10,272,*4C
$GPGLL,,,,,125405.00,V,N*4D
20:54:05 | Long: Waiting... | Lat: Waiting...
$GPRMC,125406.00,V,,,,,,,060525,,,N*7D
$GPVTG,,,,,,,,,N*30
$GPGGA,125406.00,,,,,0,00,99.99,,,,,,*62
$GPGSA,A,1,,,,,,,,,,,,,99.99,99.99,99.99*30
$GPGSV,4,1,13,05,29,106,,10,06,319,,12,28,139,,13,02,052,*7E
$GPGSV,4,2,13,15,31,034,,18,63,269,,20,03,128,,23,39,345,*7E
$GPGSV,4,3,13,24,64,023,,25,19,176,,28,01,218,,29,13,200,*7D
$GPGSV,4,4,13,32,10,272,*4C
$GPGLL,,,,,125406.00,V,N*4E
20:54:06 | Long: Waiting... | Lat: Waiting...
$GPRMC,125407.00,V,,,,,,,060525,,,N*7C
$GPVTG,,,,,,,,,N*30
$GPGGA,125407.00,,,,,0,00,99.99,,,,,,*63
$GPGSA,A,1,,,,,,,,,,,,,99.99,99.99,99.99*30
$GPGSV,4,1,13,05,29,106,,10,06,319,,12,28,139,,13,02,052,*7E
$GPGSV,4,2,13,15,31,034,,18,63,269,,20,03,128,,23,39,345,*7E
$GPGSV,4,3,13,24,64,023,,25,19,176,,28,01,218,,29,13,200,*7D
$GPGSV,4,4,13,32,10,272,*4C
$GPGLL,,,,,125407.00,V,N*4F
20:54:07 | Long: Waiting... | Lat: Waiting...
$GPRMC,125408.00,V,,,,,,,060525,,,N*73
$GPVTG,,,,,,,,,N*30
$GPGGA,125408.00,,,,,0,00,99.99,,,,,,*6C
$GPGSA,A,1,,,,,,,,,,,,,99.99,99.99,99.99*30
$GPGSV,4,1,13,05,29,106,,10,06,319,,12,28,139,,13,02,052,*7E
$GPGSV,4,2,13,15,31,034,,18,63,269,,20,03,128,,23,39,345,*7E
$GPGSV,4,3,13,24,64,023,,25,19,176,,28,01,218,,29,13,200,*7D
$GPGSV,4,4,13,32,10,272,*4C
$GPGLL,,,,,125408.00,V,N*40
20:54:08 | Long: Waiting... | Lat: Waiting...
$GPRMC,125409.00,V,,,,,,,060525,,,N*72
$GPVTG,,,,,,,,,N*30
$GPGGA,125409.00,,,,,0,00,99.99,,,,,,*6D
$GPGSA,A,1,,,,,,,,,,,,,99.99,99.99,99.99*30
$GPGSV,4,1,13,05,29,106,,10,06,319,,12,28,139,,13,02,052,*7E
$GPGSV,4,2,13,15,31,034,,18,63,269,,20,03,128,,23,39,345,*7E
$GPGSV,4,3,13,24,64,023,,25,19,176,,28,01,218,,29,13,200,*7D
$GPGSV,4,4,13,32,10,272,*4C
$GPGLL,,,,,125409.00,V,N*41
20:54:09 | Long: Waiting... | Lat: Waiting...
$GPRMC,125410.00,V,,,,,,,060525,,,N*7A
$GPVTG,,,,,,,,,N*30
$GPGGA,125410.00,,,,,0,00,99.99,,,,,,*65
$GPGSA,A,1,,,,,,,,,,,,,99.99,99.99,99.99*30
$GPGSV,4,1,13,05,29,106,,10,06,319,,12,28,139,,13,02,052,*7E
$GPGSV,4,2,13,15,31,034,,18,63,269,,20,03,128,,23,39,345,*7E
$GPGSV,4,3,13,24,64,023,,25,19,176,,28,01,218,,29,13,200,20*7F
$GPGSV,4,4,13,32,10,272,*4C
$GPGLL,,,,,125410.00,V,N*49
20:54:10 | Long: Waiting... | Lat: Waiting...
$GPRMC,125411.00,V,,,,,,,060525,,,N*7B
$GPVTG,,,,,,,,,N*30
$GPGGA,125411.00,,,,,0,00,99.99,,,,,,*64
$GPGSA,A,1,,,,,,,,,,,,,99.99,99.99,99.99*30
$GPGSV,4,1,13,05,29,106,,10,06,319,,12,28,139,,13,02,052,*7E
$GPGSV,4,2,13,15,31,034,,18,63,269,,20,03,128,,23,39,345,*7E
$GPGSV,4,3,13,24,64,023,,25,19,176,,28,01,218,,29,13,200,*7D
$GPGSV,4,4,13,32,10,272,*4C
$GPGLL,,,,,125411.00,V,N*48
20:54:11 | Long: Waiting... | Lat: Waiting...
$GPRMC,125412.00,V,,,,,,,060525,,,N*78
$GPVTG,,,,,,,,,N*30
$GPGGA,125412.00,,,,,0,00,99.99,,,,,,*67
$GPGSA,A,1,,,,,,,,,,,,,99.99,99.99,99.99*30
$GPGSV,4,1,13,05,29,106,,10,06,319,,12,28,139,,13,02,052,*7E
$GPGSV,4,2,13,15,31,034,,18,63,269,,20,03,128,,23,39,345,*7E
$GPGSV,4,3,13,24,64,023,,25,19,176,,28,01,218,,29,13,200,*7D
$GPGSV,4,4,13,32,10,272,*4C
$GPGLL,,,,,125412.00,V,N*4B
20:54:12 | Long: Waiting... | Lat: Waiting...
$GPRMC,125413.00,V,,,,,,,060525,,,N*79
$GPVTG,,,,,,,,,N*30
$GPGGA,125413.00,,,,,0,00,99.99,,,,,,*66
$GPGSA,A,1,,,,,,,,,,,,,99.99,99.99,99.99*30
$GPGSV,4,1,13,05,29,106,,10,06,319,,12,28,139,,13,02,052,*7E
$GPGSV,4,2,13,15,31,034,,18,63,269,,20,03,128,,23,39,345,*7E
$GPGSV,4,3,13,24,64,023,,25,19,176,,28,01,218,,29,13,200,*7D
$GPGSV,4,4,13,32,10,272,*4C
$GPGLL,,,,,125413.00,V,N*4A
20:54:13 | Long: Waiting... | Lat: Waiting...
$GPRMC,125414.00,V,,,,,,,060525,,,N*7E
$GPVTG,,,,,,,,,N*30
$GPGGA,125414.00,,,,,0,00,99.99,,,,,,*61
$GPGSA,A,1,,,,,,,,,,,,,99.99,99.99,99.99*30
$GPGSV,4,1,13,05,29,106,,10,06,319,,12,28,139,,13,02,052,*7E
$GPGSV,4,2,13,15,31,034,,18,63,269,,20,03,128,,23,39,345,*7E
$GPGSV,4,3,13,24,64,023,,25,19,176,,28,01,218,,29,13,200,*7D
$GPGSV,4,4,13,32,10,272,*4C
$GPGLL,,,,,125414.00,V,N*4D
20:54:14 | Long: Waiting... | Lat: Waiting...
$GPRMC,125415.00,V,,,,,,,060525,,,N*7F
$GPVTG,,,,,,,,,N*30
$GPGGA,125415.00,,,,,0,00,99.99,,,,,,*60
$GPGSA,A,1,,,,,,,,,,,,,99.99,99.99,99.99*30
$GPGSV,4,1,13,05,29,106,,10,06,319,,12,28,139,,13,02,052,*7E
$GPGSV,4,2,13,15,31,034,,18,63,269,,20,03,128,,23,39,345,*7E
$GPGSV,4,3,13,24,64,023,,25,19,176,,28,01,218,,29,13,200,*7D
$GPGSV,4,4,13,32,10,272,*4C
$GPGLL,,,,,125415.00,V,N*4C
20:54:15 | Long: Waiting... | Lat: Waiting...
$GPRMC,125416.00,V,,,,,,,060525,,,N*7C
$GPVTG,,,,,,,,,N*30
$GPGGA,125416.00,,,,,0,00,99.99,,,,,,*63
$GPGSA,A,1,,,,,,,,,,,,,99.99,99.99,99.99*30
$GPGSV,4,1,13,05,29,106,,10,06,319,,12,28,139,,13,02,052,*7E
$GPGSV,4,2,13,15,31,034,,18,63,269,,20,03,128,,23,39,345,*7E
$GPGSV,4,3,13,24,64,023,,25,19,176,,28,01,218,,29,13,200,*7D
$GPGSV,4,4,13,32,10,272,*4C
$GPGLL,,,,,125416.00,V,N*4F
20:54:16 | Long: Waiting... | Lat: Waiting...
$GPRMC,125417.00,V,,,,,,,060525,,,N*7D
$GPVTG,,,,,,,,,N*30
$GPGGA,125417.00,,,,,0,00,99.99,,,,,,*62
$GPGSA,A,1,,,,,,,,,,,,,99.99,99.99,99.99*30
$GPGSV,4,1,13,05,29,106,,10,06,319,,12,28,139,,13,02,052,*7E
$GPGSV,4,2,13,15,31,034,,18,63,269,,20,03,128,,23,39,345,*7E
$GPGSV,4,3,13,24,64,023,,25,19,176,,28,01,218,,29,13,200,*7D
$GPGSV,4,4,13,32,10,272,*4C
$GPGLL,,,,,125417.00,V,N*4E
20:54:17 | Long: Waiting... | Lat: Waiting...
$GPRMC,125418.00,V,,,,,,,060525,,,N*72
$GPVTG,,,,,,,,,N*30
$GPGGA,125418.00,,,,,0,00,99.99,,,,,,*6D
$GPGSA,A,1,,,,,,,,,,,,,99.99,99.99,99.99*30
$GPGSV,4,1,13,05,29,106,,10,06,319,,12,28,139,,13,02,052,*7E
$GPGSV,4,2,13,15,31,034,,18,63,269,,20,03,128,,23,39,345,*7E
$GPGSV,4,3,13,24,64,023,,25,19,176,,28,01,218,,29,13,200,*7D
$GPGSV,4,4,13,32,10,272,*4C
$GPGLL,,,,,125418.00,V,N*41
20:54:18 | Long: Waiting... | Lat: Waiting...
$GPRMC,125419.00,V,,,,,,,060525,,,N*73
$GPVTG,,,,,,,,,N*30
$GPGGA,125419.00,,,,,0,00,99.99,,,,,,*6C
$GPGSA,A,1,,,,,,,,,,,,,99.99,99.99,99.99*30
$GPGSV,4,1,13,05,29,107,,10,06,319,,12,28,139,,13,02,052,*7F
$GPGSV,4,2,13,15,31,034,,18,63,269,,20,03,128,,23,39,345,*7E
$GPGSV,4,3,13,24,64,023,,25,19,176,,28,01,218,,29,13,200,*7D
$GPGSV,4,4,13,32,10,272,*4C
$GPGLL,,,,,125419.00,V,N*40
20:54:19 | Long: Waiting... | Lat: Waiting...
$GPRMC,125420.00,V,,,,,,,060525,,,N*79
$GPVTG,,,,,,,,,N*30
$GPGGA,125420.00,,,,,0,00,99.99,,,,,,*66
$GPGSA,A,1,,,,,,,,,,,,,99.99,99.99,99.99*30
$GPGSV,4,1,13,05,29,107,,10,06,319,,12,28,139,,13,02,052,*7F
$GPGSV,4,2,13,15,31,034,,18,63,269,,20,03,128,,23,39,345,*7E
$GPGSV,4,3,13,24,64,023,,25,19,176,,28,01,218,,29,13,200,*7D
$GPGSV,4,4,13,32,10,272,*4C
$GPGLL,,,,,125420.00,V,N*4A
20:54:20 | Long: Waiting... | Lat: Waiting...
$GPRMC,125421.00,V,,,,,,,060525,,,N*78
$GPVTG,,,,,,,,,N*30
$GPGGA,125421.00,,,,,0,00,99.99,,,,,,*67
$GPGSA,A,1,,,,,,,,,,,,,99.99,99.99,99.99*30
$GPGSV,4,1,13,05,29,107,,10,06,319,,12,28,139,,13,02,052,*7F
$GPGSV,4,2,13,15,31,034,,18,63,269,,20,03,128,,23,39,345,*7E
$GPGSV,4,3,13,24,64,023,,25,19,176,,28,01,218,,29,13,200,*7D
$GPGSV,4,4,13,32,10,272,*4C
$GPGLL,,,,,125421.00,V,N*4B
20:54:21 | Long: Waiting... | Lat: Waiting...
$GPRMC,125422.00,V,,,,,,,060525,,,N*7B
$GPVTG,,,,,,,,,N*30
$GPGGA,125422.00,,,,,0,00,99.99,,,,,,*64
$GPGSA,A,1,,,,,,,,,,,,,99.99,99.99,99.99*30
$GPGSV,4,1,13,05,29,107,28,10,06,319,,12,28,139,,13,02,052,*75
$GPGSV,4,2,13,15,31,034,,18,63,269,,20,03,128,,23,39,345,*7E
$GPGSV,4,3,13,24,64,023,,25,19,176,,28,01,218,,29,13,200,*7D
$GPGSV,4,4,13,32,10,272,*4C
$GPGLL,,,,,125422.00,V,N*48
20:54:22 | Long: Waiting... | Lat: Waiting...
$GPRMC,125423.00,V,,,,,,,060525,,,N*7A
$GPVTG,,,,,,,,,N*30
$GPGGA,125423.00,,,,,0,00,99.99,,,,,,*65
$GPGSA,A,1,,,,,,,,,,,,,99.99,99.99,99.99*30
$GPGSV,4,1,13,05,29,107,,10,06,319,,12,28,139,,13,01,053,*7D
$GPGSV,4,2,13,15,31,034,,18,63,269,,20,03,128,,23,39,345,*7E
$GPGSV,4,3,13,24,64,023,,25,19,176,,28,01,218,,29,13,200,*7D
$GPGSV,4,4,13,32,10,272,*4C
$GPGLL,,,,,125423.00,V,N*49
20:54:23 | Long: Waiting... | Lat: Waiting...
$GPRMC,125424.00,V,,,,,,,060525,,,N*7D
$GPVTG,,,,,,,,,N*30
$GPGGA,125424.00,,,,,0,00,99.99,,,,,,*62
$GPGSA,A,1,,,,,,,,,,,,,99.99,99.99,99.99*30
$GPGSV,4,1,13,05,29,107,,10,06,319,,12,28,139,,13,01,053,*7D
$GPGSV,4,2,13,15,31,034,,18,63,269,,20,03,128,,23,39,345,*7E
$GPGSV,4,3,13,24,64,023,,25,19,176,,28,01,218,,29,13,200,*7D
$GPGSV,4,4,13,32,10,272,*4C
$GPGLL,,,,,125424.00,V,N*4E
20:54:24 | Long: Waiting... | Lat: Waiting...
$GPRMC,125425.00,V,,,,,,,060525,,,N*7C
$GPVTG,,,,,,,,,N*30
$GPGGA,125425.00,,,,,0,00,99.99,,,,,,*63
$GPGSA,A,1,,,,,,,,,,,,,99.99,99.99,99.99*30
$GPGSV,4,1,13,05,29,107,,10,06,319,,12,28,139,,13,01,053,*7D
$GPGSV,4,2,13,15,31,034,,18,63,268,,20,03,128,,23,39,345,*7F
$GPGSV,4,3,13,24,64,023,,25,19,176,,28,01,218,,29,13,200,*7D
$GPGSV,4,4,13,32,10,272,*4C
$GPGLL,,,,,125425.00,V,N*4F
20:54:25 | Long: Waiting... | Lat: Waiting...
$GPRMC,125426.00,V,,,,,,,060525,,,N*7F
$GPVTG,,,,,,,,,N*30
$GPGGA,125426.00,,,,,0,00,99.99,,,,,,*60
$GPGSA,A,1,,,,,,,,,,,,,99.99,99.99,99.99*30
$GPGSV,4,1,13,05,29,107,,10,06,319,,12,28,139,,13,01,053,*7D
$GPGSV,4,2,13,15,31,034,,18,63,268,,20,03,128,,23,39,345,*7F
$GPGSV,4,3,13,24,64,023,,25,19,176,,28,01,218,,29,13,200,*7D
$GPGSV,4,4,13,32,10,272,*4C
$GPGLL,,,,,125426.00,V,N*4C
20:54:26 | Long: Waiting... | Lat: Waiting...
$GPRMC,125427.00,V,,,,,,,060525,,,N*7E
$GPVTG,,,,,,,,,N*30
$GPGGA,125427.00,,,,,0,00,99.99,,,,,,*61
$GPGSA,A,1,,,,,,,,,,,,,99.99,99.99,99.99*30
$GPGSV,4,1,13,05,29,107,,10,06,319,,12,28,139,,13,01,053,*7D
$GPGSV,4,2,13,15,31,034,,18,63,268,,20,03,128,,23,39,345,*7F
$GPGSV,4,3,13,24,64,023,,25,19,176,,28,01,218,,29,13,200,*7D
$GPGSV,4,4,13,32,10,272,*4C
$GPGLL,,,,,125427.00,V,N*4D
20:54:27 | Long: Waiting... | Lat: Waiting...
$GPRMC,125428.00,V,,,,,,,060525,,,N*71
$GPVTG,,,,,,,,,N*30
$GPGGA,125428.00,,,,,0,00,99.99,,,,,,*6E
$GPGSA,A,1,,,,,,,,,,,,,99.99,99.99,99.99*30
$GPGSV,4,1,13,05,29,107,,10,06,319,,12,28,139,,13,01,053,*7D
$GPGSV,4,2,13,15,31,034,,18,63,268,,20,03,128,,23,39,345,*7F
$GPGSV,4,3,13,24,64,023,,25,19,176,,28,01,218,,29,13,200,*7D
$GPGSV,4,4,13,32,10,272,*4C
$GPGLL,,,,,125428.00,V,N*42
20:54:28 | Long: Waiting... | Lat: Waiting...
$GPRMC,125429.00,V,,,,,,,060525,,,N*70
$GPVTG,,,,,,,,,N*30
$GPGGA,125429.00,,,,,0,00,99.99,,,,,,*6F
$GPGSA,A,1,,,,,,,,,,,,,99.99,99.99,99.99*30
$GPGSV,4,1,13,05,29,107,,10,06,319,,12,28,139,,13,01,053,*7D
$GPGSV,4,2,13,15,31,034,,18,63,268,,20,03,128,,23,39,345,*7F
$GPGSV,4,3,13,24,64,023,,25,20,176,,28,01,218,,29,13,200,*77
$GPGSV,4,4,13,32,10,272,*4C
$GPGLL,,,,,125429.00,V,N*43
20:54:29 | Long: Waiting... | Lat: Waiting...
$GPRMC,125430.00,V,,,,,,,060525,,,N*78
$GPVTG,,,,,,,,,N*30
$GPGGA,125430.00,,,,,0,00,99.99,,,,,,*67
$GPGSA,A,1,,,,,,,,,,,,,99.99,99.99,99.99*30
$GPGSV,4,1,13,05,29,107,,10,06,319,,12,28,139,,13,01,053,*7D
$GPGSV,4,2,13,15,31,034,,18,63,268,,20,03,128,,23,39,345,*7F
$GPGSV,4,3,13,24,64,023,,25,20,176,,28,01,218,,29,13,200,*77
$GPGSV,4,4,13,32,10,272,*4C
$GPGLL,,,,,125430.00,V,N*4B
20:54:30 | Long: Waiting... | Lat: Waiting...
$GPRMC,125431.00,V,,,,,,,060525,,,N*79
$GPVTG,,,,,,,,,N*30
$GPGGA,125431.00,,,,,0,00,99.99,,,,,,*66
$GPGSA,A,1,,,,,,,,,,,,,99.99,99.99,99.99*30
$GPGSV,4,1,13,05,29,107,,10,06,319,,12,28,139,,13,01,053,*7D
$GPGSV,4,2,13,15,31,034,,18,63,268,,20,03,128,,23,39,345,*7F
$GPGSV,4,3,13,24,64,023,,25,20,176,,28,01,218,,29,13,200,*77
$GPGSV,4,4,13,32,10,272,*4C
$GPGLL,,,,,125431.00,V,N*4A
20:54:31 | Long: Waiting... | Lat: Waiting...
$GPRMC,125432.00,V,,,,,,,060525,,,N*7A
$GPVTG,,,,,,,,,N*30
$GPGGA,125432.00,,,,,0,00,99.99,,,,,,*65
$GPGSA,A,1,,,,,,,,,,,,,99.99,99.99,99.99*30
$GPGSV,4,1,13,05,29,107,,10,06,319,,12,28,139,,13,01,053,*7D
$GPGSV,4,2,13,15,31,034,25,18,63,268,,20,03,128,,23,39,345,*78
$GPGSV,4,3,13,24,64,023,,25,20,176,,28,01,218,,29,13,200,*77
$GPGSV,4,4,13,32,10,273,*4D
$GPGLL,,,,,125432.00,V,N*49
20:54:32 | Long: Waiting... | Lat: Waiting...
$GPRMC,125433.00,V,,,,,,,060525,,,N*7B
$GPVTG,,,,,,,,,N*30
$GPGGA,125433.00,,,,,0,00,99.99,,,,,,*64
$GPGSA,A,1,,,,,,,,,,,,,99.99,99.99,99.99*30
$GPGSV,4,1,13,05,29,107,,10,06,319,,12,28,139,,13,01,053,*7D
$GPGSV,4,2,13,15,31,034,,18,63,268,22,20,03,128,,23,39,345,*7F
$GPGSV,4,3,13,24,64,023,,25,20,176,,28,01,218,,29,13,200,*77
$GPGSV,4,4,13,32,10,273,*4D
$GPGLL,,,,,125433.00,V,N*48
20:54:33 | Long: Waiting... | Lat: Waiting...
$GPRMC,125434.00,V,,,,,,,060525,,,N*7C
$GPVTG,,,,,,,,,N*30
$GPGGA,125434.00,,,,,0,00,99.99,,,,,,*63
$GPGSA,A,1,,,,,,,,,,,,,99.99,99.99,99.99*30
$GPGSV,4,1,13,05,29,107,,10,06,319,,12,28,139,,13,01,053,*7D
$GPGSV,4,2,13,15,31,034,,18,63,268,,20,03,128,,23,39,345,*7F
$GPGSV,4,3,13,24,64,023,,25,20,176,,28,01,218,,29,13,200,*77
$GPGSV,4,4,13,32,10,273,*4D
$GPGLL,,,,,125434.00,V,N*4F
20:54:34 | Long: Waiting... | Lat: Waiting...
$GPRMC,125435.00,V,,,,,,,060525,,,N*7D
$GPVTG,,,,,,,,,N*30
$GPGGA,125435.00,,,,,0,00,99.99,,,,,,*62
$GPGSA,A,1,,,,,,,,,,,,,99.99,99.99,99.99*30
$GPGSV,4,1,13,05,29,107,,10,06,319,,12,28,139,,13,01,053,*7D
$GPGSV,4,2,13,15,31,034,,18,63,268,,20,03,128,28,23,39,345,*75
$GPGSV,4,3,13,24,64,023,,25,20,176,,28,01,218,,29,13,200,*77
$GPGSV,4,4,13,32,10,273,*4D
$GPGLL,,,,,125435.00,V,N*4E
20:54:35 | Long: Waiting... | Lat: Waiting...
$GPRMC,125436.00,V,,,,,,,060525,,,N*7E
$GPVTG,,,,,,,,,N*30
$GPGGA,125436.00,,,,,0,00,99.99,,,,,,*61
$GPGSA,A,1,,,,,,,,,,,,,99.99,99.99,99.99*30
$GPGSV,4,1,13,05,29,107,,10,06,319,,12,28,139,,13,01,053,*7D
$GPGSV,4,2,13,15,31,034,,18,63,268,,20,03,128,,23,39,345,*7F
$GPGSV,4,3,13,24,64,023,,25,20,176,,28,01,218,,29,13,200,*77
$GPGSV,4,4,13,32,10,273,*4D
$GPGLL,,,,,125436.00,V,N*4D
20:54:36 | Long: Waiting... | Lat: Waiting...
$GPRMC,125437.00,V,,,,,,,060525,,,N*7F
$GPVTG,,,,,,,,,N*30
$GPGGA,125437.00,,,,,0,00,99.99,,,,,,*60
$GPGSA,A,1,,,,,,,,,,,,,99.99,99.99,99.99*30
$GPGSV,4,1,13,05,29,107,,10,06,319,,12,28,139,,13,01,053,*7D
$GPGSV,4,2,13,15,31,034,,18,63,268,,20,03,128,,23,39,345,23*7E
$GPGSV,4,3,13,24,64,023,,25,20,176,,28,01,218,,29,13,200,*77
$GPGSV,4,4,13,32,10,273,*4D
$GPGLL,,,,,125437.00,V,N*4C
20:54:37 | Long: Waiting... | Lat: Waiting...
$GPRMC,125438.00,V,,,,,,,060525,,,N*70
$GPVTG,,,,,,,,,N*30
$GPGGA,125438.00,,,,,0,00,99.99,,,,,,*6F
$GPGSA,A,1,,,,,,,,,,,,,99.99,99.99,99.99*30
$GPGSV,4,1,13,05,29,107,,10,06,319,,12,28,139,,13,01,053,*7D
$GPGSV,4,2,13,15,31,034,,18,63,268,,20,03,128,,23,39,345,*7F
$GPGSV,4,3,13,24,64,023,,25,20,176,,28,01,218,,29,13,200,*77
$GPGSV,4,4,13,32,10,273,*4D
$GPGLL,,,,,125438.00,V,N*43
20:54:38 | Long: Waiting... | Lat: Waiting...
$GPRMC,125439.00,V,,,,,,,060525,,,N*71
$GPVTG,,,,,,,,,N*30
$GPGGA,125439.00,,,,,0,00,99.99,,,,,,*6E
$GPGSA,A,1,,,,,,,,,,,,,99.99,99.99,99.99*30
$GPGSV,4,1,13,05,29,107,,10,06,319,,12,28,139,,13,01,053,*7D
$GPGSV,4,2,13,15,31,034,,18,63,268,,20,03,128,,23,39,345,*7F
$GPGSV,4,3,13,24,64,023,20,25,20,176,,28,01,218,,29,13,200,*75
$GPGSV,4,4,13,32,10,273,*4D
$GPGLL,,,,,125439.00,V,N*42
20:54:39 | Long: Waiting... | Lat: Waiting...
$GPRMC,125440.00,V,,,,,,,060525,,,N*7F
$GPVTG,,,,,,,,,N*30
$GPGGA,125440.00,,,,,0,00,99.99,,,,,,*60
$GPGSA,A,1,,,,,,,,,,,,,99.99,99.99,99.99*30
$GPGSV,4,1,13,05,29,107,,10,06,319,,12,28,139,,13,01,053,*7D
$GPGSV,4,2,13,15,31,034,,18,63,268,,20,03,128,,23,39,345,*7F
$GPGSV,4,3,13,24,64,023,,25,20,176,,28,01,218,,29,13,200,*77
$GPGSV,4,4,13,32,10,273,*4D
$GPGLL,,,,,125440.00,V,N*4C
20:54:40 | Long: Waiting... | Lat: Waiting...
$GPRMC,125441.00,V,,,,,,,060525,,,N*7E
$GPVTG,,,,,,,,,N*30
$GPGGA,125441.00,,,,,0,00,99.99,,,,,,*61
$GPGSA,A,1,,,,,,,,,,,,,99.99,99.99,99.99*30
$GPGSV,4,1,13,05,29,107,,10,06,319,,12,28,139,,13,01,053,*7D
$GPGSV,4,2,13,15,31,034,,18,63,268,,20,03,128,,23,39,345,*7F
$GPGSV,4,3,13,24,64,023,,25,20,176,,28,01,218,,29,13,200,*77
$GPGSV,4,4,13,32,10,273,*4D
$GPGLL,,,,,125441.00,V,N*4D
20:54:41 | Long: Waiting... | Lat: Waiting...
$GPRMC,125442.00,V,,,,,,,060525,,,N*7D
$GPVTG,,,,,,,,,N*30
$GPGGA,125442.00,,,,,0,00,99.99,,,,,,*62
$GPGSA,A,1,,,,,,,,,,,,,99.99,99.99,99.99*30
$GPGSV,4,1,13,05,29,107,,10,06,319,,12,28,139,,13,01,053,*7D
$GPGSV,4,2,13,15,31,034,,18,63,268,,20,03,128,,23,39,345,*7F
$GPGSV,4,3,13,24,64,023,,25,20,176,21,28,01,218,,29,13,200,*74
$GPGSV,4,4,13,32,10,273,*4D
$GPGLL,,,,,125442.00,V,N*4E
20:54:42 | Long: Waiting... | Lat: Waiting...
$GPRMC,125443.00,V,,,,,,,060525,,,N*7C
$GPVTG,,,,,,,,,N*30
$GPGGA,125443.00,,,,,0,00,99.99,,,,,,*63
$GPGSA,A,1,,,,,,,,,,,,,99.99,99.99,99.99*30
$GPGSV,4,1,13,05,29,107,,10,06,319,,12,28,139,,13,01,053,*7D
$GPGSV,4,2,13,15,31,034,,18,63,268,,20,03,128,,23,39,345,*7F
$GPGSV,4,3,13,24,64,023,,25,20,176,,28,01,218,,29,13,200,*77
$GPGSV,4,4,13,32,10,273,*4D
$GPGLL,,,,,125443.00,V,N*4F
20:54:43 | Long: Waiting... | Lat: Waiting...
$GPRMC,125444.00,V,,,,,,,060525,,,N*7B
$GPVTG,,,,,,,,,N*30
$GPGGA,125444.00,,,,,0,00,99.99,,,,,,*64
$GPGSA,A,1,,,,,,,,,,,,,99.99,99.99,99.99*30
$GPGSV,4,1,13,05,29,107,,10,06,319,,12,28,139,,13,01,053,*7D
$GPGSV,4,2,13,15,31,034,,18,63,268,,20,03,128,,23,39,345,*7F
$GPGSV,4,3,13,24,64,023,,25,20,176,,28,01,218,,29,13,200,*77
$GPGSV,4,4,13,32,10,273,*4D
$GPGLL,,,,,125444.00,V,N*48
20:54:44 | Long: Waiting... | Lat: Waiting...
$GPRMC,125445.00,V,,,,,,,060525,,,N*7A
$GPVTG,,,,,,,,,N*30
$GPGGA,125445.00,,,,,0,00,99.99,,,,,,*65
$GPGSA,A,1,,,,,,,,,,,,,99.99,99.99,99.99*30
$GPGSV,4,1,13,05,29,107,,10,06,319,,12,28,139,,13,01,053,*7D
$GPGSV,4,2,13,15,31,034,,18,63,268,,20,03,128,,23,39,345,*7F
$GPGSV,4,3,13,24,64,023,,25,20,176,,28,01,218,,29,13,200,*77
$GPGSV,4,4,13,32,10,273,*4D
$GPGLL,,,,,125445.00,V,N*49
20:54:45 | Long: Waiting... | Lat: Waiting...
$GPRMC,125446.00,V,,,,,,,060525,,,N*79
$GPVTG,,,,,,,,,N*30
$GPGGA,125446.00,,,,,0,00,99.99,,,,,,*66
$GPGSA,A,1,,,,,,,,,,,,,99.99,99.99,99.99*30
$GPGSV,4,1,13,05,29,107,,10,06,319,,12,28,139,,13,01,053,*7D
$GPGSV,4,2,13,15,31,034,,18,63,268,,20,03,128,,23,39,345,*7F
$GPGSV,4,3,13,24,64,023,,25,20,176,,28,01,218,,29,13,200,*77
$GPGSV,4,4,13,32,10,273,*4D
$GPGLL,,,,,125446.00,V,N*4A
20:54:46 | Long: Waiting... | Lat: Waiting...
$GPRMC,125447.00,V,,,,,,,060525,,,N*78
$GPVTG,,,,,,,,,N*30
$GPGGA,125447.00,,,,,0,00,99.99,,,,,,*67
$GPGSA,A,1,,,,,,,,,,,,,99.99,99.99,99.99*30
$GPGSV,4,1,13,05,29,107,,10,06,319,,12,28,139,,13,01,053,*7D
$GPGSV,4,2,13,15,31,034,,18,63,268,,20,03,128,,23,39,345,*7F
$GPGSV,4,3,13,24,64,023,,25,20,176,,28,01,218,,29,13,200,26*73
$GPGSV,4,4,13,32,10,273,*4D
$GPGLL,,,,,125447.00,V,N*4B
20:54:47 | Long: Waiting... | Lat: Waiting...
$GPRMC,125448.00,V,,,,,,,060525,,,N*77
$GPVTG,,,,,,,,,N*30
$GPGGA,125448.00,,,,,0,00,99.99,,,,,,*68
$GPGSA,A,1,,,,,,,,,,,,,99.99,99.99,99.99*30
$GPGSV,4,1,13,05,29,107,,10,06,319,,12,28,139,,13,01,053,*7D
$GPGSV,4,2,13,15,31,034,,18,63,268,,20,03,128,,23,39,345,*7F
$GPGSV,4,3,13,24,64,023,,25,20,176,,28,01,218,,29,13,200,*77
$GPGSV,4,4,13,32,10,273,*4D
$GPGLL,,,,,125448.00,V,N*44
20:54:48 | Long: Waiting... | Lat: Waiting...
$GPRMC,125449.00,V,,,,,,,060525,,,N*76
$GPVTG,,,,,,,,,N*30
$GPGGA,125449.00,,,,,0,00,99.99,,,,,,*69
$GPGSA,A,1,,,,,,,,,,,,,99.99,99.99,99.99*30
$GPGSV,4,1,13,05,29,107,,10,06,319,,12,28,139,,13,01,053,*7D
$GPGSV,4,2,13,15,31,034,,18,63,268,,20,03,128,,23,39,345,*7F
$GPGSV,4,3,13,24,64,023,,25,20,176,,28,01,218,,29,13,200,*77
$GPGSV,4,4,13,32,10,273,*4D
$GPGLL,,,,,125449.00,V,N*45
20:54:49 | Long: Waiting... | Lat: Waiting...
$GPRMC,125450.00,V,,,,,,,060525,,,N*7E
$GPVTG,,,,,,,,,N*30
$GPGGA,125450.00,,,,,0,00,99.99,,,,,,*61
$GPGSA,A,1,,,,,,,,,,,,,99.99,99.99,99.99*30
$GPGSV,4,1,13,05,29,107,,10,06,319,,12,28,139,,13,01,053,*7D
$GPGSV,4,2,13,15,31,034,,18,63,268,,20,03,128,,23,39,345,*7F
$GPGSV,4,3,13,24,64,023,,25,20,176,,28,01,218,,29,13,200,*77
$GPGSV,4,4,13,32,10,273,*4D
$GPGLL,,,,,125450.00,V,N*4D
20:54:50 | Long: Waiting... | Lat: Waiting...
$GPRMC,125451.00,V,,,,,,,060525,,,N*7F
$GPVTG,,,,,,,,,N*30
$GPGGA,125451.00,,,,,0,00,99.99,,,,,,*60
$GPGSA,A,1,,,,,,,,,,,,,99.99,99.99,99.99*30
$GPGSV,4,1,13,05,29,107,,10,06,319,,12,28,139,,13,01,053,*7D
$GPGSV,4,2,13,15,31,034,,18,63,268,,20,03,128,,23,39,345,*7F
$GPGSV,4,3,13,24,64,023,,25,20,176,,28,01,218,,29,13,200,*77
$GPGSV,4,4,13,32,10,273,*4D
$GPGLL,,,,,125451.00,V,N*4C
20:54:51 | Long: Waiting... | Lat: Waiting...
$GPRMC,125452.00,V,,,,,,,060525,,,N*7C
$GPVTG,,,,,,,,,N*30
$GPGGA,125452.00,,,,,0,00,99.99,,,,,,*63
$GPGSA,A,1,,,,,,,,,,,,,99.99,99.99,99.99*30
$GPGSV,4,1,13,05,29,107,,10,06,319,,12,28,139,,13,01,053,*7D
$GPGSV,4,2,13,15,31,034,,18,63,268,,20,03,128,,23,39,345,*7F
$GPGSV,4,3,13,24,64,023,,25,20,176,,28,01,218,,29,13,200,*77
$GPGSV,4,4,13,32,10,273,*4D
$GPGLL,,,,,125452.00,V,N*4F
20:54:52 | Long: Waiting... | Lat: Waiting...
$GPRMC,125453.00,V,,,,,,,060525,,,N*7D
$GPVTG,,,,,,,,,N*30
$GPGGA,125453.00,,,,,0,00,99.99,,,,,,*62
$GPGSA,A,1,,,,,,,,,,,,,99.99,99.99,99.99*30
$GPGSV,4,1,13,05,29,107,25,10,06,319,,12,28,139,,13,01,053,*7A
$GPGSV,4,2,13,15,31,034,,18,63,268,,20,03,128,,23,39,345,*7F
$GPGSV,4,3,13,24,64,023,,25,20,176,,28,01,218,,29,13,200,*77
$GPGSV,4,4,13,32,10,273,*4D
$GPGLL,,,,,125453.00,V,N*4E
20:54:53 | Long: Waiting... | Lat: Waiting...
$GPRMC,125454.00,V,,,,,,,060525,,,N*7A
$GPVTG,,,,,,,,,N*30
$GPGGA,125454.00,,,,,0,00,99.99,,,,,,*65
$GPGSA,A,1,,,,,,,,,,,,,99.99,99.99,99.99*30
$GPGSV,4,1,13,05,29,107,,10,06,319,,12,28,139,,13,01,053,*7D
$GPGSV,4,2,13,15,31,034,,18,63,268,,20,03,128,,23,39,345,*7F
$GPGSV,4,3,13,24,64,023,,25,20,176,,28,01,218,,29,13,200,*77
$GPGSV,4,4,13,32,10,273,*4D
$GPGLL,,,,,125454.00,V,N*49
20:54:54 | Long: Waiting... | Lat: Waiting...
$GPRMC,125455.00,V,,,,,,,060525,,,N*7B
$GPVTG,,,,,,,,,N*30
$GPGGA,125455.00,,,,,0,00,99.99,,,,,,*64
$GPGSA,A,1,,,,,,,,,,,,,99.99,99.99,99.99*30
$GPGSV,4,1,13,05,29,107,,10,06,319,,12,28,139,22,13,01,053,22*7D
$GPGSV,4,2,13,15,31,034,,18,63,268,,20,03,128,,23,39,345,*7F
$GPGSV,4,3,13,24,64,023,,25,20,176,,28,01,218,,29,13,200,*77
$GPGSV,4,4,13,32,10,273,*4D
$GPGLL,,,,,125455.00,V,N*48
20:54:55 | Long: Waiting... | Lat: Waiting...
$GPRMC,125456.00,V,,,,,,,060525,,,N*78
$GPVTG,,,,,,,,,N*30
$GPGGA,125456.00,,,,,0,00,99.99,,,,,,*67
$GPGSA,A,1,,,,,,,,,,,,,99.99,99.99,99.99*30
$GPGSV,4,1,13,05,29,107,,10,06,319,,12,28,139,,13,01,053,*7D
$GPGSV,4,2,13,15,31,034,,18,63,268,,20,03,128,,23,39,345,*7F
$GPGSV,4,3,13,24,64,023,,25,20,176,,28,01,218,,29,13,200,*77
$GPGSV,4,4,13,32,10,273,*4D
$GPGLL,,,,,125456.00,V,N*4B
20:54:56 | Long: Waiting... | Lat: Waiting...
$GPRMC,125457.00,V,,,,,,,060525,,,N*79
$GPVTG,,,,,,,,,N*30
$GPGGA,125457.00,,,,,0,00,99.99,,,,,,*66
$GPGSA,A,1,,,,,,,,,,,,,99.99,99.99,99.99*30
$GPGSV,4,1,13,05,29,107,,10,06,320,,12,28,139,,13,01,053,*77
$GPGSV,4,2,13,15,31,034,,18,63,268,,20,03,128,,23,39,345,*7F
$GPGSV,4,3,13,24,64,023,,25,20,176,,28,01,218,,29,13,200,*77
$GPGSV,4,4,13,32,10,273,*4D
$GPGLL,,,,,125457.00,V,N*4A
20:54:57 | Long: Waiting... | Lat: Waiting...
$GPRMC,125458.00,V,,,,,,,060525,,,N*76
$GPVTG,,,,,,,,,N*30
$GPGGA,125458.00,,,,,0,00,99.99,,,,,,*69
$GPGSA,A,1,,,,,,,,,,,,,99.99,99.99,99.99*30
$GPGSV,4,1,13,05,29,107,,10,06,320,,12,28,138,,13,01,053,*76
$GPGSV,4,2,13,15,31,034,,18,63,268,24,20,03,128,20,23,39,345,*7B
$GPGSV,4,3,13,24,64,023,,25,20,176,,28,01,218,,29,13,200,*77
$GPGSV,4,4,13,32,10,273,*4D
$GPGLL,,,,,125458.00,V,N*45
20:54:58 | Long: Waiting... | Lat: Waiting...
$GPRMC,125459.00,V,,,,,,,060525,,,N*77
$GPVTG,,,,,,,,,N*30
$GPGGA,125459.00,,,,,0,00,99.99,,,,,,*68
$GPGSA,A,1,,,,,,,,,,,,,99.99,99.99,99.99*30
$GPGSV,4,1,13,05,29,107,,10,06,320,,12,28,138,,13,01,053,*76
$GPGSV,4,2,13,15,31,034,,18,63,268,,20,03,128,,23,39,345,26*7B
$GPGSV,4,3,13,24,64,023,,25,20,176,,28,01,218,,29,13,200,*77
$GPGSV,4,4,13,32,10,273,*4D
$GPGLL,,,,,125459.00,V,N*44
20:54:59 | Long: Waiting... | Lat: Waiting...
$GPRMC,125500.00,V,,,,,,,060525,,,N*7A
$GPVTG,,,,,,,,,N*30
$GPGGA,125500.00,,,,,0,00,99.99,,,,,,*65
$GPGSA,A,1,,,,,,,,,,,,,99.99,99.99,99.99*30
$GPGSV,4,1,13,05,29,107,,10,06,320,,12,28,138,,13,01,053,*76
$GPGSV,4,2,13,15,31,034,,18,63,268,,20,03,128,,23,39,345,*7F
$GPGSV,4,3,13,24,64,023,,25,20,176,,28,01,218,,29,13,200,*77
$GPGSV,4,4,13,32,10,273,*4D
$GPGLL,,,,,125500.00,V,N*49
20:55:00 | Long: Waiting... | Lat: Waiting...
$GPRMC,125501.00,V,,,,,,,060525,,,N*7B
$GPVTG,,,,,,,,,N*30
$GPGGA,125501.00,,,,,0,00,99.99,,,,,,*64
$GPGSA,A,1,,,,,,,,,,,,,99.99,99.99,99.99*30
$GPGSV,4,1,13,05,29,107,,10,06,320,,12,28,138,,13,01,053,*76
$GPGSV,4,2,13,15,31,034,,18,63,267,,20,03,128,,23,39,345,*70
$GPGSV,4,3,13,24,64,023,,25,20,176,,28,01,218,,29,13,200,*77
$GPGSV,4,4,13,32,10,273,*4D
$GPGLL,,,,,125501.00,V,N*48
20:55:01 | Long: Waiting... | Lat: Waiting...
$GPRMC,125502.00,V,,,,,,,060525,,,N*78
$GPVTG,,,,,,,,,N*30
$GPGGA,125502.00,,,,,0,00,99.99,,,,,,*67
$GPGSA,A,1,,,,,,,,,,,,,99.99,99.99,99.99*30
$GPGSV,4,1,13,05,29,107,,10,06,320,,12,28,138,,13,01,053,*76
$GPGSV,4,2,13,15,31,034,,18,63,267,,20,03,128,,23,39,345,*70
$GPGSV,4,3,13,24,64,023,,25,20,176,22,28,01,218,28,29,13,200,*7D
$GPGSV,4,4,13,32,10,273,*4D
$GPGLL,,,,,125502.00,V,N*4B
20:55:02 | Long: Waiting... | Lat: Waiting...
$GPRMC,125503.00,V,,,,,,,060525,,,N*79
$GPVTG,,,,,,,,,N*30
$GPGGA,125503.00,,,,,0,00,99.99,,,,,,*66
$GPGSA,A,1,,,,,,,,,,,,,99.99,99.99,99.99*30
$GPGSV,4,1,13,05,29,107,,10,06,320,,12,28,138,,13,01,053,*76
$GPGSV,4,2,13,15,31,034,,18,63,267,,20,03,128,,23,40,345,*7E
$GPGSV,4,3,13,24,64,023,,25,20,176,,28,01,218,,29,13,200,28*7D
$GPGSV,4,4,13,32,10,273,*4D
$GPGLL,,,,,125503.00,V,N*4A
20:55:03 | Long: Waiting... | Lat: Waiting...
$GPRMC,125504.00,V,,,,,,,060525,,,N*7E
$GPVTG,,,,,,,,,N*30
$GPGGA,125504.00,,,,,0,00,99.99,,,,,,*61
$GPGSA,A,1,,,,,,,,,,,,,99.99,99.99,99.99*30
$GPGSV,4,1,13,05,29,107,26,10,06,320,,12,28,138,,13,01,053,*72
$GPGSV,4,2,13,15,31,034,,18,63,267,,20,03,128,,23,40,345,*7E
$GPGSV,4,3,13,24,64,023,,25,20,176,,28,01,218,,29,13,200,*77
$GPGSV,4,4,13,32,10,273,*4D
$GPGLL,,,,,125504.00,V,N*4D
20:55:04 | Long: Waiting... | Lat: Waiting...
$GPRMC,125505.00,V,,,,,,,060525,,,N*7F
$GPVTG,,,,,,,,,N*30
$GPGGA,125505.00,,,,,0,00,99.99,,,,,,*60
$GPGSA,A,1,,,,,,,,,,,,,99.99,99.99,99.99*30
$GPGSV,4,1,13,05,29,107,,10,06,320,,12,28,138,,13,01,053,*76
$GPGSV,4,2,13,15,31,034,,18,63,267,,20,03,128,,23,40,345,*7E
$GPGSV,4,3,13,24,64,023,,25,20,176,,28,01,218,,29,13,200,*77
$GPGSV,4,4,13,32,10,273,*4D
$GPGLL,,,,,125505.00,V,N*4C
20:55:05 | Long: Waiting... | Lat: Waiting...
$GPRMC,125506.00,V,,,,,,,060525,,,N*7C
$GPVTG,,,,,,,,,N*30
$GPGGA,125506.00,,,,,0,00,99.99,,,,,,*63
$GPGSA,A,1,,,,,,,,,,,,,99.99,99.99,99.99*30
$GPGSV,4,1,13,05,29,107,,10,06,320,24,12,28,138,,13,01,053,*70
$GPGSV,4,2,13,15,31,034,,18,63,267,,20,03,128,,23,40,345,*7E
$GPGSV,4,3,13,24,64,023,,25,20,176,,28,01,218,,29,13,200,*77
$GPGSV,4,4,13,32,10,273,*4D
$GPGLL,,,,,125506.00,V,N*4F
20:55:06 | Long: Waiting... | Lat: Waiting...
$GPRMC,125507.00,V,,,,,,,060525,,,N*7D
$GPVTG,,,,,,,,,N*30
$GPGGA,125507.00,,,,,0,00,99.99,,,,,,*62
$GPGSA,A,1,,,,,,,,,,,,,99.99,99.99,99.99*30
$GPGSV,4,1,13,05,29,107,,10,06,320,,12,28,138,,13,01,053,*76
$GPGSV,4,2,13,15,31,034,,18,63,267,,20,03,128,,23,40,345,*7E
$GPGSV,4,3,13,24,64,023,,25,20,176,,28,01,218,,29,13,200,*77
$GPGSV,4,4,13,32,10,273,*4D
$GPGLL,,,,,125507.00,V,N*4E
20:55:07 | Long: Waiting... | Lat: Waiting...
$GPRMC,125508.00,V,,,,,,,060525,,,N*72
$GPVTG,,,,,,,,,N*30
$GPGGA,125508.00,,,,,0,00,99.99,,,,,,*6D
$GPGSA,A,1,,,,,,,,,,,,,99.99,99.99,99.99*30
$GPGSV,4,1,13,05,29,107,,10,06,320,,12,28,138,,13,01,053,*76
$GPGSV,4,2,13,15,31,034,,18,63,267,,20,03,128,,23,40,345,*7E
$GPGSV,4,3,13,24,64,023,,25,20,176,,28,01,218,,29,13,200,*77
$GPGSV,4,4,13,32,10,273,*4D
$GPGLL,,,,,125508.00,V,N*41
20:55:08 | Long: Waiting... | Lat: Waiting...
$GPRMC,125509.00,V,,,,,,,060525,,,N*73
$GPVTG,,,,,,,,,N*30
$GPGGA,125509.00,,,,,0,00,99.99,,,,,,*6C
$GPGSA,A,1,,,,,,,,,,,,,99.99,99.99,99.99*30
$GPGSV,4,1,13,05,29,107,,10,06,320,,12,28,138,,13,01,053,*76
$GPGSV,4,2,13,15,31,034,,18,63,267,,20,03,128,,23,40,345,*7E
$GPGSV,4,3,13,24,64,023,,25,20,176,,28,01,218,,29,13,200,*77
$GPGSV,4,4,13,32,10,273,*4D
$GPGLL,,,,,125509.00,V,N*40
20:55:09 | Long: Waiting... | Lat: Waiting...
$GPRMC,125510.00,V,,,,,,,060525,,,N*7B
$GPVTG,,,,,,,,,N*30
$GPGGA,125510.00,,,,,0,00,99.99,,,,,,*64
$GPGSA,A,1,,,,,,,,,,,,,99.99,99.99,99.99*30
$GPGSV,4,1,13,05,29,107,,10,06,320,,12,28,138,,13,01,053,*76
$GPGSV,4,2,13,15,31,034,,18,63,267,,20,03,128,,23,40,345,*7E
$GPGSV,4,3,13,24,64,023,,25,20,176,,28,01,218,,29,13,200,*77
$GPGSV,4,4,13,32,10,273,*4D
$GPGLL,,,,,125510.00,V,N*48
20:55:10 | Long: Waiting... | Lat: Waiting...
$GPRMC,125511.00,V,,,,,,,060525,,,N*7A
$GPVTG,,,,,,,,,N*30
$GPGGA,125511.00,,,,,0,00,99.99,,,,,,*65
$GPGSA,A,1,,,,,,,,,,,,,99.99,99.99,99.99*30
$GPGSV,4,1,13,05,29,107,,10,06,320,,12,28,138,,13,01,053,*76
$GPGSV,4,2,13,15,31,034,,18,63,267,,20,03,128,,23,40,345,*7E
$GPGSV,4,3,13,24,64,023,,25,20,176,,28,01,218,,29,13,200,*77
$GPGSV,4,4,13,32,10,273,*4D
$GPGLL,,,,,125511.00,V,N*49
20:55:11 | Long: Waiting... | Lat: Waiting...
$GPRMC,125512.00,V,,,,,,,060525,,,N*79
$GPVTG,,,,,,,,,N*30
$GPGGA,125512.00,,,,,0,00,99.99,,,,,,*66
$GPGSA,A,1,,,,,,,,,,,,,99.99,99.99,99.99*30
$GPGSV,4,1,13,05,29,107,,10,06,320,,12,28,138,,13,01,053,*76
$GPGSV,4,2,13,15,31,034,,18,63,267,,20,03,128,,23,40,345,*7E
$GPGSV,4,3,13,24,64,023,,25,20,176,,28,01,218,,29,13,200,*77
$GPGSV,4,4,13,32,10,273,*4D
$GPGLL,,,,,125512.00,V,N*4A
20:55:12 | Long: Waiting... | Lat: Waiting...
$GPRMC,125513.00,V,,,,,,,060525,,,N*78
$GPVTG,,,,,,,,,N*30
$GPGGA,125513.00,,,,,0,00,99.99,,,,,,*67
$GPGSA,A,1,,,,,,,,,,,,,99.99,99.99,99.99*30
$GPGSV,4,1,13,05,29,107,,10,06,320,,12,28,138,,13,01,053,*76
$GPGSV,4,2,13,15,31,034,19,18,63,267,,20,03,128,,23,40,345,*76
$GPGSV,4,3,13,24,64,023,,25,20,176,,28,01,218,,29,13,200,*77
$GPGSV,4,4,13,32,10,273,*4D
$GPGLL,,,,,125513.00,V,N*4B
20:55:13 | Long: Waiting... | Lat: Waiting...
$GPRMC,125514.00,V,,,,,,,060525,,,N*7F
$GPVTG,,,,,,,,,N*30
$GPGGA,125514.00,,,,,0,00,99.99,,,,,,*60
$GPGSA,A,1,,,,,,,,,,,,,99.99,99.99,99.99*30
$GPGSV,4,1,13,05,29,107,,10,06,320,,12,28,138,,13,01,053,*76
$GPGSV,4,2,13,15,31,034,,18,63,267,,20,03,128,,23,40,345,*7E
$GPGSV,4,3,13,24,64,023,,25,20,176,,28,01,218,,29,13,200,*77
$GPGSV,4,4,13,32,10,273,*4D
$GPGLL,,,,,125514.00,V,N*4C
20:55:14 | Long: Waiting... | Lat: Waiting...
$GPRMC,125515.00,V,,,,,,,060525,,,N*7E
$GPVTG,,,,,,,,,N*30
$GPGGA,125515.00,,,,,0,00,99.99,,,,,,*61
$GPGSA,A,1,,,,,,,,,,,,,99.99,99.99,99.99*30
$GPGSV,4,1,13,05,29,107,,10,06,320,,12,28,138,,13,01,053,*76
$GPGSV,4,2,13,15,31,034,,18,63,267,21,20,03,128,,23,40,345,*7D
$GPGSV,4,3,13,24,64,023,,25,20,176,,28,01,218,,29,13,200,*77
$GPGSV,4,4,13,32,10,273,*4D
$GPGLL,,,,,125515.00,V,N*4D
20:55:15 | Long: Waiting... | Lat: Waiting...
$GPRMC,125516.00,V,,,,,,,060525,,,N*7D
$GPVTG,,,,,,,,,N*30
$GPGGA,125516.00,,,,,0,00,99.99,,,,,,*62
$GPGSA,A,1,,,,,,,,,,,,,99.99,99.99,99.99*30
$GPGSV,4,1,13,05,29,107,,10,06,320,,12,28,138,,13,01,053,*76
$GPGSV,4,2,13,15,31,034,,18,63,267,,20,03,128,,23,40,345,*7E
$GPGSV,4,3,13,24,64,023,,25,20,176,,28,01,218,,29,13,200,*77
$GPGSV,4,4,13,32,10,273,*4D
$GPGLL,,,,,125516.00,V,N*4E
20:55:16 | Long: Waiting... | Lat: Waiting...
$GPRMC,125517.00,V,,,,,,,060525,,,N*7C
$GPVTG,,,,,,,,,N*30
$GPGGA,125517.00,,,,,0,00,99.99,,,,,,*63
$GPGSA,A,1,,,,,,,,,,,,,99.99,99.99,99.99*30
$GPGSV,4,1,13,05,29,107,,10,06,320,,12,28,138,,13,01,053,*76
$GPGSV,4,2,13,15,31,034,,18,63,267,,20,03,128,20,23,40,345,*7C
$GPGSV,4,3,13,24,64,023,,25,20,176,,28,01,218,,29,13,200,*77
$GPGSV,4,4,13,32,10,273,*4D
$GPGLL,,,,,125517.00,V,N*4F
20:55:17 | Long: Waiting... | Lat: Waiting...
$GPRMC,125518.00,V,,,,,,,060525,,,N*73
$GPVTG,,,,,,,,,N*30
$GPGGA,125518.00,,,,,0,00,99.99,,,,,,*6C
$GPGSA,A,1,,,,,,,,,,,,,99.99,99.99,99.99*30
$GPGSV,4,1,13,05,29,107,,10,06,320,,12,28,138,,13,01,053,*76
$GPGSV,4,2,13,15,31,034,,18,63,267,,20,03,128,,23,40,345,*7E
$GPGSV,4,3,13,24,64,023,,25,20,176,,28,01,218,,29,13,200,*77
$GPGSV,4,4,13,32,10,273,*4D
$GPGLL,,,,,125518.00,V,N*40
20:55:18 | Long: Waiting... | Lat: Waiting...
$GPRMC,125519.00,V,,,,,,,060525,,,N*72
$GPVTG,,,,,,,,,N*30
$GPGGA,125519.00,,,,,0,00,99.99,,,,,,*6D
$GPGSA,A,1,,,,,,,,,,,,,99.99,99.99,99.99*30
$GPGSV,4,1,13,05,29,107,,10,06,320,,12,28,138,,13,01,053,*76
$GPGSV,4,2,13,15,31,034,,18,63,267,,20,03,128,,23,40,345,24*78
$GPGSV,4,3,13,24,64,023,,25,20,176,,28,01,218,,29,13,200,*77
$GPGSV,4,4,13,32,10,273,*4D
$GPGLL,,,,,125519.00,V,N*41
20:55:19 | Long: Waiting... | Lat: Waiting...
$GPRMC,125520.00,V,,,,,,,060525,,,N*78
$GPVTG,,,,,,,,,N*30
$GPGGA,125520.00,,,,,0,00,99.99,,,,,,*67
$GPGSA,A,1,,,,,,,,,,,,,99.99,99.99,99.99*30
$GPGSV,4,1,13,05,29,107,,10,06,320,,12,28,138,,13,01,053,*76
$GPGSV,4,2,13,15,31,034,,18,63,267,,20,03,128,,23,40,345,*7E
$GPGSV,4,3,13,24,64,023,,25,20,176,,28,01,218,,29,13,200,*77
$GPGSV,4,4,13,32,10,273,*4D
$GPGLL,,,,,125520.00,V,N*4B
20:55:20 | Long: Waiting... | Lat: Waiting...
$GPRMC,125521.00,V,,,,,,,060525,,,N*79
$GPVTG,,,,,,,,,N*30
$GPGGA,125521.00,,,,,0,00,99.99,,,,,,*66
$GPGSA,A,1,,,,,,,,,,,,,99.99,99.99,99.99*30
$GPGSV,4,1,13,05,29,107,,10,06,320,,12,28,138,,13,01,053,*76
$GPGSV,4,2,13,15,31,034,,18,63,267,,20,03,128,,23,40,345,*7E
$GPGSV,4,3,13,24,64,023,24,25,20,176,,28,01,218,,29,13,200,*71
$GPGSV,4,4,13,32,10,273,*4D
$GPGLL,,,,,125521.00,V,N*4A
20:55:21 | Long: Waiting... | Lat: Waiting...
$GPRMC,125522.00,V,,,,,,,060525,,,N*7A
$GPVTG,,,,,,,,,N*30
$GPGGA,125522.00,,,,,0,00,99.99,,,,,,*65
$GPGSA,A,1,,,,,,,,,,,,,99.99,99.99,99.99*30
$GPGSV,4,1,13,05,29,107,,10,06,320,,12,28,138,,13,01,053,*76
$GPGSV,4,2,13,15,31,034,,18,63,267,,20,03,128,,23,40,345,*7E
$GPGSV,4,3,13,24,64,023,,25,20,176,,28,01,218,,29,13,200,*77
$GPGSV,4,4,13,32,10,273,*4D
$GPGLL,,,,,125522.00,V,N*49
20:55:22 | Long: Waiting... | Lat: Waiting...
$GPRMC,125523.00,V,,,,,,,060525,,,N*7B
$GPVTG,,,,,,,,,N*30
$GPGGA,125523.00,,,,,0,00,99.99,,,,,,*64
$GPGSA,A,1,,,,,,,,,,,,,99.99,99.99,99.99*30
$GPGSV,4,1,13,05,29,107,,10,06,320,,12,28,138,,13,01,053,*76
$GPGSV,4,2,13,15,31,034,,18,63,267,,20,03,128,,23,40,345,*7E
$GPGSV,4,3,13,24,64,023,,25,20,176,25,28,01,218,,29,13,200,*70
$GPGSV,4,4,13,32,10,273,*4D
$GPGLL,,,,,125523.00,V,N*48
20:55:23 | Long: Waiting... | Lat: Waiting...
$GPRMC,125524.00,V,,,,,,,060525,,,N*7C
$GPVTG,,,,,,,,,N*30
$GPGGA,125524.00,,,,,0,00,99.99,,,,,,*63
$GPGSA,A,1,,,,,,,,,,,,,99.99,99.99,99.99*30
$GPGSV,4,1,13,05,29,107,,10,06,320,,12,28,138,,13,01,053,*76
$GPGSV,4,2,13,15,31,034,,18,63,267,,20,03,128,,23,40,345,*7E
$GPGSV,4,3,13,24,64,023,,25,20,176,,28,01,218,,29,13,200,*77
$GPGSV,4,4,13,32,10,273,*4D
$GPGLL,,,,,125524.00,V,N*4F
20:55:24 | Long: Waiting... | Lat: Waiting...
$GPRMC,125525.00,V,,,,,,,060525,,,N*7D
$GPVTG,,,,,,,,,N*30
$GPGGA,125525.00,,,,,0,00,99.99,,,,,,*62
$GPGSA,A,1,,,,,,,,,,,,,99.99,99.99,99.99*30
$GPGSV,4,1,13,05,29,107,,10,06,320,,12,28,138,,13,01,053,*76
$GPGSV,4,2,13,15,31,034,,18,63,267,,20,03,128,,23,40,345,*7E
$GPGSV,4,3,13,24,64,023,,25,20,176,,28,01,218,,29,13,200,*77
$GPGSV,4,4,13,32,10,273,*4D
$GPGLL,,,,,125525.00,V,N*4E
20:55:25 | Long: Waiting... | Lat: Waiting...
$GPRMC,125526.00,V,,,,,,,060525,,,N*7E
$GPVTG,,,,,,,,,N*30
$GPGGA,125526.00,,,,,0,00,99.99,,,,,,*61
$GPGSA,A,1,,,,,,,,,,,,,99.99,99.99,99.99*30
$GPGSV,4,1,13,05,29,107,,10,06,320,,12,28,138,,13,01,053,*76
$GPGSV,4,2,13,15,31,034,,18,63,267,,20,03,128,,23,40,345,*7E
$GPGSV,4,3,13,24,64,023,,25,20,176,,28,01,218,,29,13,200,*77
$GPGSV,4,4,13,32,10,273,*4D
$GPGLL,,,,,125526.00,V,N*4D
20:55:26 | Long: Waiting... | Lat: Waiting...
$GPRMC,125527.00,V,,,,,,,060525,,,N*7F
$GPVTG,,,,,,,,,N*30
$GPGGA,125527.00,,,,,0,00,99.99,,,,,,*60
$GPGSA,A,1,,,,,,,,,,,,,99.99,99.99,99.99*30
$GPGSV,4,1,13,05,29,107,,10,06,320,,12,28,138,,13,01,053,*76
$GPGSV,4,2,13,15,31,034,,18,63,267,,20,03,128,,23,40,345,*7E
$GPGSV,4,3,13,24,64,023,,25,20,176,,28,01,218,,29,13,200,24*71
$GPGSV,4,4,13,32,10,273,*4D
$GPGLL,,,,,125527.00,V,N*4C
20:55:27 | Long: Waiting... | Lat: Waiting...
$GPRMC,125528.00,V,,,,,,,060525,,,N*70
$GPVTG,,,,,,,,,N*30
$GPGGA,125528.00,,,,,0,00,99.99,,,,,,*6F
$GPGSA,A,1,,,,,,,,,,,,,99.99,99.99,99.99*30
$GPGSV,4,1,13,05,29,107,,10,06,320,,12,28,138,,13,01,053,*76
$GPGSV,4,2,13,15,31,034,,18,63,267,,20,03,128,,23,40,345,*7E
$GPGSV,4,3,13,24,64,023,,25,20,176,,28,01,218,,29,13,200,*77
$GPGSV,4,4,13,32,10,273,*4D
$GPGLL,,,,,125528.00,V,N*43
20:55:28 | Long: Waiting... | Lat: Waiting...
$GPRMC,125529.00,V,,,,,,,060525,,,N*71
$GPVTG,,,,,,,,,N*30
$GPGGA,125529.00,,,,,0,00,99.99,,,,,,*6E
$GPGSA,A,1,,,,,,,,,,,,,99.99,99.99,99.99*30
$GPGSV,4,1,13,05,29,107,,10,06,320,,12,28,138,,13,01,053,*76
$GPGSV,4,2,13,15,31,034,,18,63,267,,20,03,128,,23,40,345,*7E
$GPGSV,4,3,13,24,64,023,,25,20,176,,28,01,218,,29,13,200,*77
$GPGSV,4,4,13,32,10,273,*4D
$GPGLL,,,,,125529.00,V,N*42
20:55:29 | Long: Waiting... | Lat: Waiting...
$GPRMC,125530.00,V,,,,,,,060525,,,N*79
$GPVTG,,,,,,,,,N*30
$GPGGA,125530.00,,,,,0,00,99.99,,,,,,*66
$GPGSA,A,1,,,,,,,,,,,,,99.99,99.99,99.99*30
$GPGSV,4,1,13,05,29,107,,10,06,320,,12,28,138,,13,01,053,*76
$GPGSV,4,2,13,15,31,034,,18,63,267,,20,03,128,,23,40,345,*7E
$GPGSV,4,3,13,24,64,023,,25,20,176,,28,01,218,,29,13,200,*77
$GPGSV,4,4,13,32,10,273,*4D
$GPGLL,,,,,125530.00,V,N*4A
20:55:30 | Long: Waiting... | Lat: Waiting...
$GPRMC,125531.00,V,,,,,,,060525,,,N*78
$GPVTG,,,,,,,,,N*30
$GPGGA,125531.00,,,,,0,00,99.99,,,,,,*67
$GPGSA,A,1,,,,,,,,,,,,,99.99,99.99,99.99*30
$GPGSV,4,1,13,05,29,107,,10,06,320,,12,28,138,,13,01,053,*76
$GPGSV,4,2,13,15,31,034,,18,63,267,,20,03,128,,23,40,345,*7E
$GPGSV,4,3,13,24,64,023,,25,20,176,,28,01,218,,29,13,200,*77
$GPGSV,4,4,13,32,10,273,*4D
$GPGLL,,,,,125531.00,V,N*4B
20:55:31 | Long: Waiting... | Lat: Waiting...
$GPRMC,125532.00,V,,,,,,,060525,,,N*7B
$GPVTG,,,,,,,,,N*30
$GPGGA,125532.00,,,,,0,00,99.99,,,,,,*64
$GPGSA,A,1,,,,,,,,,,,,,99.99,99.99,99.99*30
$GPGSV,4,1,13,05,29,107,,10,06,320,,12,28,138,,13,01,053,*76
$GPGSV,4,2,13,15,31,034,,18,63,267,,20,03,128,,23,40,345,*7E
$GPGSV,4,3,13,24,64,023,,25,20,176,,28,01,218,,29,13,200,*77
$GPGSV,4,4,13,32,10,273,*4D
$GPGLL,,,,,125532.00,V,N*48
20:55:32 | Long: Waiting... | Lat: Waiting...
$GPRMC,125533.00,V,,,,,,,060525,,,N*7A
$GPVTG,,,,,,,,,N*30
$GPGGA,125533.00,,,,,0,00,99.99,,,,,,*65
$GPGSA,A,1,,,,,,,,,,,,,99.99,99.99,99.99*30
$GPGSV,4,1,13,05,29,107,,10,06,320,,12,28,138,,13,01,053,*76
$GPGSV,4,2,13,15,31,034,,18,63,267,,20,03,128,,23,40,345,*7E
$GPGSV,4,3,13,24,64,023,,25,20,176,,28,01,218,,29,13,200,*77
$GPGSV,4,4,13,32,10,273,*4D
$GPGLL,,,,,125533.00,V,N*49
20:55:33 | Long: Waiting... | Lat: Waiting...
$GPRMC,125534.00,V,,,,,,,060525,,,N*7D
$GPVTG,,,,,,,,,N*30
$GPGGA,125534.00,,,,,0,00,99.99,,,,,,*62
$GPGSA,A,1,,,,,,,,,,,,,99.99,99.99,99.99*30
$GPGSV,4,1,13,05,29,107,,10,06,320,23,12,28,138,,13,01,053,*77
$GPGSV,4,2,13,15,31,034,,18,63,267,,20,03,128,,23,40,345,*7E
$GPGSV,4,3,13,24,64,023,,25,20,176,,28,01,218,,29,13,200,*77
$GPGSV,4,4,13,32,10,273,*4D
$GPGLL,,,,,125534.00,V,N*4E
20:55:34 | Long: Waiting... | Lat: Waiting...
$GPRMC,125535.00,V,,,,,,,060525,,,N*7C
$GPVTG,,,,,,,,,N*30
$GPGGA,125535.00,,,,,0,00,99.99,,,,,,*63
$GPGSA,A,1,,,,,,,,,,,,,99.99,99.99,99.99*30
$GPGSV,4,1,13,05,29,107,,10,06,320,,12,28,138,21,13,01,053,*75
$GPGSV,4,2,13,15,30,035,,18,63,267,,20,03,128,,23,40,345,*7E
$GPGSV,4,3,13,24,64,023,,25,20,176,,28,01,218,,29,13,200,*77
$GPGSV,4,4,13,32,10,273,*4D
$GPGLL,,,,,125535.00,V,N*4F
20:55:35 | Long: Waiting... | Lat: Waiting...
$GPRMC,125536.00,V,,,,,,,060525,,,N*7F
$GPVTG,,,,,,,,,N*30
$GPGGA,125536.00,,,,,0,00,99.99,,,,,,*60
$GPGSA,A,1,,,,,,,,,,,,,99.99,99.99,99.99*30
$GPGSV,4,1,13,05,29,107,,10,06,320,,12,28,138,,13,01,053,20*74
$GPGSV,4,2,13,15,30,035,26,18,63,267,,20,03,128,,23,40,345,*7A
$GPGSV,4,3,13,24,64,023,,25,20,176,,28,01,218,,29,13,200,*77
$GPGSV,4,4,13,32,10,273,*4D
$GPGLL,,,,,125536.00,V,N*4C
20:55:36 | Long: Waiting... | Lat: Waiting...
$GPRMC,125537.00,V,,,,,,,060525,,,N*7E
$GPVTG,,,,,,,,,N*30
$GPGGA,125537.00,,,,,0,00,99.99,,,,,,*61
$GPGSA,A,1,,,,,,,,,,,,,99.99,99.99,99.99*30
$GPGSV,4,1,13,05,29,107,,10,06,320,,12,28,138,,13,01,053,*76
$GPGSV,4,2,13,15,30,035,,18,63,267,,20,02,128,,23,40,345,*7F
$GPGSV,4,3,13,24,64,023,,25,20,176,,28,01,218,,29,13,200,*77
$GPGSV,4,4,13,32,10,273,*4D
$GPGLL,,,,,125537.00,V,N*4D
20:55:37 | Long: Waiting... | Lat: Waiting...
$GPRMC,125538.00,V,,,,,,,060525,,,N*71
$GPVTG,,,,,,,,,N*30
$GPGGA,125538.00,,,,,0,00,99.99,,,,,,*6E
$GPGSA,A,1,,,,,,,,,,,,,99.99,99.99,99.99*30
$GPGSV,4,1,13,05,29,107,,10,06,320,,12,28,138,,13,01,053,*76
$GPGSV,4,2,13,15,30,035,,18,63,267,,20,02,128,27,23,40,345,*7A
$GPGSV,4,3,13,24,64,023,,25,20,176,,28,01,218,,29,13,200,*77
$GPGSV,4,4,13,32,10,273,*4D
$GPGLL,,,,,125538.00,V,N*42
20:55:38 | Long: Waiting... | Lat: Waiting...
$GPRMC,125539.00,V,,,,,,,060525,,,N*70
$GPVTG,,,,,,,,,N*30
$GPGGA,125539.00,,,,,0,00,99.99,,,,,,*6F
$GPGSA,A,1,,,,,,,,,,,,,99.99,99.99,99.99*30
$GPGSV,4,1,13,05,29,107,,10,06,320,,12,28,138,,13,01,053,*76
$GPGSV,4,2,13,15,30,035,,18,63,267,,20,02,128,,23,40,345,*7F
$GPGSV,4,3,13,24,63,023,,25,20,176,,28,01,218,,29,13,200,*70
$GPGSV,4,4,13,32,10,273,*4D
$GPGLL,,,,,125539.00,V,N*43
20:55:39 | Long: Waiting... | Lat: Waiting...
$GPRMC,125540.00,V,,,,,,,060525,,,N*7E
$GPVTG,,,,,,,,,N*30
$GPGGA,125540.00,,,,,0,00,99.99,,,,,,*61
$GPGSA,A,1,,,,,,,,,,,,,99.99,99.99,99.99*30
$GPGSV,4,1,13,05,29,107,,10,06,320,23,12,28,138,,13,01,053,*77
$GPGSV,4,2,13,15,30,035,,18,63,267,,20,02,128,,23,40,345,24*79
$GPGSV,4,3,13,24,63,023,,25,20,175,,28,01,218,,29,13,200,*73
$GPGSV,4,4,13,32,10,273,*4D
$GPGLL,,,,,125540.00,V,N*4D
20:55:40 | Long: Waiting... | Lat: Waiting...
$GPRMC,125541.00,V,,,,,,,060525,,,N*7F
$GPVTG,,,,,,,,,N*30
$GPGGA,125541.00,,,,,0,00,99.99,,,,,,*60
$GPGSA,A,1,,,,,,,,,,,,,99.99,99.99,99.99*30
$GPGSV,4,1,13,05,29,107,,10,06,320,21,12,28,138,,13,01,053,20*77
$GPGSV,4,2,13,15,30,035,,18,63,267,,20,02,128,,23,40,345,*7F
$GPGSV,4,3,13,24,63,023,,25,20,175,,28,01,218,,29,13,200,*73
$GPGSV,4,4,13,32,10,273,*4D
$GPGLL,,,,,125541.00,V,N*4C
20:55:41 | Long: Waiting... | Lat: Waiting...
$GPRMC,125542.00,V,,,,,,,060525,,,N*7C
$GPVTG,,,,,,,,,N*30
$GPGGA,125542.00,,,,,0,00,99.99,,,,,,*63
$GPGSA,A,1,,,,,,,,,,,,,99.99,99.99,99.99*30
$GPGSV,4,1,13,05,29,107,,10,06,320,19,12,28,138,,13,01,053,17*78
$GPGSV,4,2,13,15,30,035,,18,63,267,,20,02,128,,23,40,345,*7F
$GPGSV,4,3,13,24,63,023,,25,20,175,,28,01,218,,29,13,200,*73
$GPGSV,4,4,13,32,10,273,*4D
$GPGLL,,,,,125542.00,V,N*4F
20:55:42 | Long: Waiting... | Lat: Waiting...
$GPRMC,125543.00,V,,,,,,,060525,,,N*7D
$GPVTG,,,,,,,,,N*30
$GPGGA,125543.00,,,,,0,00,99.99,,,,,,*62
$GPGSA,A,1,,,,,,,,,,,,,99.99,99.99,99.99*30
$GPGSV,4,1,13,05,29,107,,10,06,320,17,12,28,138,,13,01,053,*70
$GPGSV,4,2,13,15,30,035,,18,63,267,,20,02,128,,23,40,345,*7F
$GPGSV,4,3,13,24,63,023,,25,20,175,,28,01,218,,29,13,200,*73
$GPGSV,4,4,13,32,10,273,*4D
$GPGLL,,,,,125543.00,V,N*4E
20:55:43 | Long: Waiting... | Lat: Waiting...
$GPRMC,125544.00,V,,,,,,,060525,,,N*7A
$GPVTG,,,,,,,,,N*30
$GPGGA,125544.00,,,,,0,00,99.99,,,,,,*65
$GPGSA,A,1,,,,,,,,,,,,,99.99,99.99,99.99*30
$GPGSV,4,1,13,05,29,107,,10,06,320,,12,28,138,,13,01,053,*76
$GPGSV,4,2,13,15,30,035,,18,63,267,,20,02,128,,23,40,345,*7F
$GPGSV,4,3,13,24,63,023,,25,20,175,,28,01,218,,29,13,200,23*72
$GPGSV,4,4,13,32,10,273,*4D
$GPGLL,,,,,125544.00,V,N*49
20:55:44 | Long: Waiting... | Lat: Waiting...
$GPRMC,125545.00,V,,,,,,,060525,,,N*7B
$GPVTG,,,,,,,,,N*30
$GPGGA,125545.00,,,,,0,00,99.99,,,,,,*64
$GPGSA,A,1,,,,,,,,,,,,,99.99,99.99,99.99*30
$GPGSV,4,1,13,05,29,107,,10,06,320,,12,28,138,,13,01,053,*76
$GPGSV,4,2,13,15,30,035,,18,63,267,,20,02,128,,23,40,345,*7F
$GPGSV,4,3,13,24,63,023,,25,20,175,,28,01,218,,29,13,200,*73
$GPGSV,4,4,13,32,10,273,*4D
$GPGLL,,,,,125545.00,V,N*48
20:55:45 | Long: Waiting... | Lat: Waiting...
$GPRMC,125546.00,V,,,,,,,060525,,,N*78
$GPVTG,,,,,,,,,N*30
$GPGGA,125546.00,,,,,0,00,99.99,,,,,,*67
$GPGSA,A,1,,,,,,,,,,,,,99.99,99.99,99.99*30
$GPGSV,4,1,13,05,29,107,20,10,06,320,,12,28,138,,13,01,053,*74
$GPGSV,4,2,13,15,30,035,,18,63,267,,20,02,128,,23,40,345,*7F
$GPGSV,4,3,13,24,63,023,,25,20,175,,28,01,218,,29,13,200,*73
$GPGSV,4,4,13,32,10,273,*4D
$GPGLL,,,,,125546.00,V,N*4B
20:55:46 | Long: Waiting... | Lat: Waiting...
$GPRMC,125547.00,V,,,,,,,060525,,,N*79
$GPVTG,,,,,,,,,N*30
$GPGGA,125547.00,,,,,0,00,99.99,,,,,,*66
$GPGSA,A,1,,,,,,,,,,,,,99.99,99.99,99.99*30
$GPGSV,4,1,13,05,29,107,,10,06,320,,12,28,138,,13,01,053,*76
$GPGSV,4,2,13,15,30,035,,18,63,267,,20,02,128,,23,40,345,*7F
$GPGSV,4,3,13,24,63,023,,25,20,175,,28,01,218,,29,13,200,*73
$GPGSV,4,4,13,32,10,273,*4D
$GPGLL,,,,,125547.00,V,N*4A
20:55:47 | Long: Waiting... | Lat: Waiting...
$GPRMC,125548.00,V,,,,,,,060525,,,N*76
$GPVTG,,,,,,,,,N*30
$GPGGA,125548.00,,,,,0,00,99.99,,,,,,*69
$GPGSA,A,1,,,,,,,,,,,,,99.99,99.99,99.99*30
$GPGSV,4,1,13,05,29,107,,10,06,320,,12,28,138,,13,01,053,*76
$GPGSV,4,2,13,15,30,035,,18,63,267,,20,02,128,,23,40,345,*7F
$GPGSV,4,3,13,24,63,023,,25,20,175,,28,01,218,,29,13,200,*73
$GPGSV,4,4,13,32,10,273,*4D
$GPGLL,,,,,125548.00,V,N*45
20:55:48 | Long: Waiting... | Lat: Waiting...
$GPRMC,125549.00,V,,,,,,,060525,,,N*77
$GPVTG,,,,,,,,,N*30
$GPGGA,125549.00,,,,,0,00,99.99,,,,,,*68
$GPGSA,A,1,,,,,,,,,,,,,99.99,99.99,99.99*30
$GPGSV,4,1,13,05,29,107,,10,06,320,,12,28,138,,13,01,053,*76
$GPGSV,4,2,13,15,30,035,,18,63,267,,20,02,128,,23,40,345,*7F
$GPGSV,4,3,13,24,63,023,,25,20,175,,28,01,218,,29,13,200,*73
$GPGSV,4,4,13,32,10,273,*4D
$GPGLL,,,,,125549.00,V,N*44
20:55:49 | Long: Waiting... | Lat: Waiting...
$GPRMC,125550.00,V,,,,,,,060525,,,N*7F
$GPVTG,,,,,,,,,N*30
$GPGGA,125550.00,,,,,0,00,99.99,,,,,,*60
$GPGSA,A,1,,,,,,,,,,,,,99.99,99.99,99.99*30
$GPGSV,4,1,13,05,29,107,,10,06,320,,12,28,138,,13,01,053,*76
$GPGSV,4,2,13,15,30,035,,18,63,267,,20,02,128,,23,40,345,*7F
$GPGSV,4,3,13,24,63,023,,25,20,175,,28,01,218,,29,13,200,*73
$GPGSV,4,4,13,32,10,273,*4D
$GPGLL,,,,,125550.00,V,N*4C
20:55:50 | Long: Waiting... | Lat: Waiting...
$GPRMC,125551.00,V,,,,,,,060525,,,N*7E
$GPVTG,,,,,,,,,N*30
$GPGGA,125551.00,,,,,0,00,99.99,,,,,,*61
$GPGSA,A,1,,,,,,,,,,,,,99.99,99.99,99.99*30
$GPGSV,4,1,13,05,29,107,,10,06,320,24,12,28,138,,13,01,053,*70
$GPGSV,4,2,13,15,30,035,,18,63,267,,20,02,128,,23,40,345,*7F
$GPGSV,4,3,13,24,63,023,,25,20,175,,28,01,218,,29,13,200,*73
$GPGSV,4,4,13,32,10,273,*4D
$GPGLL,,,,,125551.00,V,N*4D
20:55:51 | Long: Waiting... | Lat: Waiting...
$GPRMC,125552.00,V,,,,,,,060525,,,N*7D
$GPVTG,,,,,,,,,N*30
$GPGGA,125552.00,,,,,0,00,99.99,,,,,,*62
$GPGSA,A,1,,,,,,,,,,,,,99.99,99.99,99.99*30
$GPGSV,4,1,13,05,29,107,,10,06,320,,12,28,138,,13,01,053,*76
$GPGSV,4,2,13,15,30,035,,18,63,267,,20,02,128,,23,40,345,*7F
$GPGSV,4,3,13,24,63,023,,25,20,175,,28,01,218,,29,13,200,*73
$GPGSV,4,4,13,32,10,273,*4D
$GPGLL,,,,,125552.00,V,N*4E
20:55:52 | Long: Waiting... | Lat: Waiting...
$GPRMC,125553.00,V,,,,,,,060525,,,N*7C
$GPVTG,,,,,,,,,N*30
$GPGGA,125553.00,,,,,0,00,99.99,,,,,,*63
$GPGSA,A,1,,,,,,,,,,,,,99.99,99.99,99.99*30
$GPGSV,4,1,13,05,29,107,,10,06,320,,12,28,138,,13,01,053,*76
$GPGSV,4,2,13,15,30,035,,18,63,267,,20,02,128,,23,40,345,*7F
$GPGSV,4,3,13,24,63,023,,25,20,175,,28,01,218,,29,13,200,*73
$GPGSV,4,4,13,32,10,273,*4D
$GPGLL,,,,,125553.00,V,N*4F
20:55:53 | Long: Waiting... | Lat: Waiting...
$GPRMC,125554.00,V,,,,,,,060525,,,N*7B
$GPVTG,,,,,,,,,N*30
$GPGGA,125554.00,,,,,0,00,99.99,,,,,,*64
$GPGSA,A,1,,,,,,,,,,,,,99.99,99.99,99.99*30
$GPGSV,4,1,13,05,29,107,,10,06,320,,12,28,138,,13,01,053,*76
$GPGSV,4,2,13,15,30,035,,18,63,267,,20,02,128,,23,40,345,*7F
$GPGSV,4,3,13,24,63,023,,25,20,175,,28,01,218,,29,13,200,*73
$GPGSV,4,4,13,32,10,273,*4D
$GPGLL,,,,,125554.00,V,N*48
20:55:54 | Long: Waiting... | Lat: Waiting...
$GPRMC,125555.00,V,,,,,,,060525,,,N*7A
$GPVTG,,,,,,,,,N*30
$GPGGA,125555.00,,,,,0,00,99.99,,,,,,*65
$GPGSA,A,1,,,,,,,,,,,,,99.99,99.99,99.99*30
$GPGSV,4,1,13,05,29,107,,10,06,320,,12,28,138,,13,01,053,*76
$GPGSV,4,2,13,15,30,035,,18,63,267,,20,02,128,,23,40,345,*7F
$GPGSV,4,3,13,24,63,023,,25,20,175,,28,01,218,,29,13,200,*73
$GPGSV,4,4,13,32,10,273,*4D
$GPGLL,,,,,125555.00,V,N*49
20:55:55 | Long: Waiting... | Lat: Waiting...
$GPRMC,125556.00,V,,,,,,,060525,,,N*79
$GPVTG,,,,,,,,,N*30
$GPGGA,125556.00,,,,,0,00,99.99,,,,,,*66
$GPGSA,A,1,,,,,,,,,,,,,99.99,99.99,99.99*30
$GPGSV,4,1,13,05,29,107,,10,06,320,,12,28,138,,13,01,053,*76
$GPGSV,4,2,13,15,30,035,,18,63,267,,20,02,128,,23,40,345,*7F
$GPGSV,4,3,13,24,63,023,,25,20,175,,28,01,218,,29,13,200,*73
$GPGSV,4,4,13,32,10,273,*4D
$GPGLL,,,,,125556.00,V,N*4A
20:55:56 | Long: Waiting... | Lat: Waiting...
$GPRMC,125557.00,V,,,,,,,060525,,,N*78
$GPVTG,,,,,,,,,N*30
$GPGGA,125557.00,,,,,0,00,99.99,,,,,,*67
$GPGSA,A,1,,,,,,,,,,,,,99.99,99.99,99.99*30
$GPGSV,4,1,13,05,29,107,,10,06,320,,12,28,138,,13,01,053,*76
$GPGSV,4,2,13,15,30,035,,18,63,267,,20,02,128,,23,40,345,*7F
$GPGSV,4,3,13,24,63,023,,25,20,175,,28,01,218,,29,13,200,*73
$GPGSV,4,4,13,32,10,273,*4D
$GPGLL,,,,,125557.00,V,N*4B
20:55:57 | Long: Waiting... | Lat: Waiting...
$GPRMC,125558.00,V,,,,,,,060525,,,N*77
$GPVTG,,,,,,,,,N*30
$GPGGA,125558.00,,,,,0,00,99.99,,,,,,*68
$GPGSA,A,1,,,,,,,,,,,,,99.99,99.99,99.99*30
$GPGSV,4,1,13,05,29,107,,10,06,320,,12,28,138,,13,01,053,*76
$GPGSV,4,2,13,15,30,035,,18,63,267,,20,02,128,,23,40,345,*7F
$GPGSV,4,3,13,24,63,023,,25,20,175,,28,01,218,,29,13,200,*73
$GPGSV,4,4,13,32,10,273,*4D
$GPGLL,,,,,125558.00,V,N*44
20:55:58 | Long: Waiting... | Lat: Waiting...
$GPRMC,125559.00,V,,,,,,,060525,,,N*76
$GPVTG,,,,,,,,,N*30
$GPGGA,125559.00,,,,,0,00,99.99,,,,,,*69
$GPGSA,A,1,,,,,,,,,,,,,99.99,99.99,99.99*30
$GPGSV,4,1,13,05,29,107,,10,06,320,,12,28,138,22,13,01,053,*76
$GPGSV,4,2,13,15,30,035,,18,63,267,,20,02,128,,23,40,345,*7F
$GPGSV,4,3,13,24,63,023,,25,20,175,,28,01,218,,29,13,200,*73
$GPGSV,4,4,13,32,10,273,*4D
$GPGLL,,,,,125559.00,V,N*45
20:55:59 | Long: Waiting... | Lat: Waiting...
$GPRMC,125600.00,V,,,,,,,060525,,,N*79
$GPVTG,,,,,,,,,N*30
$GPGGA,125600.00,,,,,0,00,99.99,,,,,,*66
$GPGSA,A,1,,,,,,,,,,,,,99.99,99.99,99.99*30
$GPGSV,4,1,13,05,29,107,,10,06,320,,12,28,138,,13,01,053,*76
$GPGSV,4,2,13,15,30,035,,18,63,267,,20,02,128,,23,40,345,*7F
$GPGSV,4,3,13,24,63,023,,25,20,175,,28,01,218,,29,13,200,*73
$GPGSV,4,4,13,32,10,273,*4D
$GPGLL,,,,,125600.00,V,N*4A
20:56:00 | Long: Waiting... | Lat: Waiting...
$GPRMC,125601.00,V,,,,,,,060525,,,N*78
$GPVTG,,,,,,,,,N*30
$GPGGA,125601.00,,,,,0,00,99.99,,,,,,*67
$GPGSA,A,1,,,,,,,,,,,,,99.99,99.99,99.99*30
$GPGSV,4,1,13,05,29,107,,10,06,320,,12,28,138,,13,01,053,*76
$GPGSV,4,2,13,15,30,035,,18,63,267,,20,02,128,,23,40,345,*7F
$GPGSV,4,3,13,24,63,023,,25,20,175,,28,01,218,,29,13,200,*73
$GPGSV,4,4,13,32,10,273,*4D
$GPGLL,,,,,125601.00,V,N*4B
20:56:01 | Long: Waiting... | Lat: Waiting...
$GPRMC,125602.00,V,,,,,,,060525,,,N*7B
$GPVTG,,,,,,,,,N*30
$GPGGA,125602.00,,,,,0,00,99.99,,,,,,*64
$GPGSA,A,1,,,,,,,,,,,,,99.99,99.99,99.99*30
$GPGSV,4,1,13,05,29,107,,10,06,320,,12,28,138,,13,01,053,*76
$GPGSV,4,2,13,15,30,035,,18,63,267,,20,02,128,,23,40,345,*7F
$GPGSV,4,3,13,24,63,023,,25,20,175,,28,01,218,,29,13,200,*73
$GPGSV,4,4,13,32,10,273,*4D
$GPGLL,,,,,125602.00,V,N*48
20:56:02 | Long: Waiting... | Lat: Waiting...
$GPRMC,125603.00,V,,,,,,,060525,,,N*7A
$GPVTG,,,,,,,,,N*30
$GPGGA,125603.00,,,,,0,00,99.99,,,,,,*65
$GPGSA,A,1,,,,,,,,,,,,,99.99,99.99,99.99*30
$GPGSV,4,1,13,05,29,107,,10,06,320,,12,28,138,,13,01,053,*76
$GPGSV,4,2,13,15,30,035,,18,63,267,,20,02,128,,23,40,345,*7F
$GPGSV,4,3,13,24,63,023,,25,20,175,,28,01,218,,29,13,200,*73
$GPGSV,4,4,13,32,10,273,*4D
$GPGLL,,,,,125603.00,V,N*49
20:56:03 | Long: Waiting... | Lat: Waiting...
$GPRMC,125604.00,V,,,,,,,060525,,,N*7D
$GPVTG,,,,,,,,,N*30
$GPGGA,125604.00,,,,,0,00,99.99,,,,,,*62
$GPGSA,A,1,,,,,,,,,,,,,99.99,99.99,99.99*30
$GPGSV,4,1,13,05,29,107,,10,06,320,,12,28,138,,13,01,053,*76
$GPGSV,4,2,13,15,30,035,,18,63,267,,20,02,128,,23,40,345,*7F
$GPGSV,4,3,13,24,63,023,,25,20,175,,28,01,218,,29,13,200,*73
$GPGSV,4,4,13,32,10,273,*4D
$GPGLL,,,,,125604.00,V,N*4E
20:56:04 | Long: Waiting... | Lat: Waiting...
$GPRMC,125605.00,V,,,,,,,060525,,,N*7C
$GPVTG,,,,,,,,,N*30
$GPGGA,125605.00,,,,,0,00,99.99,,,,,,*63
$GPGSA,A,1,,,,,,,,,,,,,99.99,99.99,99.99*30
$GPGSV,4,1,13,05,29,108,,10,06,320,,12,28,138,,13,01,053,*79
$GPGSV,4,2,13,15,30,035,,18,63,267,,20,02,128,,23,40,345,*7F
$GPGSV,4,3,13,24,63,023,,25,20,175,,28,01,218,,29,13,200,*73
$GPGSV,4,4,13,32,10,273,*4D
$GPGLL,,,,,125605.00,V,N*4F
20:56:05 | Long: Waiting... | Lat: Waiting...
$GPRMC,125606.00,V,,,,,,,060525,,,N*7F
$GPVTG,,,,,,,,,N*30
$GPGGA,125606.00,,,,,0,00,99.99,,,,,,*60
$GPGSA,A,1,,,,,,,,,,,,,99.99,99.99,99.99*30
$GPGSV,4,1,13,05,29,108,,10,06,320,,12,28,138,,13,01,053,22*79
$GPGSV,4,2,13,15,30,035,,18,63,267,,20,02,128,,23,40,345,*7F
$GPGSV,4,3,13,24,63,023,,25,20,175,,28,01,218,,29,13,200,*73
$GPGSV,4,4,13,32,10,273,*4D
$GPGLL,,,,,125606.00,V,N*4C
20:56:06 | Long: Waiting... | Lat: Waiting...
$GPRMC,125607.00,V,,,,,,,060525,,,N*7E
$GPVTG,,,,,,,,,N*30
$GPGGA,125607.00,,,,,0,00,99.99,,,,,,*61
$GPGSA,A,1,,,,,,,,,,,,,99.99,99.99,99.99*30
$GPGSV,4,1,13,05,29,108,,10,06,320,,12,28,138,,13,01,053,*79
$GPGSV,4,2,13,15,30,035,,18,63,267,,20,02,128,,23,40,345,*7F
$GPGSV,4,3,13,24,63,023,,25,20,175,,28,01,218,,29,13,200,*73
$GPGSV,4,4,13,32,10,273,*4D
$GPGLL,,,,,125607.00,V,N*4D
20:56:07 | Long: Waiting... | Lat: Waiting...
$GPRMC,125608.00,V,,,,,,,060525,,,N*71
$GPVTG,,,,,,,,,N*30
$GPGGA,125608.00,,,,,0,00,99.99,,,,,,*6E
$GPGSA,A,1,,,,,,,,,,,,,99.99,99.99,99.99*30
$GPGSV,4,1,13,05,29,108,,10,06,320,,12,28,138,,13,01,053,*79
$GPGSV,4,2,13,15,30,035,,18,63,267,,20,02,128,,23,40,345,*7F
$GPGSV,4,3,13,24,63,023,,25,20,175,,28,01,218,,29,13,200,*73
$GPGSV,4,4,13,32,10,273,*4D
$GPGLL,,,,,125608.00,V,N*42
20:56:08 | Long: Waiting... | Lat: Waiting...
$GPRMC,125609.00,V,,,,,,,060525,,,N*70
$GPVTG,,,,,,,,,N*30
$GPGGA,125609.00,,,,,0,00,99.99,,,,,,*6F
$GPGSA,A,1,,,,,,,,,,,,,99.99,99.99,99.99*30
$GPGSV,4,1,13,05,29,108,,10,06,320,,12,28,138,,13,01,053,*79
$GPGSV,4,2,13,15,30,035,,18,63,267,,20,02,128,,23,40,345,*7F
$GPGSV,4,3,13,24,63,023,,25,20,175,,28,01,218,,29,13,200,*73
$GPGSV,4,4,13,32,10,273,*4D
$GPGLL,,,,,125609.00,V,N*43
20:56:09 | Long: Waiting... | Lat: Waiting...
$GPRMC,125610.00,V,,,,,,,060525,,,N*78
$GPVTG,,,,,,,,,N*30
$GPGGA,125610.00,,,,,0,00,99.99,,,,,,*67
$GPGSA,A,1,,,,,,,,,,,,,99.99,99.99,99.99*30
$GPGSV,4,1,13,05,29,108,,10,06,320,,12,28,138,,13,01,053,*79
$GPGSV,4,2,13,15,30,035,24,18,63,267,,20,02,128,,23,40,345,*79
$GPGSV,4,3,13,24,63,023,,25,20,175,,28,01,218,,29,13,200,*73
$GPGSV,4,4,13,32,10,273,*4D
$GPGLL,,,,,125610.00,V,N*4B
20:56:10 | Long: Waiting... | Lat: Waiting...
$GPRMC,125611.00,V,,,,,,,060525,,,N*79
$GPVTG,,,,,,,,,N*30
$GPGGA,125611.00,,,,,0,00,99.99,,,,,,*66
$GPGSA,A,1,,,,,,,,,,,,,99.99,99.99,99.99*30
$GPGSV,4,1,13,05,29,108,,10,06,320,,12,28,138,,13,01,053,*79
$GPGSV,4,2,13,15,30,035,,18,63,267,,20,02,128,,23,40,345,*7F
$GPGSV,4,3,13,24,63,023,,25,20,175,,28,01,218,,29,13,200,*73
$GPGSV,4,4,13,32,10,273,*4D
$GPGLL,,,,,125611.00,V,N*4A
20:56:11 | Long: Waiting... | Lat: Waiting...
$GPRMC,125612.00,V,,,,,,,060525,,,N*7A
$GPVTG,,,,,,,,,N*30
$GPGGA,125612.00,,,,,0,00,99.99,,,,,,*65
$GPGSA,A,1,,,,,,,,,,,,,99.99,99.99,99.99*30
$GPGSV,4,1,13,05,29,108,,10,06,320,,12,28,138,,13,01,053,*79
$GPGSV,4,2,13,15,30,035,,18,63,266,,20,02,128,,23,40,345,*7E
$GPGSV,4,3,13,24,63,023,,25,20,175,,28,01,218,,29,13,200,*73
$GPGSV,4,4,13,32,10,273,*4D
$GPGLL,,,,,125612.00,V,N*49
20:56:12 | Long: Waiting... | Lat: Waiting...
$GPRMC,125613.00,V,,,,,,,060525,,,N*7B
$GPVTG,,,,,,,,,N*30
$GPGGA,125613.00,,,,,0,00,99.99,,,,,,*64
$GPGSA,A,1,,,,,,,,,,,,,99.99,99.99,99.99*30
$GPGSV,4,1,13,05,29,108,,10,06,320,,12,28,138,,13,01,053,*79
$GPGSV,4,2,13,15,30,035,,18,63,266,,20,02,128,,23,40,345,*7E
$GPGSV,4,3,13,24,63,023,,25,20,175,,28,01,218,,29,13,200,*73
$GPGSV,4,4,13,32,10,273,*4D
$GPGLL,,,,,125613.00,V,N*48
20:56:13 | Long: Waiting... | Lat: Waiting...
$GPRMC,125614.00,V,,,,,,,060525,,,N*7C
$GPVTG,,,,,,,,,N*30
$GPGGA,125614.00,,,,,0,00,99.99,,,,,,*63
$GPGSA,A,1,,,,,,,,,,,,,99.99,99.99,99.99*30
$GPGSV,4,1,13,05,29,108,,10,06,320,,12,28,138,,13,01,053,*79
$GPGSV,4,2,13,15,30,035,,18,63,266,,20,02,128,,23,40,346,*7D
$GPGSV,4,3,13,24,63,023,,25,20,175,,28,01,218,,29,13,200,*73
$GPGSV,4,4,13,32,10,273,*4D
$GPGLL,,,,,125614.00,V,N*4F
20:56:14 | Long: Waiting... | Lat: Waiting...
$GPRMC,125615.00,V,,,,,,,060525,,,N*7D
$GPVTG,,,,,,,,,N*30
$GPGGA,125615.00,,,,,0,00,99.99,,,,,,*62
$GPGSA,A,1,,,,,,,,,,,,,99.99,99.99,99.99*30
$GPGSV,4,1,13,05,29,108,,10,06,320,,12,28,138,,13,01,053,*79
$GPGSV,4,2,13,15,30,035,,18,63,266,28,20,02,128,,23,40,346,*77
$GPGSV,4,3,13,24,63,023,,25,20,175,,28,01,218,,29,13,200,*73
$GPGSV,4,4,13,32,10,273,*4D
$GPGLL,,,,,125615.00,V,N*4E
20:56:15 | Long: Waiting... | Lat: Waiting...
$GPRMC,125616.00,V,,,,,,,060525,,,N*7E
$GPVTG,,,,,,,,,N*30
$GPGGA,125616.00,,,,,0,00,99.99,,,,,,*61
$GPGSA,A,1,,,,,,,,,,,,,99.99,99.99,99.99*30
$GPGSV,4,1,13,05,29,108,,10,06,320,,12,28,138,,13,01,053,*79
$GPGSV,4,2,13,15,30,035,,18,63,266,,20,02,128,,23,40,346,*7D
$GPGSV,4,3,13,24,63,023,,25,20,175,,28,01,218,,29,13,200,*73
$GPGSV,4,4,13,32,10,273,*4D
$GPGLL,,,,,125616.00,V,N*4D
20:56:16 | Long: Waiting... | Lat: Waiting...
$GPRMC,125617.00,V,,,,,,,060525,,,N*7F
$GPVTG,,,,,,,,,N*30
$GPGGA,125617.00,,,,,0,00,99.99,,,,,,*60
$GPGSA,A,1,,,,,,,,,,,,,99.99,99.99,99.99*30
$GPGSV,4,1,13,05,29,108,,10,06,320,,12,28,138,,13,01,053,*79
$GPGSV,4,2,13,15,30,035,,18,63,266,,20,02,128,,23,40,346,*7D
$GPGSV,4,3,13,24,63,023,,25,20,175,,28,02,218,,29,12,200,*71
$GPGSV,4,4,13,32,10,273,*4D
$GPGLL,,,,,125617.00,V,N*4C
20:56:17 | Long: Waiting... | Lat: Waiting...
$GPRMC,125618.00,V,,,,,,,060525,,,N*70
$GPVTG,,,,,,,,,N*30
$GPGGA,125618.00,,,,,0,00,99.99,,,,,,*6F
$GPGSA,A,1,,,,,,,,,,,,,99.99,99.99,99.99*30
$GPGSV,4,1,13,05,29,108,,10,06,320,,12,28,138,,13,01,053,*79
$GPGSV,4,2,13,15,30,035,,18,63,266,,20,02,128,29,23,40,346,*76
$GPGSV,4,3,13,24,63,023,,25,20,175,,28,02,218,,29,12,200,*71
$GPGSV,4,4,13,32,10,273,*4D
$GPGLL,,,,,125618.00,V,N*43
20:56:18 | Long: Waiting... | Lat: Waiting...
$GPRMC,125619.00,V,,,,,,,060525,,,N*71
$GPVTG,,,,,,,,,N*30
$GPGGA,125619.00,,,,,0,00,99.99,,,,,,*6E
$GPGSA,A,1,,,,,,,,,,,,,99.99,99.99,99.99*30
$GPGSV,4,1,13,05,29,108,,10,06,320,,12,28,138,,13,01,053,*79
$GPGSV,4,2,13,15,30,035,,18,63,266,,20,02,128,,23,40,346,*7D
$GPGSV,4,3,13,24,63,023,,25,20,175,,28,02,218,,29,12,200,*71
$GPGSV,4,4,13,32,10,273,*4D
$GPGLL,,,,,125619.00,V,N*42
20:56:19 | Long: Waiting... | Lat: Waiting...
$GPRMC,125620.00,V,,,,,,,060525,,,N*7B
$GPVTG,,,,,,,,,N*30
$GPGGA,125620.00,,,,,0,00,99.99,,,,,,*64
$GPGSA,A,1,,,,,,,,,,,,,99.99,99.99,99.99*30
$GPGSV,4,1,13,05,29,108,,10,06,320,,12,28,138,,13,01,053,*79
$GPGSV,4,2,13,15,30,035,,18,63,266,,20,02,128,,23,40,346,*7D
$GPGSV,4,3,13,24,63,023,,25,20,175,,28,02,218,,29,12,200,*71
$GPGSV,4,4,13,32,10,273,*4D
$GPGLL,,,,,125620.00,V,N*48
20:56:20 | Long: Waiting... | Lat: Waiting...
$GPRMC,125621.00,V,,,,,,,060525,,,N*7A
$GPVTG,,,,,,,,,N*30
$GPGGA,125621.00,,,,,0,00,99.99,,,,,,*65
$GPGSA,A,1,,,,,,,,,,,,,99.99,99.99,99.99*30
$GPGSV,4,1,14,04,,,27,05,29,108,,10,06,320,,12,28,138,*4A
$GPGSV,4,2,14,13,01,053,,15,30,035,,18,63,266,,20,02,128,*7B
$GPGSV,4,3,14,23,40,346,,24,63,023,,25,20,175,,28,02,218,*78
$GPGSV,4,4,14,29,12,200,,32,10,273,*70
$GPGLL,,,,,125621.00,V,N*49
20:56:21 | Long: Waiting... | Lat: Waiting...
$GPRMC,125622.00,V,,,,,,,060525,,,N*79
$GPVTG,,,,,,,,,N*30
$GPGGA,125622.00,,,,,0,00,99.99,,,,,,*66
$GPGSA,A,1,,,,,,,,,,,,,99.99,99.99,99.99*30
$GPGSV,4,1,14,04,,,24,05,29,108,,10,06,320,,12,28,138,*49
$GPGSV,4,2,14,13,01,053,,15,30,035,,18,63,266,,20,02,128,*7B
$GPGSV,4,3,14,23,40,346,,24,63,023,,25,20,175,,28,02,218,*78
$GPGSV,4,4,14,29,12,200,,32,10,273,*70
$GPGLL,,,,,125622.00,V,N*4A
20:56:22 | Long: Waiting... | Lat: Waiting...
$GPRMC,125623.00,V,,,,,,,060525,,,N*78
$GPVTG,,,,,,,,,N*30
$GPGGA,125623.00,,,,,0,00,99.99,,,,,,*67
$GPGSA,A,1,,,,,,,,,,,,,99.99,99.99,99.99*30
$GPGSV,4,1,14,04,,,20,05,29,108,,10,06,320,,12,28,138,*4D
$GPGSV,4,2,14,13,01,053,,15,30,035,,18,63,266,,20,02,128,*7B
$GPGSV,4,3,14,23,40,346,23,24,63,023,,25,20,175,,28,02,218,*79
$GPGSV,4,4,14,29,12,200,,32,10,273,*70
$GPGLL,,,,,125623.00,V,N*4B
20:56:23 | Long: Waiting... | Lat: Waiting...
$GPRMC,125624.00,V,,,,,,,060525,,,N*7F
$GPVTG,,,,,,,,,N*30
$GPGGA,125624.00,,,,,0,00,99.99,,,,,,*60
$GPGSA,A,1,,,,,,,,,,,,,99.99,99.99,99.99*30
$GPGSV,4,1,14,04,,,17,05,29,108,,10,06,320,,12,28,138,*49
$GPGSV,4,2,14,13,01,053,,15,30,035,,18,63,266,,20,02,128,*7B
$GPGSV,4,3,14,23,40,346,,24,63,023,,25,20,175,,28,02,218,*78
$GPGSV,4,4,14,29,12,200,,32,10,273,*70
$GPGLL,,,,,125624.00,V,N*4C
20:56:24 | Long: Waiting... | Lat: Waiting...
$GPRMC,125625.00,V,,,,,,,060525,,,N*7E
$GPVTG,,,,,,,,,N*30
$GPGGA,125625.00,,,,,0,00,99.99,,,,,,*61
$GPGSA,A,1,,,,,,,,,,,,,99.99,99.99,99.99*30
$GPGSV,4,1,14,04,,,10,05,29,108,,10,06,320,,12,28,138,*4E
$GPGSV,4,2,14,13,01,053,,15,30,035,,18,63,266,,20,02,128,*7B
$GPGSV,4,3,14,23,40,346,,24,63,023,,25,20,175,,28,02,218,*78
$GPGSV,4,4,14,29,12,200,,32,10,273,*70
$GPGLL,,,,,125625.00,V,N*4D
20:56:25 | Long: Waiting... | Lat: Waiting...
$GPRMC,125626.00,V,,,,,,,060525,,,N*7D
$GPVTG,,,,,,,,,N*30
$GPGGA,125626.00,,,,,0,00,99.99,,,,,,*62
$GPGSA,A,1,,,,,,,,,,,,,99.99,99.99,99.99*30
$GPGSV,4,1,14,04,,,09,05,29,108,,10,06,320,,12,28,138,*46
$GPGSV,4,2,14,13,01,053,,15,30,035,,18,63,266,,20,02,128,*7B
$GPGSV,4,3,14,23,40,346,,24,63,023,,25,20,175,,28,02,218,*78
$GPGSV,4,4,14,29,12,200,,32,10,273,*70
$GPGLL,,,,,125626.00,V,N*4E
20:56:26 | Long: Waiting... | Lat: Waiting...
$GPRMC,125627.00,V,,,,,,,060525,,,N*7C
$GPVTG,,,,,,,,,N*30
$GPGGA,125627.00,,,,,0,00,99.99,,,,,,*63
$GPGSA,A,1,,,,,,,,,,,,,99.99,99.99,99.99*30
$GPGSV,4,1,14,04,,,08,05,29,108,,10,06,320,,12,28,138,*47
$GPGSV,4,2,14,13,01,053,,15,30,035,,18,63,266,,20,02,128,*7B
$GPGSV,4,3,14,23,40,346,,24,63,023,,25,20,175,,28,02,218,*78
$GPGSV,4,4,14,29,12,200,,32,10,273,*70
$GPGLL,,,,,125627.00,V,N*4F
20:56:27 | Long: Waiting... | Lat: Waiting...
$GPRMC,125628.00,V,,,,,,,060525,,,N*73
$GPVTG,,,,,,,,,N*30
$GPGGA,125628.00,,,,,0,00,99.99,,,,,,*6C
$GPGSA,A,1,,,,,,,,,,,,,99.99,99.99,99.99*30
$GPGSV,4,1,13,05,29,108,,10,06,320,,12,28,138,,13,01,053,*79
$GPGSV,4,2,13,15,30,035,,18,63,266,,20,02,128,,23,40,346,*7D
$GPGSV,4,3,13,24,63,023,28,25,20,175,,28,02,218,,29,12,200,*7B
$GPGSV,4,4,13,32,10,273,*4D
$GPGLL,,,,,125628.00,V,N*40
20:56:28 | Long: Waiting... | Lat: Waiting...
$GPRMC,125629.00,V,,,,,,,060525,,,N*72
$GPVTG,,,,,,,,,N*30
$GPGGA,125629.00,,,,,0,00,99.99,,,,,,*6D
$GPGSA,A,1,,,,,,,,,,,,,99.99,99.99,99.99*30
$GPGSV,4,1,13,05,29,108,,10,06,320,,12,28,138,,13,01,053,*79
$GPGSV,4,2,13,15,30,035,,18,63,266,,20,02,128,,23,40,346,*7D
$GPGSV,4,3,13,24,63,023,,25,20,175,,28,02,218,,29,12,200,*71
$GPGSV,4,4,13,32,10,273,*4D
$GPGLL,,,,,125629.00,V,N*41
20:56:29 | Long: Waiting... | Lat: Waiting...
$GPRMC,125630.00,V,,,,,,,060525,,,N*7A
$GPVTG,,,,,,,,,N*30
$GPGGA,125630.00,,,,,0,00,99.99,,,,,,*65
$GPGSA,A,1,,,,,,,,,,,,,99.99,99.99,99.99*30
$GPGSV,4,1,13,05,29,108,,10,06,320,,12,28,138,,13,01,053,*79
$GPGSV,4,2,13,15,30,035,,18,63,266,,20,02,128,,23,40,346,*7D
$GPGSV,4,3,13,24,63,023,,25,20,175,,28,02,218,,29,12,200,*71
$GPGSV,4,4,13,32,10,273,*4D
$GPGLL,,,,,125630.00,V,N*49
20:56:30 | Long: Waiting... | Lat: Waiting...
$GPRMC,125631.00,V,,,,,,,060525,,,N*7B
$GPVTG,,,,,,,,,N*30
$GPGGA,125631.00,,,,,0,00,99.99,,,,,,*64
$GPGSA,A,1,,,,,,,,,,,,,99.99,99.99,99.99*30
$GPGSV,4,1,13,05,29,108,,10,06,320,,12,28,138,,13,01,053,*79
$GPGSV,4,2,13,15,30,035,,18,63,266,,20,02,128,,23,40,346,*7D
$GPGSV,4,3,13,24,63,023,,25,20,175,,28,02,218,,29,12,200,*71
$GPGSV,4,4,13,32,10,273,*4D
$GPGLL,,,,,125631.00,V,N*48
20:56:31 | Long: Waiting... | Lat: Waiting...
$GPRMC,125632.00,V,,,,,,,060525,,,N*78
$GPVTG,,,,,,,,,N*30
$GPGGA,125632.00,,,,,0,00,99.99,,,,,,*67
$GPGSA,A,1,,,,,,,,,,,,,99.99,99.99,99.99*30
$GPGSV,4,1,13,05,29,108,,10,06,320,,12,28,138,,13,01,053,*79
$GPGSV,4,2,13,15,30,035,,18,63,266,,20,02,128,,23,40,346,*7D
$GPGSV,4,3,13,24,63,023,,25,20,175,,28,02,218,,29,12,200,*71
$GPGSV,4,4,13,32,10,273,*4D
$GPGLL,,,,,125632.00,V,N*4B
20:56:32 | Long: Waiting... | Lat: Waiting...
$GPRMC,125633.00,V,,,,,,,060525,,,N*79
$GPVTG,,,,,,,,,N*30
$GPGGA,125633.00,,,,,0,00,99.99,,,,,,*66
$GPGSA,A,1,,,,,,,,,,,,,99.99,99.99,99.99*30
$GPGSV,4,1,13,05,29,108,,10,06,320,,12,28,138,,13,01,053,*79
$GPGSV,4,2,13,15,30,035,,18,63,266,,20,02,128,,23,40,346,*7D
$GPGSV,4,3,13,24,63,023,,25,20,175,,28,02,218,,29,12,200,*71
$GPGSV,4,4,13,32,10,273,*4D
$GPGLL,,,,,125633.00,V,N*4A
20:56:33 | Long: Waiting... | Lat: Waiting...
$GPRMC,125634.00,V,,,,,,,060525,,,N*7E
$GPVTG,,,,,,,,,N*30
$GPGGA,125634.00,,,,,0,00,99.99,,,,,,*61
$GPGSA,A,1,,,,,,,,,,,,,99.99,99.99,99.99*30
$GPGSV,4,1,13,05,29,108,,10,06,320,,12,28,138,,13,01,053,*79
$GPGSV,4,2,13,15,30,035,,18,63,266,,20,02,128,,23,40,346,*7D
$GPGSV,4,3,13,24,63,023,,25,20,175,,28,02,218,,29,12,200,*71
$GPGSV,4,4,13,32,10,273,*4D
$GPGLL,,,,,125634.00,V,N*4D
20:56:34 | Long: Waiting... | Lat: Waiting...
$GPRMC,125635.00,V,,,,,,,060525,,,N*7F
$GPVTG,,,,,,,,,N*30
$GPGGA,125635.00,,,,,0,00,99.99,,,,,,*60
$GPGSA,A,1,,,,,,,,,,,,,99.99,99.99,99.99*30
$GPGSV,4,1,13,05,29,108,,10,06,320,,12,28,138,,13,01,053,*79
$GPGSV,4,2,13,15,30,035,,18,63,266,,20,02,128,,23,40,346,*7D
$GPGSV,4,3,13,24,63,023,,25,20,175,,28,02,218,,29,12,200,*71
$GPGSV,4,4,13,32,10,273,*4D
$GPGLL,,,,,125635.00,V,N*4C
20:56:35 | Long: Waiting... | Lat: Waiting...
$GPRMC,125636.00,V,,,,,,,060525,,,N*7C
$GPVTG,,,,,,,,,N*30
$GPGGA,125636.00,,,,,0,00,99.99,,,,,,*63
$GPGSA,A,1,,,,,,,,,,,,,99.99,99.99,99.99*30
$GPGSV,4,1,13,05,29,108,,10,06,320,,12,28,138,,13,01,053,*79
$GPGSV,4,2,13,15,30,035,,18,63,266,,20,02,128,,23,40,346,*7D
$GPGSV,4,3,13,24,63,023,,25,20,175,,28,02,218,,29,12,200,*71
$GPGSV,4,4,13,32,10,273,*4D
$GPGLL,,,,,125636.00,V,N*4F
20:56:36 | Long: Waiting... | Lat: Waiting...
$GPRMC,125637.00,V,,,,,,,060525,,,N*7D
$GPVTG,,,,,,,,,N*30
$GPGGA,125637.00,,,,,0,00,99.99,,,,,,*62
$GPGSA,A,1,,,,,,,,,,,,,99.99,99.99,99.99*30
$GPGSV,4,1,13,05,29,108,,10,06,320,,12,28,138,,13,01,053,*79
$GPGSV,4,2,13,15,30,035,,18,63,266,,20,02,128,,23,40,346,*7D
$GPGSV,4,3,13,24,63,023,,25,20,175,,28,02,218,26,29,12,200,*75
$GPGSV,4,4,13,32,10,273,*4D
$GPGLL,,,,,125637.00,V,N*4E
20:56:37 | Long: Waiting... | Lat: Waiting...
$GPRMC,125638.00,V,,,,,,,060525,,,N*72
$GPVTG,,,,,,,,,N*30
$GPGGA,125638.00,,,,,0,00,99.99,,,,,,*6D
$GPGSA,A,1,,,,,,,,,,,,,99.99,99.99,99.99*30
$GPGSV,4,1,13,05,29,108,,10,06,320,,12,28,138,,13,01,053,*79
$GPGSV,4,2,13,15,30,035,,18,63,266,,20,02,128,,23,40,346,*7D
$GPGSV,4,3,13,24,63,023,,25,20,175,,28,02,218,,29,12,200,*71
$GPGSV,4,4,13,32,10,273,*4D
$GPGLL,,,,,125638.00,V,N*41
20:56:38 | Long: Waiting... | Lat: Waiting...
$GPRMC,125639.00,V,,,,,,,060525,,,N*73
$GPVTG,,,,,,,,,N*30
$GPGGA,125639.00,,,,,0,00,99.99,,,,,,*6C
$GPGSA,A,1,,,,,,,,,,,,,99.99,99.99,99.99*30
$GPGSV,4,1,13,05,29,108,,10,06,320,,12,28,138,,13,01,053,*79
$GPGSV,4,2,13,15,30,035,,18,63,266,,20,02,128,,23,40,346,*7D
$GPGSV,4,3,13,24,63,023,,25,20,175,,28,02,218,,29,12,200,*71
$GPGSV,4,4,13,32,10,273,*4D
$GPGLL,,,,,125639.00,V,N*40
20:56:39 | Long: Waiting... | Lat: Waiting...
$GPRMC,125640.00,V,,,,,,,060525,,,N*7D
$GPVTG,,,,,,,,,N*30
$GPGGA,125640.00,,,,,0,00,99.99,,,,,,*62
$GPGSA,A,1,,,,,,,,,,,,,99.99,99.99,99.99*30
$GPGSV,4,1,13,05,29,108,,10,06,320,,12,28,138,,13,01,053,*79
$GPGSV,4,2,13,15,30,035,,18,63,266,,20,02,128,,23,40,346,*7D
$GPGSV,4,3,13,24,63,023,,25,20,175,,28,02,218,,29,12,200,*71
$GPGSV,4,4,13,32,10,273,*4D
$GPGLL,,,,,125640.00,V,N*4E
20:56:40 | Long: Waiting... | Lat: Waiting...
$GPRMC,125641.00,V,,,,,,,060525,,,N*7C
$GPVTG,,,,,,,,,N*30
$GPGGA,125641.00,,,,,0,00,99.99,,,,,,*63
$GPGSA,A,1,,,,,,,,,,,,,99.99,99.99,99.99*30
$GPGSV,4,1,13,05,29,108,,10,06,320,,12,28,138,,13,01,053,*79
$GPGSV,4,2,13,15,30,035,,18,63,266,,20,02,128,,23,40,346,*7D
$GPGSV,4,3,13,24,63,023,,25,20,175,,28,02,218,,29,12,200,*71
$GPGSV,4,4,13,32,10,273,*4D
$GPGLL,,,,,125641.00,V,N*4F
20:56:41 | Long: Waiting... | Lat: Waiting...
$GPRMC,125642.00,V,,,,,,,060525,,,N*7F
$GPVTG,,,,,,,,,N*30
$GPGGA,125642.00,,,,,0,00,99.99,,,,,,*60
$GPGSA,A,1,,,,,,,,,,,,,99.99,99.99,99.99*30
$GPGSV,4,1,13,05,29,108,,10,06,320,,12,28,138,,13,01,053,*79
$GPGSV,4,2,13,15,30,035,,18,63,266,,20,02,128,,23,40,346,*7D
$GPGSV,4,3,13,24,63,023,,25,20,175,,28,02,218,,29,12,200,*71
$GPGSV,4,4,13,32,10,273,*4D
$GPGLL,,,,,125642.00,V,N*4C
20:56:42 | Long: Waiting... | Lat: Waiting...
$GPRMC,125643.00,V,,,,,,,060525,,,N*7E
$GPVTG,,,,,,,,,N*30
$GPGGA,125643.00,,,,,0,00,99.99,,,,,,*61
$GPGSA,A,1,,,,,,,,,,,,,99.99,99.99,99.99*30
$GPGSV,4,1,13,05,29,108,,10,06,320,,12,28,138,,13,01,053,*79
$GPGSV,4,2,13,15,30,035,,18,63,266,,20,02,128,,23,40,346,*7D
$GPGSV,4,3,13,24,63,023,,25,20,175,,28,02,218,,29,12,200,24*77
$GPGSV,4,4,13,32,10,273,*4D
$GPGLL,,,,,125643.00,V,N*4D
20:56:43 | Long: Waiting... | Lat: Waiting...
$GPRMC,125644.00,V,,,,,,,060525,,,N*79
$GPVTG,,,,,,,,,N*30
$GPGGA,125644.00,,,,,0,00,99.99,,,,,,*66
$GPGSA,A,1,,,,,,,,,,,,,99.99,99.99,99.99*30
$GPGSV,4,1,13,05,29,108,,10,06,320,,12,28,138,,13,01,053,*79
$GPGSV,4,2,13,15,30,035,,18,63,266,,20,02,128,,23,40,346,*7D
$GPGSV,4,3,13,24,63,023,,25,20,175,,28,02,218,,29,12,200,*71
$GPGSV,4,4,13,32,10,273,*4D
$GPGLL,,,,,125644.00,V,N*4A
20:56:44 | Long: Waiting... | Lat: Waiting...
$GPRMC,125645.00,V,,,,,,,060525,,,N*78
$GPVTG,,,,,,,,,N*30
$GPGGA,125645.00,,,,,0,00,99.99,,,,,,*67
$GPGSA,A,1,,,,,,,,,,,,,99.99,99.99,99.99*30
$GPGSV,4,1,13,05,29,108,,10,06,320,,12,28,138,,13,01,053,*79
$GPGSV,4,2,13,15,30,035,,18,63,266,,20,02,128,,23,40,346,*7D
$GPGSV,4,3,13,24,63,023,,25,20,175,,28,02,218,,29,12,200,*71
$GPGSV,4,4,13,32,10,273,*4D
$GPGLL,,,,,125645.00,V,N*4B
20:56:45 | Long: Waiting... | Lat: Waiting...
$GPRMC,125646.00,V,,,,,,,060525,,,N*7B
$GPVTG,,,,,,,,,N*30
$GPGGA,125646.00,,,,,0,00,99.99,,,,,,*64
$GPGSA,A,1,,,,,,,,,,,,,99.99,99.99,99.99*30
$GPGSV,4,1,13,05,29,108,,10,06,320,,12,28,138,,13,01,053,*79
$GPGSV,4,2,13,15,30,035,,18,63,266,,20,02,128,,23,40,346,*7D
$GPGSV,4,3,13,24,63,023,,25,20,175,,28,02,218,,29,12,200,*71
$GPGSV,4,4,13,32,10,273,*4D
$GPGLL,,,,,125646.00,V,N*48
20:56:46 | Long: Waiting... | Lat: Waiting...
$GPRMC,125647.00,V,,,,,,,060525,,,N*7A
$GPVTG,,,,,,,,,N*30
$GPGGA,125647.00,,,,,0,00,99.99,,,,,,*65
$GPGSA,A,1,,,,,,,,,,,,,99.99,99.99,99.99*30
$GPGSV,4,1,13,05,29,108,,10,06,320,,12,28,138,,13,01,053,*79
$GPGSV,4,2,13,15,30,035,,18,63,265,,20,02,128,,23,40,346,*7E
$GPGSV,4,3,13,24,63,023,,25,20,175,,28,02,218,,29,12,200,*71
$GPGSV,4,4,13,32,10,273,28*47
$GPGLL,,,,,125647.00,V,N*49
20:56:47 | Long: Waiting... | Lat: Waiting...
$GPRMC,125648.00,V,,,,,,,060525,,,N*75
$GPVTG,,,,,,,,,N*30
$GPGGA,125648.00,,,,,0,00,99.99,,,,,,*6A
$GPGSA,A,1,,,,,,,,,,,,,99.99,99.99,99.99*30
$GPGSV,4,1,13,05,29,108,,10,06,320,,12,28,138,,13,01,053,*79
$GPGSV,4,2,13,15,30,035,,18,63,265,,20,02,128,,23,40,346,*7E
$GPGSV,4,3,13,24,63,023,,25,20,175,,28,02,218,,29,12,200,*71
$GPGSV,4,4,13,32,10,273,*4D
$GPGLL,,,,,125648.00,V,N*46
20:56:48 | Long: Waiting... | Lat: Waiting...
$GPRMC,125649.00,V,,,,,,,060525,,,N*74
$GPVTG,,,,,,,,,N*30
$GPGGA,125649.00,,,,,0,00,99.99,,,,,,*6B
$GPGSA,A,1,,,,,,,,,,,,,99.99,99.99,99.99*30
$GPGSV,4,1,13,05,29,108,,10,06,320,,12,28,138,,13,01,053,*79
$GPGSV,4,2,13,15,30,035,,18,63,265,,20,02,128,,23,40,346,*7E
$GPGSV,4,3,13,24,63,023,,25,20,175,,28,02,218,,29,12,200,*71
$GPGSV,4,4,13,32,10,273,*4D
$GPGLL,,,,,125649.00,V,N*47
20:56:49 | Long: Waiting... | Lat: Waiting...
$GPRMC,125650.00,V,,,,,,,060525,,,N*7C
$GPVTG,,,,,,,,,N*30
$GPGGA,125650.00,,,,,0,00,99.99,,,,,,*63
$GPGSA,A,1,,,,,,,,,,,,,99.99,99.99,99.99*30
$GPGSV,4,1,13,05,29,108,,10,06,320,,12,28,138,,13,01,053,*79
$GPGSV,4,2,13,15,30,035,,18,63,265,,20,02,128,,23,40,346,*7E
$GPGSV,4,3,13,24,63,023,,25,20,175,,28,02,218,,29,12,200,*71
$GPGSV,4,4,13,32,10,273,*4D
$GPGLL,,,,,125650.00,V,N*4F
20:56:50 | Long: Waiting... | Lat: Waiting...
$GPRMC,125651.00,V,,,,,,,060525,,,N*7D
$GPVTG,,,,,,,,,N*30
$GPGGA,125651.00,,,,,0,00,99.99,,,,,,*62
$GPGSA,A,1,,,,,,,,,,,,,99.99,99.99,99.99*30
$GPGSV,4,1,13,05,29,108,,10,06,320,,12,28,138,,13,01,053,*79
$GPGSV,4,2,13,15,30,035,,18,63,265,,20,02,128,,23,40,346,*7E
$GPGSV,4,3,13,24,63,023,,25,20,175,,28,02,218,,29,12,200,*71
$GPGSV,4,4,13,32,10,273,*4D
$GPGLL,,,,,125651.00,V,N*4E
20:56:51 | Long: Waiting... | Lat: Waiting...
$GPRMC,125652.00,V,,,,,,,060525,,,N*7E
$GPVTG,,,,,,,,,N*30
$GPGGA,125652.00,,,,,0,00,99.99,,,,,,*61
$GPGSA,A,1,,,,,,,,,,,,,99.99,99.99,99.99*30
$GPGSV,4,1,13,05,29,108,25,10,06,320,,12,28,138,,13,01,053,*7E
$GPGSV,4,2,13,15,30,035,,18,63,265,,20,02,128,,23,40,346,*7E
$GPGSV,4,3,13,24,63,023,,25,20,175,,28,02,218,,29,12,200,*71
$GPGSV,4,4,13,32,10,273,*4D
$GPGLL,,,,,125652.00,V,N*4D
20:56:52 | Long: Waiting... | Lat: Waiting...
$GPRMC,125653.00,V,,,,,,,060525,,,N*7F
$GPVTG,,,,,,,,,N*30
$GPGGA,125653.00,,,,,0,00,99.99,,,,,,*60
$GPGSA,A,1,,,,,,,,,,,,,99.99,99.99,99.99*30
$GPGSV,4,1,13,05,29,108,,10,06,320,,12,28,138,,13,01,053,*79
$GPGSV,4,2,13,15,30,035,,18,63,265,,20,02,128,,23,40,346,*7E
$GPGSV,4,3,13,24,63,023,,25,20,175,,28,02,218,,29,12,199,*72
$GPGSV,4,4,13,32,10,273,*4D
$GPGLL,,,,,125653.00,V,N*4C
20:56:53 | Long: Waiting... | Lat: Waiting...
$GPRMC,125654.00,V,,,,,,,060525,,,N*78
$GPVTG,,,,,,,,,N*30
$GPGGA,125654.00,,,,,0,00,99.99,,,,,,*67
$GPGSA,A,1,,,,,,,,,,,,,99.99,99.99,99.99*30
$GPGSV,4,1,13,05,29,108,,10,06,320,,12,28,138,,13,01,053,*79
$GPGSV,4,2,13,15,30,035,,18,63,265,,20,02,128,,23,40,346,*7E
$GPGSV,4,3,13,24,63,023,,25,20,175,,28,02,218,,29,12,199,*72
$GPGSV,4,4,13,32,10,274,*4A
$GPGLL,,,,,125654.00,V,N*4B
20:56:54 | Long: Waiting... | Lat: Waiting...
$GPRMC,125655.00,V,,,,,,,060525,,,N*79
$GPVTG,,,,,,,,,N*30
$GPGGA,125655.00,,,,,0,00,99.99,,,,,,*66
$GPGSA,A,1,,,,,,,,,,,,,99.99,99.99,99.99*30
$GPGSV,4,1,13,05,29,108,,10,06,320,,12,28,138,,13,01,053,*79
$GPGSV,4,2,13,15,30,035,,18,63,265,,20,02,128,,23,40,346,*7E
$GPGSV,4,3,13,24,63,023,,25,20,175,,28,02,218,,29,12,199,*72
$GPGSV,4,4,13,32,10,274,*4A
$GPGLL,,,,,125655.00,V,N*4A
20:56:55 | Long: Waiting... | Lat: Waiting...
$GPRMC,125656.00,V,,,,,,,060525,,,N*7A
$GPVTG,,,,,,,,,N*30
$GPGGA,125656.00,,,,,0,00,99.99,,,,,,*65
$GPGSA,A,1,,,,,,,,,,,,,99.99,99.99,99.99*30
$GPGSV,4,1,13,05,29,108,,10,06,320,,12,28,138,,13,01,053,*79
$GPGSV,4,2,13,15,30,035,,18,63,265,,20,02,128,,23,40,346,*7E
$GPGSV,4,3,13,24,63,023,,25,20,175,,28,02,218,,29,12,199,*72
$GPGSV,4,4,13,32,10,274,*4A
$GPGLL,,,,,125656.00,V,N*49
20:56:56 | Long: Waiting... | Lat: Waiting...
$GPRMC,125657.00,V,,,,,,,060525,,,N*7B
$GPVTG,,,,,,,,,N*30
$GPGGA,125657.00,,,,,0,00,99.99,,,,,,*64
$GPGSA,A,1,,,,,,,,,,,,,99.99,99.99,99.99*30
$GPGSV,4,1,13,05,29,108,,10,06,320,,12,28,138,,13,01,053,*79
$GPGSV,4,2,13,15,30,035,,18,63,265,,20,02,128,,23,40,346,*7E
$GPGSV,4,3,13,24,63,023,,25,20,175,,28,02,218,,29,12,199,*72
$GPGSV,4,4,13,32,10,274,*4A
$GPGLL,,,,,125657.00,V,N*48
20:56:57 | Long: Waiting... | Lat: Waiting...
$GPRMC,125658.00,V,,,,,,,060525,,,N*74
$GPVTG,,,,,,,,,N*30
$GPGGA,125658.00,,,,,0,00,99.99,,,,,,*6B
$GPGSA,A,1,,,,,,,,,,,,,99.99,99.99,99.99*30
$GPGSV,4,1,13,05,29,108,,10,06,320,,12,28,138,,13,01,053,*79
$GPGSV,4,2,13,15,30,035,,18,63,265,,20,02,128,,23,40,346,*7E
$GPGSV,4,3,13,24,63,023,,25,20,175,,28,02,218,,29,12,199,*72
$GPGSV,4,4,13,32,10,274,*4A
$GPGLL,,,,,125658.00,V,N*47
20:56:58 | Long: Waiting... | Lat: Waiting...
$GPRMC,125659.00,V,,,,,,,060525,,,N*75
$GPVTG,,,,,,,,,N*30
$GPGGA,125659.00,,,,,0,00,99.99,,,,,,*6A
$GPGSA,A,1,,,,,,,,,,,,,99.99,99.99,99.99*30
$GPGSV,4,1,13,05,29,108,,10,06,320,,12,28,138,,13,01,053,*79
$GPGSV,4,2,13,15,30,035,,18,63,265,,20,02,128,,23,40,346,*7E
$GPGSV,4,3,13,24,63,023,,25,20,175,,28,02,218,,29,12,199,*72
$GPGSV,4,4,13,32,10,274,*4A
$GPGLL,,,,,125659.00,V,N*46
20:56:59 | Long: Waiting... | Lat: Waiting...
$GPRMC,125700.00,V,,,,,,,060525,,,N*78
$GPVTG,,,,,,,,,N*30
$GPGGA,125700.00,,,,,0,00,99.99,,,,,,*67
$GPGSA,A,1,,,,,,,,,,,,,99.99,99.99,99.99*30
$GPGSV,4,1,13,05,29,108,,10,06,320,,12,28,138,,13,01,053,21*7A
$GPGSV,4,2,13,15,30,035,,18,63,265,,20,02,128,,23,40,346,*7E
$GPGSV,4,3,13,24,63,023,,25,20,175,,28,02,218,,29,12,199,*72
$GPGSV,4,4,13,32,10,274,*4A
$GPGLL,,,,,125700.00,V,N*4B
20:57:00 | Long: Waiting... | Lat: Waiting...
$GPRMC,125701.00,V,,,,,,,060525,,,N*79
$GPVTG,,,,,,,,,N*30
$GPGGA,125701.00,,,,,0,00,99.99,,,,,,*66
$GPGSA,A,1,,,,,,,,,,,,,99.99,99.99,99.99*30
$GPGSV,4,1,13,05,29,108,,10,06,320,,12,28,138,,13,01,053,*79
$GPGSV,4,2,13,15,30,035,,18,63,265,,20,02,128,,23,40,346,*7E
$GPGSV,4,3,13,24,63,023,,25,20,175,,28,02,218,,29,12,199,*72
$GPGSV,4,4,13,32,10,274,*4A
$GPGLL,,,,,125701.00,V,N*4A
20:57:01 | Long: Waiting... | Lat: Waiting...
$GPRMC,125702.00,V,,,,,,,060525,,,N*7A
$GPVTG,,,,,,,,,N*30
$GPGGA,125702.00,,,,,0,00,99.99,,,,,,*65
$GPGSA,A,1,,,,,,,,,,,,,99.99,99.99,99.99*30
$GPGSV,4,1,13,05,29,108,,10,06,320,,12,28,138,,13,01,053,*79
$GPGSV,4,2,13,15,30,035,,18,63,265,,20,02,128,,23,40,346,*7E
$GPGSV,4,3,13,24,63,023,,25,20,175,,28,02,218,,29,12,199,*72
$GPGSV,4,4,13,32,10,274,*4A
$GPGLL,,,,,125702.00,V,N*49
20:57:02 | Long: Waiting... | Lat: Waiting...
$GPRMC,125703.00,V,,,,,,,060525,,,N*7B
$GPVTG,,,,,,,,,N*30
$GPGGA,125703.00,,,,,0,00,99.99,,,,,,*64
$GPGSA,A,1,,,,,,,,,,,,,99.99,99.99,99.99*30
$GPGSV,4,1,13,05,29,108,,10,06,320,,12,28,138,,13,01,053,*79
$GPGSV,4,2,13,15,30,035,,18,63,265,,20,02,128,,23,40,346,*7E
$GPGSV,4,3,13,24,63,023,,25,20,175,,28,02,218,,29,12,199,*72
$GPGSV,4,4,13,32,10,274,*4A
$GPGLL,,,,,125703.00,V,N*48
20:57:03 | Long: Waiting... | Lat: Waiting...
$GPRMC,125704.00,V,,,,,,,060525,,,N*7C
$GPVTG,,,,,,,,,N*30
$GPGGA,125704.00,,,,,0,00,99.99,,,,,,*63
$GPGSA,A,1,,,,,,,,,,,,,99.99,99.99,99.99*30
$GPGSV,4,1,13,05,29,108,,10,06,320,,12,28,138,,13,01,053,*79
$GPGSV,4,2,13,15,30,035,,18,63,265,,20,02,128,,23,40,346,*7E
$GPGSV,4,3,13,24,63,023,,25,20,175,,28,02,218,,29,12,199,*72
$GPGSV,4,4,13,32,10,274,*4A
$GPGLL,,,,,125704.00,V,N*4F
20:57:04 | Long: Waiting... | Lat: Waiting...
$GPRMC,125705.00,V,,,,,,,060525,,,N*7D
$GPVTG,,,,,,,,,N*30
$GPGGA,125705.00,,,,,0,00,99.99,,,,,,*62
$GPGSA,A,1,,,,,,,,,,,,,99.99,99.99,99.99*30
$GPGSV,4,1,13,05,29,108,,10,06,320,,12,28,138,,13,01,053,*79
$GPGSV,4,2,13,15,30,035,,18,63,265,,20,02,128,,23,40,346,*7E
$GPGSV,4,3,13,24,63,023,,25,20,175,,28,02,218,,29,12,199,*72
$GPGSV,4,4,13,32,10,274,*4A
$GPGLL,,,,,125705.00,V,N*4E
20:57:05 | Long: Waiting... | Lat: Waiting...
$GPRMC,125706.00,V,,,,,,,060525,,,N*7E
$GPVTG,,,,,,,,,N*30
$GPGGA,125706.00,,,,,0,00,99.99,,,,,,*61
$GPGSA,A,1,,,,,,,,,,,,,99.99,99.99,99.99*30
$GPGSV,4,1,13,05,29,108,,10,06,320,,12,28,138,,13,01,053,*79
$GPGSV,4,2,13,15,30,035,,18,63,265,,20,02,128,,23,40,346,*7E
$GPGSV,4,3,13,24,63,023,,25,20,175,,28,02,218,,29,12,199,*72
$GPGSV,4,4,13,32,10,274,*4A
$GPGLL,,,,,125706.00,V,N*4D
20:57:06 | Long: Waiting... | Lat: Waiting...
$GPRMC,125707.00,V,,,,,,,060525,,,N*7F
$GPVTG,,,,,,,,,N*30
$GPGGA,125707.00,,,,,0,00,99.99,,,,,,*60
$GPGSA,A,1,,,,,,,,,,,,,99.99,99.99,99.99*30
$GPGSV,4,1,13,05,29,108,,10,06,320,,12,28,138,,13,01,053,*79
$GPGSV,4,2,13,15,30,035,25,18,63,265,,20,02,128,,23,40,346,*79
$GPGSV,4,3,13,24,63,023,,25,20,175,,28,02,218,,29,12,199,*72
$GPGSV,4,4,13,32,10,274,*4A
$GPGLL,,,,,125707.00,V,N*4C
20:57:07 | Long: Waiting... | Lat: Waiting...
$GPRMC,125708.00,V,,,,,,,060525,,,N*70
$GPVTG,,,,,,,,,N*30
$GPGGA,125708.00,,,,,0,00,99.99,,,,,,*6F
$GPGSA,A,1,,,,,,,,,,,,,99.99,99.99,99.99*30
$GPGSV,4,1,13,05,29,108,,10,06,320,,12,28,138,,13,01,053,*79
$GPGSV,4,2,13,15,30,035,,18,63,265,,20,02,128,,23,40,346,*7E
$GPGSV,4,3,13,24,63,023,,25,20,175,,28,02,218,,29,12,199,*72
$GPGSV,4,4,13,32,10,274,*4A
$GPGLL,,,,,125708.00,V,N*43
20:57:08 | Long: Waiting... | Lat: Waiting...
$GPRMC,125709.00,V,,,,,,,060525,,,N*71
$GPVTG,,,,,,,,,N*30
$GPGGA,125709.00,,,,,0,00,99.99,,,,,,*6E
$GPGSA,A,1,,,,,,,,,,,,,99.99,99.99,99.99*30
$GPGSV,4,1,13,05,29,108,,10,06,320,,12,28,138,,13,01,053,*79
$GPGSV,4,2,13,15,30,035,,18,63,265,,20,02,128,,23,40,346,*7E
$GPGSV,4,3,13,24,63,023,,25,20,175,,28,02,218,,29,12,199,*72
$GPGSV,4,4,13,32,10,274,*4A
$GPGLL,,,,,125709.00,V,N*42
20:57:09 | Long: Waiting... | Lat: Waiting...
$GPRMC,125710.00,V,,,,,,,060525,,,N*79
$GPVTG,,,,,,,,,N*30
$GPGGA,125710.00,,,,,0,00,99.99,,,,,,*66
$GPGSA,A,1,,,,,,,,,,,,,99.99,99.99,99.99*30
$GPGSV,4,1,13,05,29,108,,10,06,320,,12,28,138,,13,01,053,*79
$GPGSV,4,2,13,15,30,035,,18,63,265,27,20,02,128,,23,40,346,*7B
$GPGSV,4,3,13,24,63,023,,25,20,175,,28,02,218,,29,12,199,*72
$GPGSV,4,4,13,32,10,274,*4A
$GPGLL,,,,,125710.00,V,N*4A
20:57:10 | Long: Waiting... | Lat: Waiting...
$GPRMC,125711.00,V,,,,,,,060525,,,N*78
$GPVTG,,,,,,,,,N*30
$GPGGA,125711.00,,,,,0,00,99.99,,,,,,*67
$GPGSA,A,1,,,,,,,,,,,,,99.99,99.99,99.99*30
$GPGSV,4,1,13,05,29,108,,10,06,320,,12,28,138,,13,01,053,*79
$GPGSV,4,2,13,15,30,035,,18,63,265,,20,02,128,,23,40,346,*7E
$GPGSV,4,3,13,24,63,023,,25,20,175,,28,02,218,,29,12,199,*72
$GPGSV,4,4,13,32,10,274,*4A
$GPGLL,,,,,125711.00,V,N*4B
20:57:11 | Long: Waiting... | Lat: Waiting...
$GPRMC,125712.00,V,,,,,,,060525,,,N*7B
$GPVTG,,,,,,,,,N*30
$GPGGA,125712.00,,,,,0,00,99.99,,,,,,*64
$GPGSA,A,1,,,,,,,,,,,,,99.99,99.99,99.99*30
$GPGSV,4,1,13,05,29,108,,10,06,320,,12,28,138,,13,01,053,*79
$GPGSV,4,2,13,15,30,035,,18,63,265,,20,02,128,,23,40,346,*7E
$GPGSV,4,3,13,24,63,023,,25,20,175,,28,02,218,,29,12,199,*72
$GPGSV,4,4,13,32,10,274,*4A
$GPGLL,,,,,125712.00,V,N*48
20:57:12 | Long: Waiting... | Lat: Waiting...
$GPRMC,125713.00,V,,,,,,,060525,,,N*7A
$GPVTG,,,,,,,,,N*30
$GPGGA,125713.00,,,,,0,00,99.99,,,,,,*65
$GPGSA,A,1,,,,,,,,,,,,,99.99,99.99,99.99*30
$GPGSV,4,1,13,05,29,108,,10,06,320,,12,28,138,,13,01,053,*79
$GPGSV,4,2,13,15,30,035,,18,63,265,,20,02,128,28,23,40,346,*74
$GPGSV,4,3,13,24,63,023,,25,20,175,,28,02,218,,29,12,199,*72
$GPGSV,4,4,13,32,10,274,*4A
$GPGLL,,,,,125713.00,V,N*49
20:57:13 | Long: Waiting... | Lat: Waiting...
$GPRMC,125714.00,V,,,,,,,060525,,,N*7D
$GPVTG,,,,,,,,,N*30
$GPGGA,125714.00,,,,,0,00,99.99,,,,,,*62
$GPGSA,A,1,,,,,,,,,,,,,99.99,99.99,99.99*30
$GPGSV,4,1,13,05,29,108,,10,06,320,,12,28,138,,13,01,053,*79
$GPGSV,4,2,13,15,30,035,,18,63,265,,20,02,128,,23,40,346,*7E
$GPGSV,4,3,13,24,63,023,,25,20,175,,28,02,218,,29,12,199,*72
$GPGSV,4,4,13,32,10,274,*4A
$GPGLL,,,,,125714.00,V,N*4E
20:57:14 | Long: Waiting... | Lat: Waiting...
$GPRMC,125715.00,V,,,,,,,060525,,,N*7C
$GPVTG,,,,,,,,,N*30
$GPGGA,125715.00,,,,,0,00,99.99,,,,,,*63
$GPGSA,A,1,,,,,,,,,,,,,99.99,99.99,99.99*30
$GPGSV,4,1,13,05,29,108,,10,06,320,,12,28,138,,13,01,053,*79
$GPGSV,4,2,13,15,30,035,,18,63,265,,20,02,128,,23,40,346,*7E
$GPGSV,4,3,13,24,63,023,,25,20,175,,28,02,218,,29,12,199,*72
$GPGSV,4,4,13,32,10,274,*4A
$GPGLL,,,,,125715.00,V,N*4F
20:57:15 | Long: Waiting... | Lat: Waiting...
$GPRMC,125716.00,V,,,,,,,060525,,,N*7F
$GPVTG,,,,,,,,,N*30
$GPGGA,125716.00,,,,,0,00,99.99,,,,,,*60
$GPGSA,A,1,,,,,,,,,,,,,99.99,99.99,99.99*30
$GPGSV,4,1,13,05,28,108,,10,06,320,,12,28,138,,13,01,053,*78
$GPGSV,4,2,13,15,30,035,,18,63,265,,20,02,128,,23,40,346,20*7C
$GPGSV,4,3,13,24,63,023,,25,20,175,,28,02,218,,29,12,199,*72
$GPGSV,4,4,13,32,10,274,*4A
$GPGLL,,,,,125716.00,V,N*4C
20:57:16 | Long: Waiting... | Lat: Waiting...
$GPRMC,125717.00,V,,,,,,,060525,,,N*7E
$GPVTG,,,,,,,,,N*30
$GPGGA,125717.00,,,,,0,00,99.99,,,,,,*61
$GPGSA,A,1,,,,,,,,,,,,,99.99,99.99,99.99*30
$GPGSV,4,1,13,05,28,108,,10,06,320,,12,28,138,,13,01,053,*78
$GPGSV,4,2,13,15,30,035,,18,63,265,,20,02,128,,23,40,346,*7E
$GPGSV,4,3,13,24,63,023,,25,20,175,,28,02,218,,29,12,199,*72
$GPGSV,4,4,13,32,10,274,*4A
$GPGLL,,,,,125717.00,V,N*4D
20:57:17 | Long: Waiting... | Lat: Waiting...
$GPRMC,125718.00,V,,,,,,,060525,,,N*71
$GPVTG,,,,,,,,,N*30
$GPGGA,125718.00,,,,,0,00,99.99,,,,,,*6E
$GPGSA,A,1,,,,,,,,,,,,,99.99,99.99,99.99*30
$GPGSV,4,1,13,05,28,108,,10,06,320,,12,28,138,,13,01,053,*78
$GPGSV,4,2,13,15,30,035,,18,63,265,,20,02,128,23,23,40,346,*7F
$GPGSV,4,3,13,24,63,023,,25,20,175,,28,02,218,,29,12,199,*72
$GPGSV,4,4,13,32,10,274,*4A
$GPGLL,,,,,125718.00,V,N*42
20:57:18 | Long: Waiting... | Lat: Waiting...
$GPRMC,125719.00,V,,,,,,,060525,,,N*70
$GPVTG,,,,,,,,,N*30
$GPGGA,125719.00,,,,,0,00,99.99,,,,,,*6F
$GPGSA,A,1,,,,,,,,,,,,,99.99,99.99,99.99*30
$GPGSV,4,1,13,05,28,108,,10,07,320,,12,28,138,,13,01,053,*79
$GPGSV,4,2,13,15,30,035,,18,63,265,,20,02,128,19,23,40,346,*76
$GPGSV,4,3,13,24,63,023,25,25,20,175,,28,02,218,,29,12,199,*75
$GPGSV,4,4,13,32,10,274,*4A
$GPGLL,,,,,125719.00,V,N*43
20:57:19 | Long: Waiting... | Lat: Waiting...
$GPRMC,125720.00,V,,,,,,,060525,,,N*7A
$GPVTG,,,,,,,,,N*30
$GPGGA,125720.00,,,,,0,00,99.99,,,,,,*65
$GPGSA,A,1,,,,,,,,,,,,,99.99,99.99,99.99*30
$GPGSV,4,1,13,05,28,108,,10,07,320,,12,28,137,,13,01,054,*71
$GPGSV,4,2,13,15,30,035,,18,63,265,,20,02,128,,23,40,346,*7E
$GPGSV,4,3,13,24,63,023,,25,20,175,,28,02,218,,29,12,199,*72
$GPGSV,4,4,13,32,10,274,*4A
$GPGLL,,,,,125720.00,V,N*49
20:57:20 | Long: Waiting... | Lat: Waiting...
$GPRMC,125721.00,V,,,,,,,060525,,,N*7B
$GPVTG,,,,,,,,,N*30
$GPGGA,125721.00,,,,,0,00,99.99,,,,,,*64
$GPGSA,A,1,,,,,,,,,,,,,99.99,99.99,99.99*30
$GPGSV,4,1,13,05,28,108,,10,07,320,,12,28,137,,13,01,054,*71
$GPGSV,4,2,13,15,30,036,,18,63,265,,20,02,128,,23,40,346,*7D
$GPGSV,4,3,13,24,63,023,,25,20,175,,28,02,218,,29,12,199,*72
$GPGSV,4,4,13,32,10,274,*4A
$GPGLL,,,,,125721.00,V,N*48
20:57:21 | Long: Waiting... | Lat: Waiting...
$GPRMC,125722.00,V,,,,,,,060525,,,N*78
$GPVTG,,,,,,,,,N*30
$GPGGA,125722.00,,,,,0,00,99.99,,,,,,*67
$GPGSA,A,1,,,,,,,,,,,,,99.99,99.99,99.99*30
$GPGSV,4,1,13,05,28,108,,10,07,320,,12,28,137,,13,01,054,*71
$GPGSV,4,2,13,15,30,036,,18,63,265,,20,02,128,,23,40,346,*7D
$GPGSV,4,3,13,24,63,023,,25,20,175,24,28,02,218,,29,12,199,*74
$GPGSV,4,4,13,32,10,274,*4A
$GPGLL,,,,,125722.00,V,N*4B
20:57:22 | Long: Waiting... | Lat: Waiting...
$GPRMC,125723.00,V,,,,,,,060525,,,N*79
$GPVTG,,,,,,,,,N*30
$GPGGA,125723.00,,,,,0,00,99.99,,,,,,*66
$GPGSA,A,1,,,,,,,,,,,,,99.99,99.99,99.99*30
$GPGSV,4,1,13,05,28,108,,10,07,320,,12,28,137,,13,01,054,*71
$GPGSV,4,2,13,15,30,036,,18,63,264,,20,02,128,,23,40,346,*7C
$GPGSV,4,3,13,24,63,023,,25,20,175,,28,02,218,,29,12,199,*72
$GPGSV,4,4,13,32,10,274,*4A
$GPGLL,,,,,125723.00,V,N*4A
20:57:23 | Long: Waiting... | Lat: Waiting...
$GPRMC,125724.00,V,,,,,,,060525,,,N*7E
$GPVTG,,,,,,,,,N*30
$GPGGA,125724.00,,,,,0,00,99.99,,,,,,*61
$GPGSA,A,1,,,,,,,,,,,,,99.99,99.99,99.99*30
$GPGSV,4,1,13,05,28,108,,10,07,320,,12,28,137,,13,01,054,*71
$GPGSV,4,2,13,15,30,036,,18,63,264,,20,02,129,,23,40,346,*7D
$GPGSV,4,3,13,24,63,023,,25,20,175,,28,02,218,,29,12,199,*72
$GPGSV,4,4,13,32,10,274,*4A
$GPGLL,,,,,125724.00,V,N*4D
20:57:24 | Long: Waiting... | Lat: Waiting...
$GPRMC,125725.00,V,,,,,,,060525,,,N*7F
$GPVTG,,,,,,,,,N*30
$GPGGA,125725.00,,,,,0,00,99.99,,,,,,*60
$GPGSA,A,1,,,,,,,,,,,,,99.99,99.99,99.99*30
$GPGSV,4,1,13,05,28,108,,10,07,320,,12,28,137,,13,01,054,*71
$GPGSV,4,2,13,15,30,036,,18,63,264,,20,02,129,,23,40,346,*7D
$GPGSV,4,3,13,24,63,023,,25,20,175,,28,02,218,,29,12,199,*72
$GPGSV,4,4,13,32,10,274,*4A
$GPGLL,,,,,125725.00,V,N*4C
20:57:25 | Long: Waiting... | Lat: Waiting...
$GPRMC,125726.00,V,,,,,,,060525,,,N*7C
$GPVTG,,,,,,,,,N*30
$GPGGA,125726.00,,,,,0,00,99.99,,,,,,*63
$GPGSA,A,1,,,,,,,,,,,,,99.99,99.99,99.99*30
$GPGSV,4,1,13,05,28,108,,10,07,320,,12,28,137,,13,01,054,*71
$GPGSV,4,2,13,15,30,036,,18,63,264,,20,02,129,,23,40,346,*7D
$GPGSV,4,3,13,24,63,023,,25,20,175,,28,02,218,,29,12,199,*72
$GPGSV,4,4,13,32,10,274,*4A
$GPGLL,,,,,125726.00,V,N*4F
20:57:26 | Long: Waiting... | Lat: Waiting...
$GPRMC,125727.00,V,,,,,,,060525,,,N*7D
$GPVTG,,,,,,,,,N*30
$GPGGA,125727.00,,,,,0,00,99.99,,,,,,*62
$GPGSA,A,1,,,,,,,,,,,,,99.99,99.99,99.99*30
$GPGSV,4,1,13,05,28,108,,10,07,320,,12,28,137,,13,01,054,*71
$GPGSV,4,2,13,15,30,036,,18,63,264,,20,02,129,,23,40,346,*7D
$GPGSV,4,3,13,24,63,023,,25,20,175,,28,02,218,,29,12,199,20*70
$GPGSV,4,4,13,32,10,274,*4A
$GPGLL,,,,,125727.00,V,N*4E
20:57:27 | Long: Waiting... | Lat: Waiting...
$GPRMC,125728.00,V,,,,,,,060525,,,N*72
$GPVTG,,,,,,,,,N*30
$GPGGA,125728.00,,,,,0,00,99.99,,,,,,*6D
$GPGSA,A,1,,,,,,,,,,,,,99.99,99.99,99.99*30
$GPGSV,4,1,13,05,28,108,,10,07,320,,12,28,137,,13,01,054,*71
$GPGSV,4,2,13,15,30,036,,18,63,264,,20,02,129,,23,40,346,*7D
$GPGSV,4,3,13,24,63,023,,25,20,175,,28,02,218,,29,12,199,*72
$GPGSV,4,4,13,32,10,274,*4A
$GPGLL,,,,,125728.00,V,N*41
20:57:28 | Long: Waiting... | Lat: Waiting...
$GPRMC,125729.00,V,,,,,,,060525,,,N*73
$GPVTG,,,,,,,,,N*30
$GPGGA,125729.00,,,,,0,00,99.99,,,,,,*6C
$GPGSA,A,1,,,,,,,,,,,,,99.99,99.99,99.99*30
$GPGSV,4,1,13,05,28,108,,10,07,320,,12,28,137,,13,01,054,*71
$GPGSV,4,2,13,15,30,036,,18,63,264,,20,02,129,,23,40,346,*7D
$GPGSV,4,3,13,24,63,023,,25,20,175,,28,02,218,,29,12,199,*72
$GPGSV,4,4,13,32,10,274,*4A
$GPGLL,,,,,125729.00,V,N*40
20:57:29 | Long: Waiting... | Lat: Waiting...
$GPRMC,125730.00,V,,,,,,,060525,,,N*7B
$GPVTG,,,,,,,,,N*30
$GPGGA,125730.00,,,,,0,00,99.99,,,,,,*64
$GPGSA,A,1,,,,,,,,,,,,,99.99,99.99,99.99*30
$GPGSV,4,1,13,05,28,108,,10,07,320,,12,28,137,,13,01,054,*71
$GPGSV,4,2,13,15,30,036,,18,63,264,,20,02,129,,23,40,346,*7D
$GPGSV,4,3,13,24,63,023,,25,20,175,,28,02,218,,29,12,199,*72
$GPGSV,4,4,13,32,10,274,*4A
$GPGLL,,,,,125730.00,V,N*48
20:57:30 | Long: Waiting... | Lat: Waiting...
$GPRMC,125731.00,V,,,,,,,060525,,,N*7A
$GPVTG,,,,,,,,,N*30
$GPGGA,125731.00,,,,,0,00,99.99,,,,,,*65
$GPGSA,A,1,,,,,,,,,,,,,99.99,99.99,99.99*30
$GPGSV,4,1,13,05,28,108,,10,07,320,,12,28,137,,13,01,054,*71
$GPGSV,4,2,13,15,30,036,,18,63,264,,20,02,129,,23,40,346,*7D
$GPGSV,4,3,13,24,63,023,,25,20,175,,28,02,218,,29,12,199,*72
$GPGSV,4,4,13,32,10,274,20*48
$GPGLL,,,,,125731.00,V,N*49
20:57:31 | Long: Waiting... | Lat: Waiting...
$GPRMC,125732.00,V,,,,,,,060525,,,N*79
$GPVTG,,,,,,,,,N*30
$GPGGA,125732.00,,,,,0,00,99.99,,,,,,*66
$GPGSA,A,1,,,,,,,,,,,,,99.99,99.99,99.99*30
$GPGSV,4,1,13,05,28,108,,10,07,320,,12,28,137,,13,01,054,*71
$GPGSV,4,2,13,15,30,036,,18,63,264,,20,02,129,,23,40,346,*7D
$GPGSV,4,3,13,24,63,023,,25,20,175,,28,02,218,,29,12,199,*72
$GPGSV,4,4,13,32,10,274,*4A
$GPGLL,,,,,125732.00,V,N*4A
20:57:32 | Long: Waiting... | Lat: Waiting...
$GPRMC,125733.00,V,,,,,,,060525,,,N*78
$GPVTG,,,,,,,,,N*30
$GPGGA,125733.00,,,,,0,00,99.99,,,,,,*67
$GPGSA,A,1,,,,,,,,,,,,,99.99,99.99,99.99*30
$GPGSV,4,1,13,05,28,108,21,10,07,320,,12,28,137,,13,01,054,*72
$GPGSV,4,2,13,15,30,036,,18,63,264,,20,02,129,,23,40,346,*7D
$GPGSV,4,3,13,24,63,023,,25,20,175,,28,02,218,,29,12,199,*72
$GPGSV,4,4,13,32,10,274,*4A
$GPGLL,,,,,125733.00,V,N*4B
20:57:33 | Long: Waiting... | Lat: Waiting...
$GPRMC,125734.00,V,,,,,,,060525,,,N*7F
$GPVTG,,,,,,,,,N*30
$GPGGA,125734.00,,,,,0,00,99.99,,,,,,*60
$GPGSA,A,1,,,,,,,,,,,,,99.99,99.99,99.99*30
$GPGSV,4,1,13,05,28,108,,10,07,320,,12,28,137,,13,01,054,*71
$GPGSV,4,2,13,15,30,036,,18,63,264,,20,02,129,,23,40,346,*7D
$GPGSV,4,3,13,24,63,023,,25,20,175,,28,02,218,,29,12,199,*72
$GPGSV,4,4,13,32,10,274,*4A
$GPGLL,,,,,125734.00,V,N*4C
20:57:34 | Long: Waiting... | Lat: Waiting...
$GPRMC,125735.00,V,,,,,,,060525,,,N*7E
$GPVTG,,,,,,,,,N*30
$GPGGA,125735.00,,,,,0,00,99.99,,,,,,*61
$GPGSA,A,1,,,,,,,,,,,,,99.99,99.99,99.99*30
$GPGSV,4,1,13,05,28,108,,10,07,320,,12,28,137,,13,01,054,*71
$GPGSV,4,2,13,15,30,036,,18,63,264,,20,02,129,,23,40,346,*7D
$GPGSV,4,3,13,24,63,023,,25,20,175,,28,02,218,,29,12,199,*72
$GPGSV,4,4,13,32,10,274,*4A
$GPGLL,,,,,125735.00,V,N*4D
20:57:35 | Long: Waiting... | Lat: Waiting...
$GPRMC,125736.00,V,,,,,,,060525,,,N*7D
$GPVTG,,,,,,,,,N*30
$GPGGA,125736.00,,,,,0,00,99.99,,,,,,*62
$GPGSA,A,1,,,,,,,,,,,,,99.99,99.99,99.99*30
$GPGSV,4,1,13,05,28,108,,10,07,320,,12,28,137,,13,01,054,*71
$GPGSV,4,2,13,15,30,036,,18,63,264,,20,02,129,,23,40,346,*7D
$GPGSV,4,3,13,24,63,023,,25,20,175,,28,02,218,,29,12,199,*72
$GPGSV,4,4,13,32,10,274,*4A
$GPGLL,,,,,125736.00,V,N*4E
20:57:36 | Long: Waiting... | Lat: Waiting...
$GPRMC,125737.00,V,,,,,,,060525,,,N*7C
$GPVTG,,,,,,,,,N*30
$GPGGA,125737.00,,,,,0,00,99.99,,,,,,*63
$GPGSA,A,1,,,,,,,,,,,,,99.99,99.99,99.99*30
$GPGSV,4,1,13,05,28,108,,10,07,320,,12,28,137,,13,01,054,*71
$GPGSV,4,2,13,15,30,036,,18,63,264,,20,02,129,,23,40,346,*7D
$GPGSV,4,3,13,24,63,023,,25,20,175,,28,02,218,,29,12,199,*72
$GPGSV,4,4,13,32,10,274,*4A
$GPGLL,,,,,125737.00,V,N*4F
20:57:37 | Long: Waiting... | Lat: Waiting...
$GPRMC,125738.00,V,,,,,,,060525,,,N*73
$GPVTG,,,,,,,,,N*30
$GPGGA,125738.00,,,,,0,00,99.99,,,,,,*6C
$GPGSA,A,1,,,,,,,,,,,,,99.99,99.99,99.99*30
$GPGSV,4,1,13,05,28,108,,10,07,320,25,12,28,137,,13,01,054,*76
$GPGSV,4,2,13,15,30,036,,18,63,264,,20,02,129,,23,40,346,*7D
$GPGSV,4,3,13,24,63,023,,25,20,175,,28,02,218,,29,12,199,*72
$GPGSV,4,4,13,32,10,274,*4A
$GPGLL,,,,,125738.00,V,N*40
20:57:38 | Long: Waiting... | Lat: Waiting...
$GPRMC,125739.00,V,,,,,,,060525,,,N*72
$GPVTG,,,,,,,,,N*30
$GPGGA,125739.00,,,,,0,00,99.99,,,,,,*6D
$GPGSA,A,1,,,,,,,,,,,,,99.99,99.99,99.99*30
$GPGSV,4,1,13,05,28,108,,10,07,320,,12,28,137,,13,01,054,*71
$GPGSV,4,2,13,15,30,036,,18,63,264,,20,02,129,,23,40,346,*7D
$GPGSV,4,3,13,24,63,023,,25,20,175,,28,02,218,,29,12,199,*72
$GPGSV,4,4,13,32,10,274,*4A
$GPGLL,,,,,125739.00,V,N*41
20:57:39 | Long: Waiting... | Lat: Waiting...
$GPRMC,125740.00,V,,,,,,,060525,,,N*7C
$GPVTG,,,,,,,,,N*30
$GPGGA,125740.00,,,,,0,00,99.99,,,,,,*63
$GPGSA,A,1,,,,,,,,,,,,,99.99,99.99,99.99*30
$GPGSV,4,1,13,05,28,108,,10,07,320,,12,28,137,,13,01,054,*71
$GPGSV,4,2,13,15,30,036,,18,63,264,,20,02,129,,23,40,346,*7D
$GPGSV,4,3,13,24,63,023,,25,20,175,,28,02,218,,29,12,199,*72
$GPGSV,4,4,13,32,10,274,*4A
$GPGLL,,,,,125740.00,V,N*4F
20:57:40 | Long: Waiting... | Lat: Waiting...
$GPRMC,125741.00,V,,,,,,,060525,,,N*7D
$GPVTG,,,,,,,,,N*30
$GPGGA,125741.00,,,,,0,00,99.99,,,,,,*62
$GPGSA,A,1,,,,,,,,,,,,,99.99,99.99,99.99*30
$GPGSV,4,1,13,05,28,108,,10,07,320,,12,28,137,,13,01,054,*71
$GPGSV,4,2,13,15,30,036,,18,63,264,,20,02,129,,23,40,346,*7D
$GPGSV,4,3,13,24,63,023,,25,20,175,,28,02,218,,29,12,199,*72
$GPGSV,4,4,13,32,10,274,*4A
$GPGLL,,,,,125741.00,V,N*4E
20:57:41 | Long: Waiting... | Lat: Waiting...
$GPRMC,125742.00,V,,,,,,,060525,,,N*7E
$GPVTG,,,,,,,,,N*30
$GPGGA,125742.00,,,,,0,00,99.99,,,,,,*61
$GPGSA,A,1,,,,,,,,,,,,,99.99,99.99,99.99*30
$GPGSV,4,1,13,05,28,108,,10,07,320,,12,28,137,,13,01,054,*71
$GPGSV,4,2,13,15,30,036,,18,63,264,,20,02,129,,23,40,346,*7D
$GPGSV,4,3,13,24,63,023,,25,20,175,,28,02,218,,29,12,199,*72
$GPGSV,4,4,13,32,10,274,*4A
$GPGLL,,,,,125742.00,V,N*4D
20:57:42 | Long: Waiting... | Lat: Waiting...
$GPRMC,125743.00,V,,,,,,,060525,,,N*7F
$GPVTG,,,,,,,,,N*30
$GPGGA,125743.00,,,,,0,00,99.99,,,,,,*60
$GPGSA,A,1,,,,,,,,,,,,,99.99,99.99,99.99*30
$GPGSV,4,1,13,05,28,108,,10,07,320,,12,28,137,21,13,01,054,*72
$GPGSV,4,2,13,15,30,036,,18,63,264,,20,02,129,,23,40,346,*7D
$GPGSV,4,3,13,24,63,023,,25,20,175,,28,02,218,,29,12,199,*72
$GPGSV,4,4,13,32,10,274,*4A
$GPGLL,,,,,125743.00,V,N*4C
20:57:43 | Long: Waiting... | Lat: Waiting...
$GPRMC,125744.00,V,,,,,,,060525,,,N*78
$GPVTG,,,,,,,,,N*30
$GPGGA,125744.00,,,,,0,00,99.99,,,,,,*67
$GPGSA,A,1,,,,,,,,,,,,,99.99,99.99,99.99*30
$GPGSV,4,1,13,05,28,108,,10,07,320,,12,28,137,,13,01,054,*71
$GPGSV,4,2,13,15,30,036,,18,63,264,,20,02,129,,23,40,346,*7D
$GPGSV,4,3,13,24,63,023,,25,20,175,,28,02,218,,29,12,199,*72
$GPGSV,4,4,13,32,10,274,*4A
$GPGLL,,,,,125744.00,V,N*4B
20:57:44 | Long: Waiting... | Lat: Waiting...
$GPRMC,125745.00,V,,,,,,,060525,,,N*79
$GPVTG,,,,,,,,,N*30
$GPGGA,125745.00,,,,,0,00,99.99,,,,,,*66
$GPGSA,A,1,,,,,,,,,,,,,99.99,99.99,99.99*30
$GPGSV,4,1,13,05,28,108,,10,07,320,,12,28,137,,13,01,054,*71
$GPGSV,4,2,13,15,30,036,,18,63,264,,20,02,129,,23,40,346,*7D
$GPGSV,4,3,13,24,63,023,,25,20,175,,28,02,218,,29,12,199,*72
$GPGSV,4,4,13,32,10,274,*4A
$GPGLL,,,,,125745.00,V,N*4A
20:57:45 | Long: Waiting... | Lat: Waiting...
$GPRMC,125746.00,V,,,,,,,060525,,,N*7A
$GPVTG,,,,,,,,,N*30
$GPGGA,125746.00,,,,,0,00,99.99,,,,,,*65
$GPGSA,A,1,,,,,,,,,,,,,99.99,99.99,99.99*30
$GPGSV,4,1,13,05,28,108,,10,07,320,,12,28,137,,13,01,054,*71
$GPGSV,4,2,13,15,30,036,,18,63,264,,20,02,129,,23,40,346,*7D
$GPGSV,4,3,13,24,63,023,,25,20,175,,28,02,218,,29,12,199,*72
$GPGSV,4,4,13,32,10,274,*4A
$GPGLL,,,,,125746.00,V,N*49
20:57:46 | Long: Waiting... | Lat: Waiting...
$GPRMC,125747.00,V,,,,,,,060525,,,N*7B
$GPVTG,,,,,,,,,N*30
$GPGGA,125747.00,,,,,0,00,99.99,,,,,,*64
$GPGSA,A,1,,,,,,,,,,,,,99.99,99.99,99.99*30
$GPGSV,4,1,13,05,28,108,,10,07,320,,12,28,137,,13,01,054,*71
$GPGSV,4,2,13,15,30,036,,18,63,264,,20,02,129,,23,40,346,*7D
$GPGSV,4,3,13,24,63,023,,25,20,175,,28,02,218,,29,12,199,*72
$GPGSV,4,4,13,32,10,274,*4A
$GPGLL,,,,,125747.00,V,N*48
20:57:47 | Long: Waiting... | Lat: Waiting...
$GPRMC,125748.00,V,,,,,,,060525,,,N*74
$GPVTG,,,,,,,,,N*30
$GPGGA,125748.00,,,,,0,00,99.99,,,,,,*6B
$GPGSA,A,1,,,,,,,,,,,,,99.99,99.99,99.99*30
$GPGSV,4,1,13,05,28,108,,10,07,320,,12,28,137,,13,01,054,21*72
$GPGSV,4,2,13,15,30,036,,18,63,264,,20,02,129,,23,40,346,*7D
$GPGSV,4,3,13,24,63,023,,25,20,175,,28,02,218,,29,12,199,*72
$GPGSV,4,4,13,32,10,274,*4A
$GPGLL,,,,,125748.00,V,N*47
20:57:48 | Long: Waiting... | Lat: Waiting...
$GPRMC,125749.00,V,,,,,,,060525,,,N*75
$GPVTG,,,,,,,,,N*30
$GPGGA,125749.00,,,,,0,00,99.99,,,,,,*6A
$GPGSA,A,1,,,,,,,,,,,,,99.99,99.99,99.99*30
$GPGSV,4,1,13,05,28,108,,10,07,320,,12,28,137,,13,01,054,*71
$GPGSV,4,2,13,15,30,036,,18,63,264,,20,02,129,,23,40,346,*7D
$GPGSV,4,3,13,24,63,023,,25,20,175,,28,02,218,,29,12,199,*72
$GPGSV,4,4,13,32,10,274,*4A
$GPGLL,,,,,125749.00,V,N*46
20:57:49 | Long: Waiting... | Lat: Waiting...
$GPRMC,125750.00,V,,,,,,,060525,,,N*7D
$GPVTG,,,,,,,,,N*30
$GPGGA,125750.00,,,,,0,00,99.99,,,,,,*62
$GPGSA,A,1,,,,,,,,,,,,,99.99,99.99,99.99*30
$GPGSV,4,1,13,05,28,108,,10,07,320,,12,28,137,,13,01,054,*71
$GPGSV,4,2,13,15,30,036,,18,63,264,,20,02,129,,23,40,346,*7D
$GPGSV,4,3,13,24,63,023,,25,20,175,,28,02,218,,29,12,199,*72
$GPGSV,4,4,13,32,10,274,*4A
$GPGLL,,,,,125750.00,V,N*4E
20:57:50 | Long: Waiting... | Lat: Waiting...
$GPRMC,125751.00,V,,,,,,,060525,,,N*7C
$GPVTG,,,,,,,,,N*30
$GPGGA,125751.00,,,,,0,00,99.99,,,,,,*63
$GPGSA,A,1,,,,,,,,,,,,,99.99,99.99,99.99*30
$GPGSV,4,1,13,05,28,108,,10,07,320,,12,28,137,,13,01,054,*71
$GPGSV,4,2,13,15,30,036,,18,63,264,,20,02,129,,23,40,346,*7D
$GPGSV,4,3,13,24,63,023,,25,20,175,,28,02,218,,29,12,199,*72
$GPGSV,4,4,13,32,10,274,*4A
$GPGLL,,,,,125751.00,V,N*4F
20:57:51 | Long: Waiting... | Lat: Waiting...
$GPRMC,125752.00,V,,,,,,,060525,,,N*7F
$GPVTG,,,,,,,,,N*30
$GPGGA,125752.00,,,,,0,00,99.99,,,,,,*60
$GPGSA,A,1,,,,,,,,,,,,,99.99,99.99,99.99*30
$GPGSV,4,1,13,05,28,108,,10,07,320,,12,28,137,,13,01,054,*71
$GPGSV,4,2,13,15,30,036,24,18,63,264,,20,02,129,,23,40,346,*7B
$GPGSV,4,3,13,24,63,023,,25,20,175,,28,02,218,,29,12,199,*72
$GPGSV,4,4,13,32,10,274,*4A
$GPGLL,,,,,125752.00,V,N*4C
20:57:52 | Long: Waiting... | Lat: Waiting...
$GPRMC,125753.00,V,,,,,,,060525,,,N*7E
$GPVTG,,,,,,,,,N*30
$GPGGA,125753.00,,,,,0,00,99.99,,,,,,*61
$GPGSA,A,1,,,,,,,,,,,,,99.99,99.99,99.99*30
$GPGSV,4,1,13,05,28,108,,10,07,320,,12,28,137,,13,01,054,*71
$GPGSV,4,2,13,15,30,036,,18,63,264,,20,02,129,,23,40,346,*7D
$GPGSV,4,3,13,24,63,023,,25,20,175,,28,02,218,,29,12,199,*72
$GPGSV,4,4,13,32,10,274,*4A
$GPGLL,,,,,125753.00,V,N*4D
20:57:53 | Long: Waiting... | Lat: Waiting...
$GPRMC,125754.00,V,,,,,,,060525,,,N*79
$GPVTG,,,,,,,,,N*30
$GPGGA,125754.00,,,,,0,00,99.99,,,,,,*66
$GPGSA,A,1,,,,,,,,,,,,,99.99,99.99,99.99*30
$GPGSV,4,1,13,05,28,108,,10,07,320,,12,28,137,,13,01,054,*71
$GPGSV,4,2,13,15,30,036,,18,63,264,,20,02,129,,23,40,346,*7D
$GPGSV,4,3,13,24,63,023,,25,20,175,,28,02,218,,29,12,199,*72
$GPGSV,4,4,13,32,10,274,*4A
$GPGLL,,,,,125754.00,V,N*4A
20:57:54 | Long: Waiting... | Lat: Waiting...
$GPRMC,125755.00,V,,,,,,,060525,,,N*78
$GPVTG,,,,,,,,,N*30
$GPGGA,125755.00,,,,,0,00,99.99,,,,,,*67
$GPGSA,A,1,,,,,,,,,,,,,99.99,99.99,99.99*30
$GPGSV,4,1,13,05,28,108,,10,07,320,,12,29,137,,13,01,054,*70
$GPGSV,4,2,13,15,30,036,,18,63,264,,20,02,129,,23,40,346,*7D
$GPGSV,4,3,13,24,63,023,,25,20,175,,28,02,218,,29,12,199,*72
$GPGSV,4,4,13,32,10,274,*4A
$GPGLL,,,,,125755.00,V,N*4B
20:57:55 | Long: Waiting... | Lat: Waiting...
$GPRMC,125756.00,V,,,,,,,060525,,,N*7B
$GPVTG,,,,,,,,,N*30
$GPGGA,125756.00,,,,,0,00,99.99,,,,,,*64
$GPGSA,A,1,,,,,,,,,,,,,99.99,99.99,99.99*30
$GPGSV,4,1,13,05,28,108,,10,07,320,,12,29,137,,13,01,054,*70
$GPGSV,4,2,13,15,30,036,,18,63,264,,20,02,129,,23,40,346,*7D
$GPGSV,4,3,13,24,63,023,,25,20,175,,28,02,218,,29,12,199,*72
$GPGSV,4,4,13,32,10,274,*4A
$GPGLL,,,,,125756.00,V,N*48
20:57:56 | Long: Waiting... | Lat: Waiting...
$GPRMC,125757.00,V,,,,,,,060525,,,N*7A
$GPVTG,,,,,,,,,N*30
$GPGGA,125757.00,,,,,0,00,99.99,,,,,,*65
$GPGSA,A,1,,,,,,,,,,,,,99.99,99.99,99.99*30
$GPGSV,4,1,13,05,28,108,,10,07,320,,12,29,137,,13,01,054,*70
$GPGSV,4,2,13,15,30,036,,18,63,264,21,20,02,129,,23,40,346,*7E
$GPGSV,4,3,13,24,63,023,,25,20,175,,28,02,218,,29,12,199,*72
$GPGSV,4,4,13,32,10,274,*4A
$GPGLL,,,,,125757.00,V,N*49
20:57:57 | Long: Waiting... | Lat: Waiting...
$GPRMC,125758.00,V,,,,,,,060525,,,N*75
$GPVTG,,,,,,,,,N*30
$GPGGA,125758.00,,,,,0,00,99.99,,,,,,*6A
$GPGSA,A,1,,,,,,,,,,,,,99.99,99.99,99.99*30
$GPGSV,4,1,13,05,28,108,,10,07,320,,12,29,137,,13,01,054,*70
$GPGSV,4,2,13,15,30,036,,18,63,264,,20,02,129,,23,40,346,*7D
$GPGSV,4,3,13,24,63,023,,25,20,175,,28,02,218,,29,12,199,*72
$GPGSV,4,4,13,32,10,274,*4A
$GPGLL,,,,,125758.00,V,N*46
20:57:58 | Long: Waiting... | Lat: Waiting...
$GPRMC,125759.00,V,,,,,,,060525,,,N*74
$GPVTG,,,,,,,,,N*30
$GPGGA,125759.00,,,,,0,00,99.99,,,,,,*6B
$GPGSA,A,1,,,,,,,,,,,,,99.99,99.99,99.99*30
$GPGSV,4,1,13,05,28,108,,10,07,320,,12,29,137,,13,01,054,*70
$GPGSV,4,2,13,15,30,036,,18,63,264,,20,02,129,,23,40,346,*7D
$GPGSV,4,3,13,24,63,023,,25,20,175,,28,02,218,,29,12,199,*72
$GPGSV,4,4,13,32,10,274,*4A
$GPGLL,,,,,125759.00,V,N*47
20:57:59 | Long: Waiting... | Lat: Waiting...
$GPRMC,125800.00,V,,,,,,,060525,,,N*77
$GPVTG,,,,,,,,,N*30
$GPGGA,125800.00,,,,,0,00,99.99,,,,,,*68
$GPGSA,A,1,,,,,,,,,,,,,99.99,99.99,99.99*30
$GPGSV,4,1,13,05,28,108,,10,07,320,,12,29,137,,13,01,054,*70
$GPGSV,4,2,13,15,30,036,,18,63,264,,20,02,129,,23,40,346,*7D
$GPGSV,4,3,13,24,63,023,,25,20,175,,28,02,218,,29,12,199,*72
$GPGSV,4,4,13,32,10,274,*4A
$GPGLL,,,,,125800.00,V,N*44
20:58:00 | Long: Waiting... | Lat: Waiting...
$GPRMC,125801.00,V,,,,,,,060525,,,N*76
$GPVTG,,,,,,,,,N*30
$GPGGA,125801.00,,,,,0,00,99.99,,,,,,*69
$GPGSA,A,1,,,,,,,,,,,,,99.99,99.99,99.99*30
$GPGSV,4,1,13,05,28,108,,10,07,320,,12,29,137,,13,01,054,*70
$GPGSV,4,2,13,15,30,036,,18,63,264,,20,02,129,,23,41,346,*7C
$GPGSV,4,3,13,24,62,023,,25,20,175,,28,02,218,,29,12,199,*73
$GPGSV,4,4,13,32,10,274,*4A
$GPGLL,,,,,125801.00,V,N*45
20:58:01 | Long: Waiting... | Lat: Waiting...
$GPRMC,125802.00,V,,,,,,,060525,,,N*75
$GPVTG,,,,,,,,,N*30
$GPGGA,125802.00,,,,,0,00,99.99,,,,,,*6A
$GPGSA,A,1,,,,,,,,,,,,,99.99,99.99,99.99*30
$GPGSV,4,1,13,05,28,108,,10,07,320,,12,29,137,,13,01,054,*70
$GPGSV,4,2,13,15,30,036,,18,63,264,,20,02,129,,23,41,346,*7C
$GPGSV,4,3,13,24,62,023,,25,21,175,,28,02,218,,29,12,199,*72
$GPGSV,4,4,13,32,10,274,*4A
$GPGLL,,,,,125802.00,V,N*46
20:58:02 | Long: Waiting... | Lat: Waiting...
$GPRMC,125803.00,V,,,,,,,060525,,,N*74
$GPVTG,,,,,,,,,N*30
$GPGGA,125803.00,,,,,0,00,99.99,,,,,,*6B
$GPGSA,A,1,,,,,,,,,,,,,99.99,99.99,99.99*30
$GPGSV,4,1,13,05,28,108,,10,07,320,,12,29,137,,13,01,054,*70
$GPGSV,4,2,13,15,30,036,,18,63,264,,20,02,129,24,23,41,346,*7A
$GPGSV,4,3,13,24,62,023,,25,21,175,,28,02,218,,29,12,199,*72
$GPGSV,4,4,13,32,10,274,*4A
$GPGLL,,,,,125803.00,V,N*47
20:58:03 | Long: Waiting... | Lat: Waiting...
$GPRMC,125804.00,V,,,,,,,060525,,,N*73
$GPVTG,,,,,,,,,N*30
$GPGGA,125804.00,,,,,0,00,99.99,,,,,,*6C
$GPGSA,A,1,,,,,,,,,,,,,99.99,99.99,99.99*30
$GPGSV,4,1,13,05,28,108,,10,07,320,,12,29,137,,13,01,054,*70
$GPGSV,4,2,13,15,30,036,,18,63,264,,20,02,129,,23,41,346,*7C
$GPGSV,4,3,13,24,62,023,,25,21,175,,28,02,218,,29,12,199,*72
$GPGSV,4,4,13,32,10,274,*4A
$GPGLL,,,,,125804.00,V,N*40
20:58:04 | Long: Waiting... | Lat: Waiting...
$GPRMC,125805.00,V,,,,,,,060525,,,N*72
$GPVTG,,,,,,,,,N*30
$GPGGA,125805.00,,,,,0,00,99.99,,,,,,*6D
$GPGSA,A,1,,,,,,,,,,,,,99.99,99.99,99.99*30
$GPGSV,4,1,13,05,28,108,,10,07,320,,12,29,137,,13,01,054,*70
$GPGSV,4,2,13,15,30,036,,18,63,264,,20,02,129,,23,41,346,*7C
$GPGSV,4,3,13,24,62,023,,25,21,175,,28,02,218,,29,12,199,*72
$GPGSV,4,4,13,32,10,274,*4A
$GPGLL,,,,,125805.00,V,N*41
20:58:05 | Long: Waiting... | Lat: Waiting...
$GPRMC,125806.00,V,,,,,,,060525,,,N*71
$GPVTG,,,,,,,,,N*30
$GPGGA,125806.00,,,,,0,00,99.99,,,,,,*6E
$GPGSA,A,1,,,,,,,,,,,,,99.99,99.99,99.99*30
$GPGSV,4,1,13,05,28,108,,10,07,320,,12,29,137,,13,01,054,*70
$GPGSV,4,2,13,15,30,036,,18,63,264,,20,02,129,,23,41,346,*7C
$GPGSV,4,3,13,24,62,023,,25,21,175,,28,02,218,,29,12,199,*72
$GPGSV,4,4,13,32,10,274,*4A
$GPGLL,,,,,125806.00,V,N*42
20:58:06 | Long: Waiting... | Lat: Waiting...
$GPRMC,125807.00,V,,,,,,,060525,,,N*70
$GPVTG,,,,,,,,,N*30
$GPGGA,125807.00,,,,,0,00,99.99,,,,,,*6F
$GPGSA,A,1,,,,,,,,,,,,,99.99,99.99,99.99*30
$GPGSV,4,1,13,05,28,108,,10,07,320,,12,29,137,,13,01,054,*70
$GPGSV,4,2,13,15,30,036,,18,63,264,,20,02,129,,23,41,346,*7C
$GPGSV,4,3,13,24,62,023,,25,21,175,,28,02,218,,29,12,199,*72
$GPGSV,4,4,13,32,10,274,*4A
$GPGLL,,,,,125807.00,V,N*43
20:58:07 | Long: Waiting... | Lat: Waiting...
$GPRMC,125808.00,V,,,,,,,060525,,,N*7F
$GPVTG,,,,,,,,,N*30
$GPGGA,125808.00,,,,,0,00,99.99,,,,,,*60
$GPGSA,A,1,,,,,,,,,,,,,99.99,99.99,99.99*30
$GPGSV,4,1,13,05,28,108,,10,07,320,,12,29,137,,13,01,054,*70
$GPGSV,4,2,13,15,30,036,,18,63,264,,20,02,129,,23,41,346,*7C
$GPGSV,4,3,13,24,62,023,,25,21,175,,28,02,218,,29,12,199,*72
$GPGSV,4,4,13,32,10,274,*4A
$GPGLL,,,,,125808.00,V,N*4C
20:58:08 | Long: Waiting... | Lat: Waiting...
$GPRMC,125809.00,V,,,,,,,060525,,,N*7E
$GPVTG,,,,,,,,,N*30
$GPGGA,125809.00,,,,,0,00,99.99,,,,,,*61
$GPGSA,A,1,,,,,,,,,,,,,99.99,99.99,99.99*30
$GPGSV,4,1,13,05,28,108,,10,07,320,,12,29,137,,13,01,054,*70
$GPGSV,4,2,13,15,30,036,,18,63,264,,20,02,129,,23,41,346,*7C
$GPGSV,4,3,13,24,62,023,,25,21,175,,28,02,218,,29,12,199,*72
$GPGSV,4,4,13,32,10,274,*4A
$GPGLL,,,,,125809.00,V,N*4D
20:58:09 | Long: Waiting... | Lat: Waiting...
$GPRMC,125810.00,V,,,,,,,060525,,,N*76
$GPVTG,,,,,,,,,N*30
$GPGGA,125810.00,,,,,0,00,99.99,,,,,,*69
$GPGSA,A,1,,,,,,,,,,,,,99.99,99.99,99.99*30
$GPGSV,4,1,13,05,28,108,,10,07,320,,12,29,137,,13,01,054,*70
$GPGSV,4,2,13,15,30,036,,18,63,264,,20,02,129,,23,41,346,*7C
$GPGSV,4,3,13,24,62,023,,25,21,175,,28,02,218,,29,12,199,*72
$GPGSV,4,4,13,32,10,274,*4A
$GPGLL,,,,,125810.00,V,N*45
20:58:10 | Long: Waiting... | Lat: Waiting...
$GPRMC,125811.00,V,,,,,,,060525,,,N*77
$GPVTG,,,,,,,,,N*30
$GPGGA,125811.00,,,,,0,00,99.99,,,,,,*68
$GPGSA,A,1,,,,,,,,,,,,,99.99,99.99,99.99*30
$GPGSV,4,1,13,05,28,108,,10,07,320,,12,29,137,,13,01,054,*70
$GPGSV,4,2,13,15,30,036,,18,63,264,,20,02,129,,23,41,346,*7C
$GPGSV,4,3,13,24,62,023,23,25,21,175,,28,02,218,,29,12,199,*73
$GPGSV,4,4,13,32,10,274,*4A
$GPGLL,,,,,125811.00,V,N*44
20:58:11 | Long: Waiting... | Lat: Waiting...
$GPRMC,125812.00,V,,,,,,,060525,,,N*74
$GPVTG,,,,,,,,,N*30
$GPGGA,125812.00,,,,,0,00,99.99,,,,,,*6B
$GPGSA,A,1,,,,,,,,,,,,,99.99,99.99,99.99*30
$GPGSV,4,1,13,05,28,108,,10,07,320,,12,29,137,,13,01,054,*70
$GPGSV,4,2,13,15,30,036,,18,63,264,,20,02,129,,23,41,346,*7C
$GPGSV,4,3,13,24,62,023,,25,21,175,,28,02,218,,29,12,199,*72
$GPGSV,4,4,13,32,10,274,*4A
$GPGLL,,,,,125812.00,V,N*47
20:58:12 | Long: Waiting... | Lat: Waiting...
$GPRMC,125813.00,V,,,,,,,060525,,,N*75
$GPVTG,,,,,,,,,N*30
$GPGGA,125813.00,,,,,0,00,99.99,,,,,,*6A
$GPGSA,A,1,,,,,,,,,,,,,99.99,99.99,99.99*30
$GPGSV,4,1,13,05,28,108,,10,07,320,,12,29,137,,13,01,054,*70
$GPGSV,4,2,13,15,30,036,,18,63,264,,20,02,129,,23,41,346,*7C
$GPGSV,4,3,13,24,62,023,,25,21,175,,28,02,218,,29,12,199,*72
$GPGSV,4,4,13,32,10,274,*4A
$GPGLL,,,,,125813.00,V,N*46
20:58:13 | Long: Waiting... | Lat: Waiting...
$GPRMC,125814.00,V,,,,,,,060525,,,N*72
$GPVTG,,,,,,,,,N*30
$GPGGA,125814.00,,,,,0,00,99.99,,,,,,*6D
$GPGSA,A,1,,,,,,,,,,,,,99.99,99.99,99.99*30
$GPGSV,4,1,13,05,28,108,,10,07,320,,12,29,137,,13,01,054,*70
$GPGSV,4,2,13,15,30,036,,18,63,264,,20,02,129,,23,41,346,*7C
$GPGSV,4,3,13,24,62,023,,25,21,175,,28,02,218,,29,12,199,*72
$GPGSV,4,4,13,32,10,274,*4A
$GPGLL,,,,,125814.00,V,N*41
20:58:14 | Long: Waiting... | Lat: Waiting...
$GPRMC,125815.00,V,,,,,,,060525,,,N*73
$GPVTG,,,,,,,,,N*30
$GPGGA,125815.00,,,,,0,00,99.99,,,,,,*6C
$GPGSA,A,1,,,,,,,,,,,,,99.99,99.99,99.99*30
$GPGSV,4,1,13,05,28,108,,10,07,320,,12,29,137,,13,01,054,*70
$GPGSV,4,2,13,15,30,036,,18,63,264,,20,02,129,,23,41,346,*7C
$GPGSV,4,3,13,24,62,023,,25,21,175,,28,02,218,,29,12,199,*72
$GPGSV,4,4,13,32,10,274,*4A
$GPGLL,,,,,125815.00,V,N*40
20:58:15 | Long: Waiting... | Lat: Waiting...
$GPRMC,125816.00,V,,,,,,,060525,,,N*70
$GPVTG,,,,,,,,,N*30
$GPGGA,125816.00,,,,,0,00,99.99,,,,,,*6F
$GPGSA,A,1,,,,,,,,,,,,,99.99,99.99,99.99*30
$GPGSV,4,1,13,05,28,108,,10,07,320,,12,29,137,,13,01,054,*70
$GPGSV,4,2,13,15,30,036,,18,63,264,,20,02,129,,23,41,346,*7C
$GPGSV,4,3,13,24,62,023,,25,21,175,,28,02,218,,29,12,199,*72
$GPGSV,4,4,13,32,10,274,*4A
$GPGLL,,,,,125816.00,V,N*43
20:58:16 | Long: Waiting... | Lat: Waiting...
$GPRMC,125817.00,V,,,,,,,060525,,,N*71
$GPVTG,,,,,,,,,N*30
$GPGGA,125817.00,,,,,0,00,99.99,,,,,,*6E
$GPGSA,A,1,,,,,,,,,,,,,99.99,99.99,99.99*30
$GPGSV,4,1,13,05,28,108,,10,07,320,,12,29,137,,13,01,054,*70
$GPGSV,4,2,13,15,30,036,,18,63,264,,20,02,129,,23,41,346,*7C
$GPGSV,4,3,13,24,62,023,,25,21,175,24,28,02,218,,29,12,199,*74
$GPGSV,4,4,13,32,10,274,*4A
$GPGLL,,,,,125817.00,V,N*42
20:58:17 | Long: Waiting... | Lat: Waiting...
$GPRMC,125818.00,V,,,,,,,060525,,,N*7E
$GPVTG,,,,,,,,,N*30
$GPGGA,125818.00,,,,,0,00,99.99,,,,,,*61
$GPGSA,A,1,,,,,,,,,,,,,99.99,99.99,99.99*30
$GPGSV,4,1,13,05,28,108,,10,07,320,,12,29,137,,13,01,054,*70
$GPGSV,4,2,13,15,30,036,,18,63,264,,20,02,129,,23,41,346,*7C
$GPGSV,4,3,13,24,62,023,,25,21,175,,28,02,218,,29,12,199,*72
$GPGSV,4,4,13,32,10,274,*4A
$GPGLL,,,,,125818.00,V,N*4D
20:58:18 | Long: Waiting... | Lat: Waiting...
$GPRMC,125819.00,V,,,,,,,060525,,,N*7F
$GPVTG,,,,,,,,,N*30
$GPGGA,125819.00,,,,,0,00,99.99,,,,,,*60
$GPGSA,A,1,,,,,,,,,,,,,99.99,99.99,99.99*30
$GPGSV,4,1,13,05,28,108,,10,07,320,,12,29,137,,13,01,054,*70
$GPGSV,4,2,13,15,30,036,,18,63,264,,20,02,129,,23,41,346,*7C
$GPGSV,4,3,13,24,62,023,,25,21,175,,28,02,218,,29,12,199,*72
$GPGSV,4,4,13,32,10,274,*4A
$GPGLL,,,,,125819.00,V,N*4C
20:58:19 | Long: Waiting... | Lat: Waiting...
$GPRMC,125820.00,V,,,,,,,060525,,,N*75
$GPVTG,,,,,,,,,N*30
$GPGGA,125820.00,,,,,0,00,99.99,,,,,,*6A
$GPGSA,A,1,,,,,,,,,,,,,99.99,99.99,99.99*30
$GPGSV,4,1,13,05,28,108,,10,07,320,,12,29,137,,13,01,054,*70
$GPGSV,4,2,13,15,30,036,,18,63,264,,20,02,129,,23,41,346,*7C
$GPGSV,4,3,13,24,62,023,,25,21,175,,28,02,218,,29,12,199,*72
$GPGSV,4,4,13,32,10,274,*4A
$GPGLL,,,,,125820.00,V,N*46
20:58:20 | Long: Waiting... | Lat: Waiting...
$GPRMC,125821.00,V,,,,,,,060525,,,N*74
$GPVTG,,,,,,,,,N*30
$GPGGA,125821.00,,,,,0,00,99.99,,,,,,*6B
$GPGSA,A,1,,,,,,,,,,,,,99.99,99.99,99.99*30
$GPGSV,4,1,13,05,28,108,,10,07,320,,12,29,137,,13,01,054,*70
$GPGSV,4,2,13,15,30,036,,18,63,264,,20,02,129,,23,41,346,*7C
$GPGSV,4,3,13,24,62,023,,25,21,175,,28,02,218,22,29,12,199,*72
$GPGSV,4,4,13,32,10,274,*4A
$GPGLL,,,,,125821.00,V,N*47
20:58:21 | Long: Waiting... | Lat: Waiting...
$GPRMC,125822.00,V,,,,,,,060525,,,N*77
$GPVTG,,,,,,,,,N*30
$GPGGA,125822.00,,,,,0,00,99.99,,,,,,*68
$GPGSA,A,1,,,,,,,,,,,,,99.99,99.99,99.99*30
$GPGSV,4,1,13,05,28,108,,10,07,320,,12,29,137,,13,01,054,*70
$GPGSV,4,2,13,15,30,036,,18,63,264,,20,02,129,,23,41,346,*7C
$GPGSV,4,3,13,24,62,023,,25,21,175,,28,02,218,,29,12,199,*72
$GPGSV,4,4,13,32,10,274,*4A
$GPGLL,,,,,125822.00,V,N*44
20:58:22 | Long: Waiting... | Lat: Waiting...
$GPRMC,125823.00,V,,,,,,,060525,,,N*76
$GPVTG,,,,,,,,,N*30
$GPGGA,125823.00,,,,,0,00,99.99,,,,,,*69
$GPGSA,A,1,,,,,,,,,,,,,99.99,99.99,99.99*30
$GPGSV,4,1,13,05,28,108,,10,07,320,,12,29,137,,13,01,054,*70
$GPGSV,4,2,13,15,30,036,,18,63,264,,20,02,129,,23,41,346,*7C
$GPGSV,4,3,13,24,62,023,,25,21,175,,28,02,218,,29,12,199,*72
$GPGSV,4,4,13,32,10,274,*4A
$GPGLL,,,,,125823.00,V,N*45
20:58:23 | Long: Waiting... | Lat: Waiting...
$GPRMC,125824.00,V,,,,,,,060525,,,N*71
$GPVTG,,,,,,,,,N*30
$GPGGA,125824.00,,,,,0,00,99.99,,,,,,*6E
$GPGSA,A,1,,,,,,,,,,,,,99.99,99.99,99.99*30
$GPGSV,4,1,13,05,28,108,,10,07,320,,12,29,137,,13,01,054,*70
$GPGSV,4,2,13,15,30,036,,18,63,264,,20,02,129,,23,41,346,*7C
$GPGSV,4,3,13,24,62,023,,25,21,175,,28,02,218,,29,12,199,*72
$GPGSV,4,4,13,32,10,274,*4A
$GPGLL,,,,,125824.00,V,N*42
20:58:24 | Long: Waiting... | Lat: Waiting...
$GPRMC,125825.00,V,,,,,,,060525,,,N*70
$GPVTG,,,,,,,,,N*30
$GPGGA,125825.00,,,,,0,00,99.99,,,,,,*6F
$GPGSA,A,1,,,,,,,,,,,,,99.99,99.99,99.99*30
$GPGSV,4,1,13,05,28,108,,10,07,320,,12,29,137,,13,01,054,*70
$GPGSV,4,2,13,15,30,036,,18,63,264,,20,02,129,,23,41,346,*7C
$GPGSV,4,3,13,24,62,023,,25,21,175,,28,02,218,,29,12,199,*72
$GPGSV,4,4,13,32,10,274,*4A
$GPGLL,,,,,125825.00,V,N*43
20:58:25 | Long: Waiting... | Lat: Waiting...
$GPRMC,125826.00,V,,,,,,,060525,,,N*73
$GPVTG,,,,,,,,,N*30
$GPGGA,125826.00,,,,,0,00,99.99,,,,,,*6C
$GPGSA,A,1,,,,,,,,,,,,,99.99,99.99,99.99*30
$GPGSV,4,1,13,05,28,108,,10,07,320,,12,29,137,,13,01,054,*70
$GPGSV,4,2,13,15,30,036,,18,63,264,,20,02,129,,23,41,346,*7C
$GPGSV,4,3,13,24,62,023,,25,21,175,,28,02,218,,29,12,199,24*74
$GPGSV,4,4,13,32,10,274,*4A
$GPGLL,,,,,125826.00,V,N*40
20:58:26 | Long: Waiting... | Lat: Waiting...
$GPRMC,125827.00,V,,,,,,,060525,,,N*72
$GPVTG,,,,,,,,,N*30
$GPGGA,125827.00,,,,,0,00,99.99,,,,,,*6D
$GPGSA,A,1,,,,,,,,,,,,,99.99,99.99,99.99*30
$GPGSV,4,1,13,05,28,109,,10,07,320,,12,29,137,,13,01,054,*71
$GPGSV,4,2,13,15,30,036,,18,63,264,,20,02,129,,23,41,346,*7C
$GPGSV,4,3,13,24,62,023,,25,21,175,,28,02,218,,29,12,199,*72
$GPGSV,4,4,13,32,10,274,*4A
$GPGLL,,,,,125827.00,V,N*41
20:58:27 | Long: Waiting... | Lat: Waiting...
$GPRMC,125828.00,V,,,,,,,060525,,,N*7D
$GPVTG,,,,,,,,,N*30
$GPGGA,125828.00,,,,,0,00,99.99,,,,,,*62
$GPGSA,A,1,,,,,,,,,,,,,99.99,99.99,99.99*30
$GPGSV,4,1,13,05,28,109,,10,07,320,,12,29,137,,13,01,054,*71
$GPGSV,4,2,13,15,30,036,,18,63,264,,20,02,129,,23,41,346,*7C
$GPGSV,4,3,13,24,62,023,,25,21,175,,28,02,218,,29,12,199,*72
$GPGSV,4,4,13,32,10,274,*4A
$GPGLL,,,,,125828.00,V,N*4E
20:58:28 | Long: Waiting... | Lat: Waiting...
$GPRMC,125829.00,V,,,,,,,060525,,,N*7C
$GPVTG,,,,,,,,,N*30
$GPGGA,125829.00,,,,,0,00,99.99,,,,,,*63
$GPGSA,A,1,,,,,,,,,,,,,99.99,99.99,99.99*30
$GPGSV,4,1,13,05,28,109,,10,07,320,,12,29,137,,13,01,054,*71
$GPGSV,4,2,13,15,30,036,,18,63,264,,20,02,129,,23,41,346,*7C
$GPGSV,4,3,13,24,62,023,,25,21,175,,28,02,218,,29,12,199,*72
$GPGSV,4,4,13,32,10,274,*4A
$GPGLL,,,,,125829.00,V,N*4F
20:58:29 | Long: Waiting... | Lat: Waiting...
$GPRMC,125830.00,V,,,,,,,060525,,,N*74
$GPVTG,,,,,,,,,N*30
$GPGGA,125830.00,,,,,0,00,99.99,,,,,,*6B
$GPGSA,A,1,,,,,,,,,,,,,99.99,99.99,99.99*30
$GPGSV,4,1,13,05,28,109,,10,07,320,,12,29,137,,13,01,054,*71
$GPGSV,4,2,13,15,30,036,,18,63,264,,20,02,129,,23,41,346,*7C
$GPGSV,4,3,13,24,62,023,,25,21,175,,28,02,218,,29,12,199,*72
$GPGSV,4,4,13,32,10,274,21*49
$GPGLL,,,,,125830.00,V,N*47
20:58:30 | Long: Waiting... | Lat: Waiting...
$GPRMC,125831.00,V,,,,,,,060525,,,N*75
$GPVTG,,,,,,,,,N*30
$GPGGA,125831.00,,,,,0,00,99.99,,,,,,*6A
$GPGSA,A,1,,,,,,,,,,,,,99.99,99.99,99.99*30
$GPGSV,4,1,13,05,28,109,,10,07,320,,12,29,137,,13,01,054,*71
$GPGSV,4,2,13,15,30,036,,18,63,264,,20,02,129,,23,41,346,*7C
$GPGSV,4,3,13,24,62,023,,25,21,175,,28,02,218,,29,12,199,*72
$GPGSV,4,4,13,32,10,274,*4A
$GPGLL,,,,,125831.00,V,N*46
20:58:31 | Long: Waiting... | Lat: Waiting...
$GPRMC,125832.00,V,,,,,,,060525,,,N*76
$GPVTG,,,,,,,,,N*30
$GPGGA,125832.00,,,,,0,00,99.99,,,,,,*69
$GPGSA,A,1,,,,,,,,,,,,,99.99,99.99,99.99*30
$GPGSV,4,1,13,05,28,109,,10,07,320,,12,29,137,,13,01,054,*71
$GPGSV,4,2,13,15,30,036,,18,63,264,,20,02,129,,23,41,346,*7C
$GPGSV,4,3,13,24,62,023,,25,21,175,,28,02,218,,29,12,199,*72
$GPGSV,4,4,13,32,10,274,*4A
$GPGLL,,,,,125832.00,V,N*45
20:58:32 | Long: Waiting... | Lat: Waiting...
$GPRMC,125833.00,V,,,,,,,060525,,,N*77
$GPVTG,,,,,,,,,N*30
$GPGGA,125833.00,,,,,0,00,99.99,,,,,,*68
$GPGSA,A,1,,,,,,,,,,,,,99.99,99.99,99.99*30
$GPGSV,4,1,13,05,28,109,,10,07,320,,12,29,137,,13,01,054,*71
$GPGSV,4,2,13,15,30,036,,18,63,264,,20,02,129,,23,41,346,*7C
$GPGSV,4,3,13,24,62,023,,25,21,175,,28,02,218,,29,12,199,*72
$GPGSV,4,4,13,32,10,274,*4A
$GPGLL,,,,,125833.00,V,N*44
20:58:33 | Long: Waiting... | Lat: Waiting...
$GPRMC,125834.00,V,,,,,,,060525,,,N*70
$GPVTG,,,,,,,,,N*30
$GPGGA,125834.00,,,,,0,00,99.99,,,,,,*6F
$GPGSA,A,1,,,,,,,,,,,,,99.99,99.99,99.99*30
$GPGSV,4,1,13,05,28,109,,10,07,320,,12,29,137,,13,01,054,*71
$GPGSV,4,2,13,15,30,036,,18,63,263,,20,02,129,,23,41,346,*7B
$GPGSV,4,3,13,24,62,023,,25,21,175,,28,02,218,,29,12,199,*72
$GPGSV,4,4,13,32,10,274,*4A
$GPGLL,,,,,125834.00,V,N*43
20:58:34 | Long: Waiting... | Lat: Waiting...
$GPRMC,125835.00,V,,,,,,,060525,,,N*71
$GPVTG,,,,,,,,,N*30
$GPGGA,125835.00,,,,,0,00,99.99,,,,,,*6E
$GPGSA,A,1,,,,,,,,,,,,,99.99,99.99,99.99*30
$GPGSV,4,1,13,05,28,109,22,10,07,320,,12,29,137,,13,01,054,*71
$GPGSV,4,2,13,15,30,036,,18,63,263,,20,02,129,,23,41,346,*7B
$GPGSV,4,3,13,24,62,023,,25,21,175,,28,02,218,,29,12,199,*72
$GPGSV,4,4,13,32,10,274,*4A
$GPGLL,,,,,125835.00,V,N*42
20:58:35 | Long: Waiting... | Lat: Waiting...
$GPRMC,125836.00,V,,,,,,,060525,,,N*72
$GPVTG,,,,,,,,,N*30
$GPGGA,125836.00,,,,,0,00,99.99,,,,,,*6D
$GPGSA,A,1,,,,,,,,,,,,,99.99,99.99,99.99*30
$GPGSV,4,1,13,05,28,109,,10,07,320,,12,29,137,,13,01,054,*71
$GPGSV,4,2,13,15,30,036,,18,63,263,,20,02,129,,23,41,346,*7B
$GPGSV,4,3,13,24,62,023,,25,21,175,,28,02,218,,29,12,199,*72
$GPGSV,4,4,13,32,10,274,*4A
$GPGLL,,,,,125836.00,V,N*41
20:58:36 | Long: Waiting... | Lat: Waiting...
$GPRMC,125837.00,V,,,,,,,060525,,,N*73
$GPVTG,,,,,,,,,N*30
$GPGGA,125837.00,,,,,0,00,99.99,,,,,,*6C
$GPGSA,A,1,,,,,,,,,,,,,99.99,99.99,99.99*30
$GPGSV,4,1,13,05,28,109,,10,07,320,,12,29,137,,13,01,054,*71
$GPGSV,4,2,13,15,30,036,,18,63,263,,20,02,129,,23,41,346,*7B
$GPGSV,4,3,13,24,62,023,,25,21,175,,28,02,218,,29,12,199,*72
$GPGSV,4,4,13,32,10,274,*4A
$GPGLL,,,,,125837.00,V,N*40
20:58:37 | Long: Waiting... | Lat: Waiting...
$GPRMC,125838.00,V,,,,,,,060525,,,N*7C
$GPVTG,,,,,,,,,N*30
$GPGGA,125838.00,,,,,0,00,99.99,,,,,,*63
$GPGSA,A,1,,,,,,,,,,,,,99.99,99.99,99.99*30
$GPGSV,4,1,13,05,28,109,,10,07,320,28,12,29,137,,13,01,054,*7B
$GPGSV,4,2,13,15,30,036,,18,63,263,,20,02,129,,23,41,346,*7B
$GPGSV,4,3,13,24,62,023,,25,21,175,,28,02,218,,29,12,199,*72
$GPGSV,4,4,13,32,10,274,*4A
$GPGLL,,,,,125838.00,V,N*4F
20:58:38 | Long: Waiting... | Lat: Waiting...
$GPRMC,125839.00,V,,,,,,,060525,,,N*7D
$GPVTG,,,,,,,,,N*30
$GPGGA,125839.00,,,,,0,00,99.99,,,,,,*62
$GPGSA,A,1,,,,,,,,,,,,,99.99,99.99,99.99*30
$GPGSV,4,1,13,05,28,109,,10,07,320,,12,29,137,,13,01,054,*71
$GPGSV,4,2,13,15,30,036,,18,63,263,,20,02,129,,23,41,346,*7B
$GPGSV,4,3,13,24,62,023,,25,21,175,,28,02,218,,29,12,199,*72
$GPGSV,4,4,13,32,10,274,*4A
$GPGLL,,,,,125839.00,V,N*4E
20:58:39 | Long: Waiting... | Lat: Waiting...
$GPRMC,125840.00,V,,,,,,,060525,,,N*73
$GPVTG,,,,,,,,,N*30
$GPGGA,125840.00,,,,,0,00,99.99,,,,,,*6C
$GPGSA,A,1,,,,,,,,,,,,,99.99,99.99,99.99*30
$GPGSV,4,1,13,05,28,109,,10,07,320,,12,29,137,,13,01,054,*71
$GPGSV,4,2,13,15,30,036,,18,63,263,,20,02,129,,23,41,346,*7B
$GPGSV,4,3,13,24,62,023,,25,21,175,,28,02,218,,29,12,199,*72
$GPGSV,4,4,13,32,10,274,*4A
$GPGLL,,,,,125840.00,V,N*40
20:58:40 | Long: Waiting... | Lat: Waiting...
$GPRMC,125841.00,V,,,,,,,060525,,,N*72
$GPVTG,,,,,,,,,N*30
$GPGGA,125841.00,,,,,0,00,99.99,,,,,,*6D
$GPGSA,A,1,,,,,,,,,,,,,99.99,99.99,99.99*30
$GPGSV,4,1,13,05,28,109,,10,07,320,,12,29,137,24,13,01,054,*77
$GPGSV,4,2,13,15,30,036,,18,63,263,,20,02,129,,23,41,346,*7B
$GPGSV,4,3,13,24,62,023,,25,21,175,,28,02,218,,29,12,199,*72
$GPGSV,4,4,13,32,10,274,*4A
$GPGLL,,,,,125841.00,V,N*41
20:58:41 | Long: Waiting... | Lat: Waiting...
$GPRMC,125842.00,V,,,,,,,060525,,,N*71
$GPVTG,,,,,,,,,N*30
$GPGGA,125842.00,,,,,0,00,99.99,,,,,,*6E
$GPGSA,A,1,,,,,,,,,,,,,99.99,99.99,99.99*30
$GPGSV,4,1,13,05,28,109,,10,07,320,,12,29,137,,13,01,054,*71
$GPGSV,4,2,13,15,30,036,,18,63,263,,20,02,129,,23,41,346,*7B
$GPGSV,4,3,13,24,62,023,,25,21,175,,28,02,218,,29,12,199,*72
$GPGSV,4,4,13,32,10,274,*4A
$GPGLL,,,,,125842.00,V,N*42
20:58:42 | Long: Waiting... | Lat: Waiting...
$GPRMC,125843.00,V,,,,,,,060525,,,N*70
$GPVTG,,,,,,,,,N*30
$GPGGA,125843.00,,,,,0,00,99.99,,,,,,*6F
$GPGSA,A,1,,,,,,,,,,,,,99.99,99.99,99.99*30
$GPGSV,4,1,13,05,28,109,,10,07,320,,12,29,137,,13,01,054,*71
$GPGSV,4,2,13,15,30,036,,18,63,263,,20,02,129,,23,41,346,*7B
$GPGSV,4,3,13,24,62,023,,25,21,175,,28,02,218,,29,12,199,*72
$GPGSV,4,4,13,32,10,274,*4A
$GPGLL,,,,,125843.00,V,N*43
20:58:43 | Long: Waiting... | Lat: Waiting...
$GPRMC,125844.00,V,,,,,,,060525,,,N*77
$GPVTG,,,,,,,,,N*30
$GPGGA,125844.00,,,,,0,00,99.99,,,,,,*68
$GPGSA,A,1,,,,,,,,,,,,,99.99,99.99,99.99*30
$GPGSV,4,1,13,05,28,109,,10,07,320,,12,29,137,,13,01,054,*71
$GPGSV,4,2,13,15,30,036,,18,63,263,,20,02,129,,23,41,346,*7B
$GPGSV,4,3,13,24,62,023,,25,21,175,,28,02,218,,29,12,199,*72
$GPGSV,4,4,13,32,10,274,*4A
$GPGLL,,,,,125844.00,V,N*44
20:58:44 | Long: Waiting... | Lat: Waiting...
$GPRMC,125845.00,V,,,,,,,060525,,,N*76
$GPVTG,,,,,,,,,N*30
$GPGGA,125845.00,,,,,0,00,99.99,,,,,,*69
$GPGSA,A,1,,,,,,,,,,,,,99.99,99.99,99.99*30
$GPGSV,4,1,13,05,28,109,,10,07,320,,12,29,137,,13,01,054,*71
$GPGSV,4,2,13,15,30,036,,18,63,263,,20,02,129,,23,41,346,*7B
$GPGSV,4,3,13,24,62,023,,25,21,175,,28,02,218,,29,12,199,*72
$GPGSV,4,4,13,32,10,274,*4A
$GPGLL,,,,,125845.00,V,N*45
20:58:45 | Long: Waiting... | Lat: Waiting...
$GPRMC,125846.00,V,,,,,,,060525,,,N*75
$GPVTG,,,,,,,,,N*30
$GPGGA,125846.00,,,,,0,00,99.99,,,,,,*6A
$GPGSA,A,1,,,,,,,,,,,,,99.99,99.99,99.99*30
$GPGSV,4,1,13,05,28,109,,10,07,320,,12,29,137,,13,01,054,*71
$GPGSV,4,2,13,15,30,036,,18,63,263,,20,02,129,,23,41,346,*7B
$GPGSV,4,3,13,24,62,023,,25,21,175,,28,02,218,,29,12,199,*72
$GPGSV,4,4,13,32,10,274,*4A
$GPGLL,,,,,125846.00,V,N*46
20:58:46 | Long: Waiting... | Lat: Waiting...
$GPRMC,125847.00,V,,,,,,,060525,,,N*74
$GPVTG,,,,,,,,,N*30
$GPGGA,125847.00,,,,,0,00,99.99,,,,,,*6B
$GPGSA,A,1,,,,,,,,,,,,,99.99,99.99,99.99*30
$GPGSV,4,1,13,05,28,109,,10,07,320,,12,29,137,,13,01,054,*71
$GPGSV,4,2,13,15,30,036,26,18,63,263,,20,02,129,,23,41,346,*7F
$GPGSV,4,3,13,24,62,023,,25,21,175,,28,02,218,,29,12,199,*72
$GPGSV,4,4,13,32,10,274,*4A
$GPGLL,,,,,125847.00,V,N*47
20:58:47 | Long: Waiting... | Lat: Waiting...
$GPRMC,125848.00,V,,,,,,,060525,,,N*7B
$GPVTG,,,,,,,,,N*30
$GPGGA,125848.00,,,,,0,00,99.99,,,,,,*64
$GPGSA,A,1,,,,,,,,,,,,,99.99,99.99,99.99*30
$GPGSV,4,1,13,05,28,109,,10,07,320,,12,29,137,,13,01,054,*71
$GPGSV,4,2,13,15,30,036,,18,63,263,,20,02,129,,23,41,346,*7B
$GPGSV,4,3,13,24,62,023,,25,21,175,,28,02,218,,29,12,199,*72
$GPGSV,4,4,13,32,10,274,*4A
$GPGLL,,,,,125848.00,V,N*48
20:58:48 | Long: Waiting... | Lat: Waiting...
$GPRMC,125849.00,V,,,,,,,060525,,,N*7A
$GPVTG,,,,,,,,,N*30
$GPGGA,125849.00,,,,,0,00,99.99,,,,,,*65
$GPGSA,A,1,,,,,,,,,,,,,99.99,99.99,99.99*30
$GPGSV,4,1,13,05,28,109,,10,07,320,,12,29,137,,13,01,054,*71
$GPGSV,4,2,13,15,30,036,,18,63,263,,20,02,129,,23,41,346,*7B
$GPGSV,4,3,13,24,62,023,,25,21,175,,28,02,218,,29,12,199,*72
$GPGSV,4,4,13,32,10,274,*4A
$GPGLL,,,,,125849.00,V,N*49
20:58:49 | Long: Waiting... | Lat: Waiting...
$GPRMC,125850.00,V,,,,,,,060525,,,N*72
$GPVTG,,,,,,,,,N*30
$GPGGA,125850.00,,,,,0,00,99.99,,,,,,*6D
$GPGSA,A,1,,,,,,,,,,,,,99.99,99.99,99.99*30
$GPGSV,4,1,13,05,28,109,,10,07,320,,12,29,137,,13,01,054,*71
$GPGSV,4,2,13,15,30,036,,18,63,263,22,20,02,129,,23,41,346,*7B
$GPGSV,4,3,13,24,62,023,,25,21,175,,28,02,218,,29,12,199,*72
$GPGSV,4,4,13,32,10,274,*4A
$GPGLL,,,,,125850.00,V,N*41
20:58:50 | Long: Waiting... | Lat: Waiting...
$GPRMC,125851.00,V,,,,,,,060525,,,N*73
$GPVTG,,,,,,,,,N*30
$GPGGA,125851.00,,,,,0,00,99.99,,,,,,*6C
$GPGSA,A,1,,,,,,,,,,,,,99.99,99.99,99.99*30
$GPGSV,4,1,13,05,28,109,,10,07,320,,12,29,137,,13,01,054,*71
$GPGSV,4,2,13,15,30,036,,18,63,263,,20,02,129,,23,41,346,*7B
$GPGSV,4,3,13,24,62,023,,25,21,175,,28,02,218,,29,12,199,*72
$GPGSV,4,4,13,32,10,274,*4A
$GPGLL,,,,,125851.00,V,N*40
20:58:51 | Long: Waiting... | Lat: Waiting...
$GPRMC,125852.00,V,,,,,,,060525,,,N*70
$GPVTG,,,,,,,,,N*30
$GPGGA,125852.00,,,,,0,00,99.99,,,,,,*6F
$GPGSA,A,1,,,,,,,,,,,,,99.99,99.99,99.99*30
$GPGSV,4,1,13,05,28,109,,10,07,320,,12,29,137,,13,01,054,*71
$GPGSV,4,2,13,15,30,036,,18,63,263,,20,02,129,,23,41,346,*7B
$GPGSV,4,3,13,24,62,023,,25,21,175,,28,02,218,,29,12,199,*72
$GPGSV,4,4,13,32,10,274,*4A
$GPGLL,,,,,125852.00,V,N*43
20:58:52 | Long: Waiting... | Lat: Waiting...
$GPRMC,125853.00,V,,,,,,,060525,,,N*71
$GPVTG,,,,,,,,,N*30
$GPGGA,125853.00,,,,,0,00,99.99,,,,,,*6E
$GPGSA,A,1,,,,,,,,,,,,,99.99,99.99,99.99*30
$GPGSV,4,1,13,05,28,109,,10,07,320,,12,29,137,,13,01,054,*71
$GPGSV,4,2,13,15,30,036,,18,63,263,,20,02,129,22,23,41,346,*7B
$GPGSV,4,3,13,24,62,023,,25,21,175,,28,02,218,,29,12,199,*72
$GPGSV,4,4,13,32,10,274,*4A
$GPGLL,,,,,125853.00,V,N*42
20:58:53 | Long: Waiting... | Lat: Waiting...
$GPRMC,125854.00,V,,,,,,,060525,,,N*76
$GPVTG,,,,,,,,,N*30
$GPGGA,125854.00,,,,,0,00,99.99,,,,,,*69
$GPGSA,A,1,,,,,,,,,,,,,99.99,99.99,99.99*30
$GPGSV,4,1,13,05,28,109,,10,07,320,,12,29,137,,13,01,054,*71
$GPGSV,4,2,13,15,30,036,,18,63,263,,20,02,129,,23,41,346,*7B
$GPGSV,4,3,13,24,62,023,,25,21,175,,28,02,218,,29,12,199,*72
$GPGSV,4,4,13,32,10,274,*4A
$GPGLL,,,,,125854.00,V,N*45
20:58:54 | Long: Waiting... | Lat: Waiting...
$GPRMC,125855.00,V,,,,,,,060525,,,N*77
$GPVTG,,,,,,,,,N*30
$GPGGA,125855.00,,,,,0,00,99.99,,,,,,*68
$GPGSA,A,1,,,,,,,,,,,,,99.99,99.99,99.99*30
$GPGSV,4,1,13,05,28,109,,10,07,320,,12,29,137,,13,01,054,*71
$GPGSV,4,2,13,15,30,036,,18,63,263,,20,02,129,,23,41,346,*7B
$GPGSV,4,3,13,24,62,023,,25,21,175,,28,02,218,,29,12,199,*72
$GPGSV,4,4,13,32,10,274,*4A
$GPGLL,,,,,125855.00,V,N*44
20:58:55 | Long: Waiting... | Lat: Waiting...
$GPRMC,125856.00,V,,,,,,,060525,,,N*74
$GPVTG,,,,,,,,,N*30
$GPGGA,125856.00,,,,,0,00,99.99,,,,,,*6B
$GPGSA,A,1,,,,,,,,,,,,,99.99,99.99,99.99*30
$GPGSV,4,1,13,05,28,109,,10,07,320,,12,29,137,,13,01,054,*71
$GPGSV,4,2,13,15,30,036,,18,63,263,,20,02,129,,23,41,346,20*79
$GPGSV,4,3,13,24,62,023,,25,21,175,,28,02,218,,29,12,199,*72
$GPGSV,4,4,13,32,10,274,*4A
$GPGLL,,,,,125856.00,V,N*47
20:58:56 | Long: Waiting... | Lat: Waiting...
$GPRMC,125857.00,V,,,,,,,060525,,,N*75
$GPVTG,,,,,,,,,N*30
$GPGGA,125857.00,,,,,0,00,99.99,,,,,,*6A
$GPGSA,A,1,,,,,,,,,,,,,99.99,99.99,99.99*30
$GPGSV,4,1,13,05,28,109,,10,07,320,,12,29,137,,13,01,054,*71
$GPGSV,4,2,13,15,30,036,,18,63,263,,20,02,129,,23,41,346,*7B
$GPGSV,4,3,13,24,62,023,,25,21,175,,28,02,218,,29,12,199,*72
$GPGSV,4,4,13,32,10,274,*4A
$GPGLL,,,,,125857.00,V,N*46
20:58:57 | Long: Waiting... | Lat: Waiting...
$GPRMC,125858.00,V,,,,,,,060525,,,N*7A
$GPVTG,,,,,,,,,N*30
$GPGGA,125858.00,,,,,0,00,99.99,,,,,,*65
$GPGSA,A,1,,,,,,,,,,,,,99.99,99.99,99.99*30
$GPGSV,4,1,13,05,28,109,,10,07,320,,12,29,137,,13,01,054,*71
$GPGSV,4,2,13,15,30,036,,18,63,263,,20,02,129,,23,41,346,*7B
$GPGSV,4,3,13,24,62,023,,25,21,175,,28,02,218,,29,12,199,*72
$GPGSV,4,4,13,32,10,274,*4A
$GPGLL,,,,,125858.00,V,N*49
20:58:58 | Long: Waiting... | Lat: Waiting...
$GPRMC,125859.00,V,,,,,,,060525,,,N*7B
$GPVTG,,,,,,,,,N*30
$GPGGA,125859.00,,,,,0,00,99.99,,,,,,*64
$GPGSA,A,1,,,,,,,,,,,,,99.99,99.99,99.99*30
$GPGSV,4,1,13,05,28,109,,10,07,320,,12,29,137,,13,01,054,*71
$GPGSV,4,2,13,15,30,036,,18,63,263,,20,02,129,,23,41,346,*7B
$GPGSV,4,3,13,24,62,023,23,25,21,175,,28,02,218,,29,12,199,*73
$GPGSV,4,4,13,32,10,274,*4A
$GPGLL,,,,,125859.00,V,N*48
20:58:59 | Long: Waiting... | Lat: Waiting...
$GPRMC,125900.00,V,,,,,,,060525,,,N*76
$GPVTG,,,,,,,,,N*30
$GPGGA,125900.00,,,,,0,00,99.99,,,,,,*69
$GPGSA,A,1,,,,,,,,,,,,,99.99,99.99,99.99*30
$GPGSV,4,1,13,05,28,109,,10,07,320,,12,29,137,,13,01,054,*71
$GPGSV,4,2,13,15,30,036,,18,63,263,,20,02,129,,23,41,346,*7B
$GPGSV,4,3,13,24,62,023,,25,21,175,,28,02,218,,29,12,199,*72
$GPGSV,4,4,13,32,10,274,*4A
$GPGLL,,,,,125900.00,V,N*45
20:59:00 | Long: Waiting... | Lat: Waiting...
$GPRMC,125901.00,V,,,,,,,060525,,,N*77
$GPVTG,,,,,,,,,N*30
$GPGGA,125901.00,,,,,0,00,99.99,,,,,,*68
$GPGSA,A,1,,,,,,,,,,,,,99.99,99.99,99.99*30
$GPGSV,4,1,13,05,28,109,,10,07,320,,12,29,137,,13,01,054,*71
$GPGSV,4,2,13,15,30,036,,18,63,263,,20,02,129,,23,41,346,*7B
$GPGSV,4,3,13,24,62,023,,25,21,175,,28,02,218,,29,12,199,*72
$GPGSV,4,4,13,32,10,274,*4A
$GPGLL,,,,,125901.00,V,N*44
20:59:01 | Long: Waiting... | Lat: Waiting...
$GPRMC,125902.00,V,,,,,,,060525,,,N*74
$GPVTG,,,,,,,,,N*30
$GPGGA,125902.00,,,,,0,00,99.99,,,,,,*6B
$GPGSA,A,1,,,,,,,,,,,,,99.99,99.99,99.99*30
$GPGSV,4,1,13,05,28,109,,10,07,320,,12,29,137,,13,01,054,*71
$GPGSV,4,2,13,15,30,036,,18,63,263,,20,02,129,,23,41,346,*7B
$GPGSV,4,3,13,24,62,023,,25,21,175,,28,02,218,,29,12,199,*72
$GPGSV,4,4,13,32,10,274,*4A
$GPGLL,,,,,125902.00,V,N*47
20:59:02 | Long: Waiting... | Lat: Waiting...
$GPRMC,125903.00,V,,,,,,,060525,,,N*75
$GPVTG,,,,,,,,,N*30
$GPGGA,125903.00,,,,,0,00,99.99,,,,,,*6A
$GPGSA,A,1,,,,,,,,,,,,,99.99,99.99,99.99*30
$GPGSV,4,1,13,05,28,109,,10,07,320,,12,29,137,,13,01,054,*71
$GPGSV,4,2,13,15,30,036,,18,63,263,,20,02,129,,23,41,346,*7B
$GPGSV,4,3,13,24,62,023,,25,21,175,,28,02,218,,29,12,199,*72
$GPGSV,4,4,13,32,10,274,*4A
$GPGLL,,,,,125903.00,V,N*46
20:59:03 | Long: Waiting... | Lat: Waiting...
$GPRMC,125904.00,V,,,,,,,060525,,,N*72
$GPVTG,,,,,,,,,N*30
$GPGGA,125904.00,,,,,0,00,99.99,,,,,,*6D
$GPGSA,A,1,,,,,,,,,,,,,99.99,99.99,99.99*30
$GPGSV,4,1,13,05,28,109,,10,07,320,,12,29,137,,13,01,054,*71
$GPGSV,4,2,13,15,30,036,,18,63,263,,20,02,129,,23,41,346,*7B
$GPGSV,4,3,13,24,62,023,,25,21,175,,28,02,218,,29,12,199,*72
$GPGSV,4,4,13,32,10,274,*4A
$GPGLL,,,,,125904.00,V,N*41
20:59:04 | Long: Waiting... | Lat: Waiting...
$GPRMC,125905.00,V,,,,,,,060525,,,N*73
$GPVTG,,,,,,,,,N*30
$GPGGA,125905.00,,,,,0,00,99.99,,,,,,*6C
$GPGSA,A,1,,,,,,,,,,,,,99.99,99.99,99.99*30
$GPGSV,4,1,13,05,28,109,,10,07,321,,12,29,137,,13,01,054,*70
$GPGSV,4,2,13,15,30,036,,18,63,263,,20,02,129,,23,41,346,*7B
$GPGSV,4,3,13,24,62,023,19,25,21,175,,28,02,218,,29,12,199,*7A
$GPGSV,4,4,13,32,10,274,*4A
$GPGLL,,,,,125905.00,V,N*40
20:59:05 | Long: Waiting... | Lat: Waiting...
$GPRMC,125906.00,V,,,,,,,060525,,,N*70
$GPVTG,,,,,,,,,N*30
$GPGGA,125906.00,,,,,0,00,99.99,,,,,,*6F
$GPGSA,A,1,,,,,,,,,,,,,99.99,99.99,99.99*30
$GPGSV,4,1,13,05,28,109,,10,07,321,,12,29,137,,13,01,054,*70
$GPGSV,4,2,13,15,30,036,,18,63,263,,20,02,129,,23,41,346,*7B
$GPGSV,4,3,13,24,62,023,18,25,21,175,,28,02,218,,29,12,199,*7B
$GPGSV,4,4,13,32,10,274,*4A
$GPGLL,,,,,125906.00,V,N*43
20:59:06 | Long: Waiting... | Lat: Waiting...
$GPRMC,125907.00,V,,,,,,,060525,,,N*71
$GPVTG,,,,,,,,,N*30
$GPGGA,125907.00,,,,,0,00,99.99,,,,,,*6E
$GPGSA,A,1,,,,,,,,,,,,,99.99,99.99,99.99*30
$GPGSV,4,1,13,05,28,109,,10,07,321,,12,29,137,,13,00,054,*71
$GPGSV,4,2,13,15,30,036,,18,63,263,,20,02,129,,23,41,346,*7B
$GPGSV,4,3,13,24,62,023,14,25,21,175,,28,02,218,,29,12,199,24*71
$GPGSV,4,4,13,32,10,274,*4A
$GPGLL,,,,,125907.00,V,N*42
20:59:07 | Long: Waiting... | Lat: Waiting...
$GPRMC,125908.00,V,,,,,,,060525,,,N*7E
$GPVTG,,,,,,,,,N*30
$GPGGA,125908.00,,,,,0,00,99.99,,,,,,*61
$GPGSA,A,1,,,,,,,,,,,,,99.99,99.99,99.99*30
$GPGSV,4,1,13,05,28,109,,10,07,321,,12,29,137,,13,00,054,*71
$GPGSV,4,2,13,15,30,036,,18,63,263,,20,02,129,,23,41,346,*7B
$GPGSV,4,3,13,24,62,023,10,25,21,175,,28,02,218,,29,12,199,*73
$GPGSV,4,4,13,32,10,274,*4A
$GPGLL,,,,,125908.00,V,N*4D
20:59:08 | Long: Waiting... | Lat: Waiting...
$GPRMC,125909.00,V,,,,,,,060525,,,N*7F
$GPVTG,,,,,,,,,N*30
$GPGGA,125909.00,,,,,0,00,99.99,,,,,,*60
$GPGSA,A,1,,,,,,,,,,,,,99.99,99.99,99.99*30
$GPGSV,4,1,13,05,28,109,,10,07,321,,12,29,137,,13,00,054,*71
$GPGSV,4,2,13,15,30,036,,18,63,262,,20,02,129,,23,41,346,*7A
$GPGSV,4,3,13,24,62,023,08,25,21,175,,28,02,218,,29,12,199,*7A
$GPGSV,4,4,13,32,10,274,*4A
$GPGLL,,,,,125909.00,V,N*4C
20:59:09 | Long: Waiting... | Lat: Waiting...
$GPRMC,125910.00,V,,,,,,,060525,,,N*77
$GPVTG,,,,,,,,,N*30
$GPGGA,125910.00,,,,,0,00,99.99,,,,,,*68
$GPGSA,A,1,,,,,,,,,,,,,99.99,99.99,99.99*30
$GPGSV,4,1,13,05,28,109,,10,07,321,,12,29,137,,13,00,054,*71
$GPGSV,4,2,13,15,30,036,,18,63,262,,20,01,129,,23,41,346,*79
$GPGSV,4,3,13,24,62,023,,25,21,175,,28,02,218,,29,12,199,*72
$GPGSV,4,4,13,32,10,274,21*49
$GPGLL,,,,,125910.00,V,N*44
20:59:10 | Long: Waiting... | Lat: Waiting...
$GPRMC,125911.00,V,,,,,,,060525,,,N*76
$GPVTG,,,,,,,,,N*30
$GPGGA,125911.00,,,,,0,00,99.99,,,,,,*69
$GPGSA,A,1,,,,,,,,,,,,,99.99,99.99,99.99*30
$GPGSV,4,1,13,05,28,109,,10,07,321,,12,29,137,,13,00,054,*71
$GPGSV,4,2,13,15,30,036,,18,63,262,,20,01,129,,23,41,346,*79
$GPGSV,4,3,13,24,62,023,,25,21,175,,28,02,218,,29,12,199,*72
$GPGSV,4,4,13,32,10,274,*4A
$GPGLL,,,,,125911.00,V,N*45
20:59:11 | Long: Waiting... | Lat: Waiting...
$GPRMC,125912.00,V,,,,,,,060525,,,N*75
$GPVTG,,,,,,,,,N*30
$GPGGA,125912.00,,,,,0,00,99.99,,,,,,*6A
$GPGSA,A,1,,,,,,,,,,,,,99.99,99.99,99.99*30
$GPGSV,4,1,13,05,28,109,,10,07,321,,12,29,137,,13,00,054,*71
$GPGSV,4,2,13,15,30,036,,18,63,262,,20,01,129,,23,41,346,*79
$GPGSV,4,3,13,24,62,023,,25,21,175,,28,02,218,,29,12,199,*72
$GPGSV,4,4,13,32,10,274,*4A
$GPGLL,,,,,125912.00,V,N*46
20:59:12 | Long: Waiting... | Lat: Waiting...
$GPRMC,125913.00,V,,,,,,,060525,,,N*74
$GPVTG,,,,,,,,,N*30
$GPGGA,125913.00,,,,,0,00,99.99,,,,,,*6B
$GPGSA,A,1,,,,,,,,,,,,,99.99,99.99,99.99*30
$GPGSV,4,1,13,05,28,109,,10,07,321,,12,29,137,,13,00,054,*71
$GPGSV,4,2,13,15,30,036,,18,63,262,,20,01,129,,23,41,346,*79
$GPGSV,4,3,13,24,62,023,,25,21,174,,28,02,218,,29,12,199,*73
$GPGSV,4,4,13,32,10,274,*4A
$GPGLL,,,,,125913.00,V,N*47
20:59:13 | Long: Waiting... | Lat: Waiting...
$GPRMC,125914.00,V,,,,,,,060525,,,N*73
$GPVTG,,,,,,,,,N*30
$GPGGA,125914.00,,,,,0,00,99.99,,,,,,*6C
$GPGSA,A,1,,,,,,,,,,,,,99.99,99.99,99.99*30
$GPGSV,4,1,13,05,28,109,,10,07,321,,12,29,137,,13,00,054,*71
$GPGSV,4,2,13,15,30,036,,18,63,262,,20,01,129,,23,41,346,*79
$GPGSV,4,3,13,24,62,023,,25,21,174,,28,03,219,,29,12,199,*73
$GPGSV,4,4,13,32,10,274,*4A
$GPGLL,,,,,125914.00,V,N*40
20:59:14 | Long: Waiting... | Lat: Waiting...
$GPRMC,125915.00,V,,,,,,,060525,,,N*72
$GPVTG,,,,,,,,,N*30
$GPGGA,125915.00,,,,,0,00,99.99,,,,,,*6D
$GPGSA,A,1,,,,,,,,,,,,,99.99,99.99,99.99*30
$GPGSV,4,1,13,05,28,109,,10,07,321,,12,29,137,,13,00,054,*71
$GPGSV,4,2,13,15,30,036,,18,63,262,,20,01,129,,23,41,346,*79
$GPGSV,4,3,13,24,62,023,,25,21,174,,28,03,219,,29,12,198,*72
$GPGSV,4,4,13,32,10,274,*4A
$GPGLL,,,,,125915.00,V,N*41
20:59:15 | Long: Waiting... | Lat: Waiting...
$GPRMC,125916.00,V,,,,,,,060525,,,N*71
$GPVTG,,,,,,,,,N*30
$GPGGA,125916.00,,,,,0,00,99.99,,,,,,*6E
$GPGSA,A,1,,,,,,,,,,,,,99.99,99.99,99.99*30
$GPGSV,4,1,13,05,28,109,,10,07,321,,12,29,137,,13,00,054,*71
$GPGSV,4,2,13,15,30,036,,18,63,262,,20,01,129,,23,41,346,*79
$GPGSV,4,3,13,24,62,023,,25,21,174,,28,03,219,,29,12,198,*72
$GPGSV,4,4,13,32,10,275,*4B
$GPGLL,,,,,125916.00,V,N*42
20:59:16 | Long: Waiting... | Lat: Waiting...
$GPRMC,125917.00,V,,,,,,,060525,,,N*70
$GPVTG,,,,,,,,,N*30
$GPGGA,125917.00,,,,,0,00,99.99,,,,,,*6F
$GPGSA,A,1,,,,,,,,,,,,,99.99,99.99,99.99*30
$GPGSV,4,1,13,05,28,109,,10,07,321,,12,29,137,,13,00,054,*71
$GPGSV,4,2,13,15,30,036,,18,63,262,,20,01,129,,23,41,346,*79
$GPGSV,4,3,13,24,62,023,,25,21,174,,28,03,219,,29,12,198,*72
$GPGSV,4,4,13,32,10,275,*4B
$GPGLL,,,,,125917.00,V,N*43
20:59:17 | Long: Waiting... | Lat: Waiting...
$GPRMC,125918.00,V,,,,,,,060525,,,N*7F
$GPVTG,,,,,,,,,N*30
$GPGGA,125918.00,,,,,0,00,99.99,,,,,,*60
$GPGSA,A,1,,,,,,,,,,,,,99.99,99.99,99.99*30
$GPGSV,4,1,13,05,28,109,,10,07,321,21,12,29,137,,13,00,054,*72
$GPGSV,4,2,13,15,30,036,,18,63,262,,20,01,129,,23,41,346,*79
$GPGSV,4,3,13,24,62,023,,25,21,174,,28,03,219,,29,12,198,*72
$GPGSV,4,4,13,32,10,275,*4B
$GPGLL,,,,,125918.00,V,N*4C
20:59:18 | Long: Waiting... | Lat: Waiting...
$GPRMC,125919.00,V,,,,,,,060525,,,N*7E
$GPVTG,,,,,,,,,N*30
$GPGGA,125919.00,,,,,0,00,99.99,,,,,,*61
$GPGSA,A,1,,,,,,,,,,,,,99.99,99.99,99.99*30
$GPGSV,4,1,13,05,28,109,,10,07,321,,12,29,137,,13,00,054,*71
$GPGSV,4,2,13,15,30,036,,18,63,262,,20,01,129,,23,41,346,*79
$GPGSV,4,3,13,24,62,023,,25,21,174,,28,03,219,,29,12,198,*72
$GPGSV,4,4,13,32,10,275,*4B
$GPGLL,,,,,125919.00,V,N*4D
20:59:19 | Long: Waiting... | Lat: Waiting...
$GPRMC,125920.00,V,,,,,,,060525,,,N*74
$GPVTG,,,,,,,,,N*30
$GPGGA,125920.00,,,,,0,00,99.99,,,,,,*6B
$GPGSA,A,1,,,,,,,,,,,,,99.99,99.99,99.99*30
$GPGSV,4,1,13,05,28,109,,10,07,321,,12,29,137,,13,00,054,*71
$GPGSV,4,2,13,15,30,036,,18,63,262,,20,01,129,,23,41,346,*79
$GPGSV,4,3,13,24,62,023,,25,21,174,,28,03,219,,29,12,198,*72
$GPGSV,4,4,13,32,10,275,*4B
$GPGLL,,,,,125920.00,V,N*47
20:59:20 | Long: Waiting... | Lat: Waiting...
$GPRMC,125921.00,V,,,,,,,060525,,,N*75
$GPVTG,,,,,,,,,N*30
$GPGGA,125921.00,,,,,0,00,99.99,,,,,,*6A
$GPGSA,A,1,,,,,,,,,,,,,99.99,99.99,99.99*30
$GPGSV,4,1,13,05,28,109,,10,07,321,,12,29,137,,13,00,054,*71
$GPGSV,4,2,13,15,30,036,,18,63,262,,20,01,129,,23,41,346,*79
$GPGSV,4,3,13,24,62,023,,25,21,174,,28,03,219,,29,12,198,*72
$GPGSV,4,4,13,32,10,275,*4B
$GPGLL,,,,,125921.00,V,N*46
20:59:21 | Long: Waiting... | Lat: Waiting...
$GPRMC,125922.00,V,,,,,,,060525,,,N*76
$GPVTG,,,,,,,,,N*30
$GPGGA,125922.00,,,,,0,00,99.99,,,,,,*69
$GPGSA,A,1,,,,,,,,,,,,,99.99,99.99,99.99*30
$GPGSV,4,1,13,05,28,109,,10,07,321,,12,29,137,,13,00,054,*71
$GPGSV,4,2,13,15,30,036,,18,63,262,,20,01,129,,23,41,346,*79
$GPGSV,4,3,13,24,62,023,,25,21,174,,28,03,219,,29,12,198,*72
$GPGSV,4,4,13,32,10,275,*4B
$GPGLL,,,,,125922.00,V,N*45
20:59:22 | Long: Waiting... | Lat: Waiting...
$GPRMC,125923.00,V,,,,,,,060525,,,N*77
$GPVTG,,,,,,,,,N*30
$GPGGA,125923.00,,,,,0,00,99.99,,,,,,*68
$GPGSA,A,1,,,,,,,,,,,,,99.99,99.99,99.99*30
$GPGSV,4,1,13,05,28,109,,10,07,321,,12,29,137,24,13,00,054,*77
$GPGSV,4,2,13,15,30,036,,18,63,262,,20,01,129,,23,41,346,*79
$GPGSV,4,3,13,24,62,023,,25,21,174,,28,03,219,,29,12,198,*72
$GPGSV,4,4,13,32,10,275,*4B
$GPGLL,,,,,125923.00,V,N*44
20:59:23 | Long: Waiting... | Lat: Waiting...
$GPRMC,125924.00,V,,,,,,,060525,,,N*70
$GPVTG,,,,,,,,,N*30
$GPGGA,125924.00,,,,,0,00,99.99,,,,,,*6F
$GPGSA,A,1,,,,,,,,,,,,,99.99,99.99,99.99*30
$GPGSV,4,1,13,05,28,109,,10,07,321,,12,29,137,,13,00,054,*71
$GPGSV,4,2,13,15,30,036,,18,63,262,,20,01,129,,23,41,346,*79
$GPGSV,4,3,13,24,62,023,,25,21,174,,28,03,219,,29,12,198,*72
$GPGSV,4,4,13,32,10,275,*4B
$GPGLL,,,,,125924.00,V,N*43
20:59:24 | Long: Waiting... | Lat: Waiting...
$GPRMC,125925.00,V,,,,,,,060525,,,N*71
$GPVTG,,,,,,,,,N*30
$GPGGA,125925.00,,,,,0,00,99.99,,,,,,*6E
$GPGSA,A,1,,,,,,,,,,,,,99.99,99.99,99.99*30
$GPGSV,4,1,13,05,28,109,,10,07,321,,12,29,137,,13,00,054,*71
$GPGSV,4,2,13,15,30,036,,18,63,262,,20,01,129,,23,41,346,*79
$GPGSV,4,3,13,24,62,023,,25,21,174,,28,03,219,,29,12,198,*72
$GPGSV,4,4,13,32,10,275,*4B
$GPGLL,,,,,125925.00,V,N*42
20:59:25 | Long: Waiting... | Lat: Waiting...
$GPRMC,125926.00,V,,,,,,,060525,,,N*72
$GPVTG,,,,,,,,,N*30
$GPGGA,125926.00,,,,,0,00,99.99,,,,,,*6D
$GPGSA,A,1,,,,,,,,,,,,,99.99,99.99,99.99*30
$GPGSV,4,1,13,05,28,109,,10,07,321,,12,29,137,,13,00,054,*71
$GPGSV,4,2,13,15,30,036,,18,63,262,,20,01,129,,23,41,346,*79
$GPGSV,4,3,13,24,62,023,,25,21,174,,28,03,219,,29,12,198,*72
$GPGSV,4,4,13,32,10,275,*4B
$GPGLL,,,,,125926.00,V,N*41
20:59:26 | Long: Waiting... | Lat: Waiting...
$GPRMC,125927.00,V,,,,,,,060525,,,N*73
$GPVTG,,,,,,,,,N*30
$GPGGA,125927.00,,,,,0,00,99.99,,,,,,*6C
$GPGSA,A,1,,,,,,,,,,,,,99.99,99.99,99.99*30
$GPGSV,4,1,13,05,28,109,,10,07,321,,12,29,137,,13,00,054,*71
$GPGSV,4,2,13,15,30,036,,18,63,262,,20,01,129,,23,41,346,*79
$GPGSV,4,3,13,24,62,023,,25,21,174,,28,03,219,,29,12,198,*72
$GPGSV,4,4,13,32,10,275,*4B
$GPGLL,,,,,125927.00,V,N*40
20:59:27 | Long: Waiting... | Lat: Waiting...
$GPRMC,125928.00,V,,,,,,,060525,,,N*7C
$GPVTG,,,,,,,,,N*30
$GPGGA,125928.00,,,,,0,00,99.99,,,,,,*63
$GPGSA,A,1,,,,,,,,,,,,,99.99,99.99,99.99*30
$GPGSV,4,1,13,05,28,109,,10,07,321,,12,29,137,,13,00,054,*71
$GPGSV,4,2,13,15,30,036,,18,63,262,,20,01,129,,23,41,346,*79
$GPGSV,4,3,13,24,62,023,,25,21,174,,28,03,219,,29,12,198,*72
$GPGSV,4,4,13,32,10,275,*4B
$GPGLL,,,,,125928.00,V,N*4F
20:59:28 | Long: Waiting... | Lat: Waiting...
$GPRMC,125929.00,V,,,,,,,060525,,,N*7D
$GPVTG,,,,,,,,,N*30
$GPGGA,125929.00,,,,,0,00,99.99,,,,,,*62
$GPGSA,A,1,,,,,,,,,,,,,99.99,99.99,99.99*30
$GPGSV,4,1,13,05,28,109,,10,07,321,,12,29,137,,13,00,054,*71
$GPGSV,4,2,13,15,30,036,,18,63,262,,20,01,129,,23,41,346,*79
$GPGSV,4,3,13,24,62,023,,25,21,174,,28,03,219,,29,12,198,*72
$GPGSV,4,4,13,32,10,275,*4B
$GPGLL,,,,,125929.00,V,N*4E
20:59:29 | Long: Waiting... | Lat: Waiting...
$GPRMC,125930.00,V,,,,,,,060525,,,N*75
$GPVTG,,,,,,,,,N*30
$GPGGA,125930.00,,,,,0,00,99.99,,,,,,*6A
$GPGSA,A,1,,,,,,,,,,,,,99.99,99.99,99.99*30
$GPGSV,4,1,13,05,28,109,,10,07,321,,12,29,137,,13,00,054,*71
$GPGSV,4,2,13,15,30,036,,18,63,262,,20,01,129,,23,41,346,*79
$GPGSV,4,3,13,24,62,023,,25,21,174,,28,03,219,,29,12,198,*72
$GPGSV,4,4,13,32,10,275,*4B
$GPGLL,,,,,125930.00,V,N*46
20:59:30 | Long: Waiting... | Lat: Waiting...
$GPRMC,125931.00,V,,,,,,,060525,,,N*74
$GPVTG,,,,,,,,,N*30
$GPGGA,125931.00,,,,,0,00,99.99,,,,,,*6B
$GPGSA,A,1,,,,,,,,,,,,,99.99,99.99,99.99*30
$GPGSV,4,1,13,05,28,109,,10,07,321,,12,29,137,,13,00,054,*71
$GPGSV,4,2,13,15,30,036,,18,63,262,,20,01,129,,23,41,346,*79
$GPGSV,4,3,13,24,62,023,,25,21,174,,28,03,219,,29,12,198,*72
$GPGSV,4,4,13,32,10,275,*4B
$GPGLL,,,,,125931.00,V,N*47
20:59:31 | Long: Waiting... | Lat: Waiting...
$GPRMC,125932.00,V,,,,,,,060525,,,N*77
$GPVTG,,,,,,,,,N*30
$GPGGA,125932.00,,,,,0,00,99.99,,,,,,*68
$GPGSA,A,1,,,,,,,,,,,,,99.99,99.99,99.99*30
$GPGSV,4,1,13,05,28,109,,10,07,321,,12,29,137,,13,00,054,*71
$GPGSV,4,2,13,15,30,036,,18,63,262,,20,01,129,,23,41,346,*79
$GPGSV,4,3,13,24,62,023,,25,21,174,,28,03,219,,29,12,198,*72
$GPGSV,4,4,13,32,10,275,*4B
$GPGLL,,,,,125932.00,V,N*44
20:59:32 | Long: Waiting... | Lat: Waiting...
$GPRMC,125933.00,V,,,,,,,060525,,,N*76
$GPVTG,,,,,,,,,N*30
$GPGGA,125933.00,,,,,0,00,99.99,,,,,,*69
$GPGSA,A,1,,,,,,,,,,,,,99.99,99.99,99.99*30
$GPGSV,4,1,13,05,28,109,,10,07,321,,12,29,137,,13,00,054,*71
$GPGSV,4,2,13,15,30,036,,18,63,262,,20,01,129,,23,41,346,*79
$GPGSV,4,3,13,24,62,023,,25,21,174,,28,03,219,,29,12,198,*72
$GPGSV,4,4,13,32,10,275,*4B
$GPGLL,,,,,125933.00,V,N*45
20:59:33 | Long: Waiting... | Lat: Waiting...
$GPRMC,125934.00,V,,,,,,,060525,,,N*71
$GPVTG,,,,,,,,,N*30
$GPGGA,125934.00,,,,,0,00,99.99,,,,,,*6E
$GPGSA,A,1,,,,,,,,,,,,,99.99,99.99,99.99*30
$GPGSV,4,1,13,05,28,109,,10,07,321,,12,29,137,,13,00,054,*71
$GPGSV,4,2,13,15,30,036,20,18,63,262,,20,01,129,,23,41,346,*7B
$GPGSV,4,3,13,24,62,023,,25,21,174,,28,03,219,,29,12,198,*72
$GPGSV,4,4,13,32,10,275,*4B
$GPGLL,,,,,125934.00,V,N*42
20:59:34 | Long: Waiting... | Lat: Waiting...
$GPRMC,125935.00,V,,,,,,,060525,,,N*70
$GPVTG,,,,,,,,,N*30
$GPGGA,125935.00,,,,,0,00,99.99,,,,,,*6F
$GPGSA,A,1,,,,,,,,,,,,,99.99,99.99,99.99*30
$GPGSV,4,1,13,05,28,109,,10,07,321,,12,29,137,,13,00,054,*71
$GPGSV,4,2,13,15,30,036,,18,63,262,,20,01,129,,23,41,346,*79
$GPGSV,4,3,13,24,62,023,,25,21,174,,28,03,219,,29,12,198,*72
$GPGSV,4,4,13,32,10,275,*4B
$GPGLL,,,,,125935.00,V,N*43
20:59:35 | Long: Waiting... | Lat: Waiting...
$GPRMC,125936.00,V,,,,,,,060525,,,N*73
$GPVTG,,,,,,,,,N*30
$GPGGA,125936.00,,,,,0,00,99.99,,,,,,*6C
$GPGSA,A,1,,,,,,,,,,,,,99.99,99.99,99.99*30
$GPGSV,4,1,13,05,28,109,,10,07,321,,12,29,137,,13,00,054,*71
$GPGSV,4,2,13,15,30,036,,18,63,262,,20,01,129,,23,41,346,*79
$GPGSV,4,3,13,24,62,023,,25,21,174,,28,03,219,,29,12,198,*72
$GPGSV,4,4,13,32,10,275,*4B
$GPGLL,,,,,125936.00,V,N*40
20:59:36 | Long: Waiting... | Lat: Waiting...
$GPRMC,125937.00,V,,,,,,,060525,,,N*72
$GPVTG,,,,,,,,,N*30
$GPGGA,125937.00,,,,,0,00,99.99,,,,,,*6D
$GPGSA,A,1,,,,,,,,,,,,,99.99,99.99,99.99*30
$GPGSV,4,1,13,05,28,109,,10,07,321,,12,29,137,,13,00,054,*71
$GPGSV,4,2,13,15,30,036,,18,63,262,,20,01,129,,23,41,346,*79
$GPGSV,4,3,13,24,62,023,,25,21,174,,28,03,219,,29,12,198,*72
$GPGSV,4,4,13,32,10,275,*4B
$GPGLL,,,,,125937.00,V,N*41
20:59:37 | Long: Waiting... | Lat: Waiting...
$GPRMC,125938.00,V,,,,,,,060525,,,N*7D
$GPVTG,,,,,,,,,N*30
$GPGGA,125938.00,,,,,0,00,99.99,,,,,,*62
$GPGSA,A,1,,,,,,,,,,,,,99.99,99.99,99.99*30
$GPGSV,4,1,13,05,28,109,,10,07,321,,12,29,137,,13,00,054,*71
$GPGSV,4,2,13,15,30,036,,18,63,262,,20,01,129,,23,41,346,*79
$GPGSV,4,3,13,24,62,023,,25,21,174,,28,03,219,,29,12,198,*72
$GPGSV,4,4,13,32,10,275,*4B
$GPGLL,,,,,125938.00,V,N*4E
20:59:38 | Long: Waiting... | Lat: Waiting...
$GPRMC,125939.00,V,,,,,,,060525,,,N*7C
$GPVTG,,,,,,,,,N*30
$GPGGA,125939.00,,,,,0,00,99.99,,,,,,*63
$GPGSA,A,1,,,,,,,,,,,,,99.99,99.99,99.99*30
$GPGSV,4,1,13,05,28,109,,10,07,321,,12,29,137,,13,00,054,*71
$GPGSV,4,2,13,15,30,036,,18,63,262,,20,01,129,,23,41,346,*79
$GPGSV,4,3,13,24,62,023,,25,21,174,,28,03,219,,29,12,198,*72
$GPGSV,4,4,13,32,10,275,*4B
$GPGLL,,,,,125939.00,V,N*4F
20:59:39 | Long: Waiting... | Lat: Waiting...
$GPRMC,125940.00,V,,,,,,,060525,,,N*72
$GPVTG,,,,,,,,,N*30
$GPGGA,125940.00,,,,,0,00,99.99,,,,,,*6D
$GPGSA,A,1,,,,,,,,,,,,,99.99,99.99,99.99*30
$GPGSV,4,1,13,05,28,109,,10,07,321,,12,29,137,,13,00,054,*71
$GPGSV,4,2,13,15,30,036,,18,63,262,,20,01,129,,23,41,346,*79
$GPGSV,4,3,13,24,62,023,,25,21,174,,28,03,219,,29,12,198,*72
$GPGSV,4,4,13,32,10,275,*4B
$GPGLL,,,,,125940.00,V,N*41
20:59:40 | Long: Waiting... | Lat: Waiting...
$GPRMC,125941.00,V,,,,,,,060525,,,N*73
$GPVTG,,,,,,,,,N*30
$GPGGA,125941.00,,,,,0,00,99.99,,,,,,*6C
$GPGSA,A,1,,,,,,,,,,,,,99.99,99.99,99.99*30
$GPGSV,4,1,13,05,28,109,,10,07,321,,12,29,137,,13,00,054,*71
$GPGSV,4,2,13,15,30,036,,18,63,262,,20,01,129,,23,41,346,*79
$GPGSV,4,3,13,24,62,023,,25,21,174,,28,03,219,,29,12,198,*72
$GPGSV,4,4,13,32,10,275,*4B
$GPGLL,,,,,125941.00,V,N*40
20:59:41 | Long: Waiting... | Lat: Waiting...
$GPRMC,125942.00,V,,,,,,,060525,,,N*70
$GPVTG,,,,,,,,,N*30
$GPGGA,125942.00,,,,,0,00,99.99,,,,,,*6F
$GPGSA,A,1,,,,,,,,,,,,,99.99,99.99,99.99*30
$GPGSV,4,1,13,05,28,109,,10,07,321,,12,29,136,,13,00,054,*70
$GPGSV,4,2,13,15,30,036,,18,63,262,,20,01,129,,23,41,346,*79
$GPGSV,4,3,13,24,62,023,,25,21,174,,28,03,219,,29,12,198,*72
$GPGSV,4,4,13,32,10,275,*4B
$GPGLL,,,,,125942.00,V,N*43
20:59:42 | Long: Waiting... | Lat: Waiting...
$GPRMC,125943.00,V,,,,,,,060525,,,N*71
$GPVTG,,,,,,,,,N*30
$GPGGA,125943.00,,,,,0,00,99.99,,,,,,*6E
$GPGSA,A,1,,,,,,,,,,,,,99.99,99.99,99.99*30
$GPGSV,4,1,13,05,28,109,,10,07,321,,12,29,136,,13,00,054,*70
$GPGSV,4,2,13,15,30,037,,18,63,262,,20,01,129,,23,41,346,*78
$GPGSV,4,3,13,24,62,023,,25,21,174,,28,03,219,,29,12,198,*72
$GPGSV,4,4,13,32,10,275,*4B
$GPGLL,,,,,125943.00,V,N*42
20:59:43 | Long: Waiting... | Lat: Waiting...
$GPRMC,125944.00,V,,,,,,,060525,,,N*76
$GPVTG,,,,,,,,,N*30
$GPGGA,125944.00,,,,,0,00,99.99,,,,,,*69
$GPGSA,A,1,,,,,,,,,,,,,99.99,99.99,99.99*30
$GPGSV,4,1,13,05,28,109,,10,07,321,,12,29,136,,13,00,054,*70
$GPGSV,4,2,13,15,30,037,,18,63,262,,20,01,129,22,23,41,346,*78
$GPGSV,4,3,13,24,62,023,,25,21,174,,28,03,219,,29,12,198,*72
$GPGSV,4,4,13,32,10,275,*4B
$GPGLL,,,,,125944.00,V,N*45
20:59:44 | Long: Waiting... | Lat: Waiting...
$GPRMC,125945.00,V,,,,,,,060525,,,N*77
$GPVTG,,,,,,,,,N*30
$GPGGA,125945.00,,,,,0,00,99.99,,,,,,*68
$GPGSA,A,1,,,,,,,,,,,,,99.99,99.99,99.99*30
$GPGSV,4,1,13,05,28,109,,10,07,321,,12,29,136,,13,00,054,*70
$GPGSV,4,2,13,15,30,037,,18,63,262,,20,01,129,,23,41,346,*78
$GPGSV,4,3,13,24,62,023,,25,21,174,,28,03,219,,29,12,198,*72
$GPGSV,4,4,13,32,10,275,*4B
$GPGLL,,,,,125945.00,V,N*44
20:59:45 | Long: Waiting... | Lat: Waiting...
$GPRMC,125946.00,V,,,,,,,060525,,,N*74
$GPVTG,,,,,,,,,N*30
$GPGGA,125946.00,,,,,0,00,99.99,,,,,,*6B
$GPGSA,A,1,,,,,,,,,,,,,99.99,99.99,99.99*30
$GPGSV,4,1,13,05,28,109,,10,07,321,,12,29,136,,13,00,054,*70
$GPGSV,4,2,13,15,30,037,,18,63,262,,20,01,129,,23,41,346,*78
$GPGSV,4,3,13,24,62,023,,25,21,174,,28,03,219,,29,12,198,*72
$GPGSV,4,4,13,32,10,275,*4B
$GPGLL,,,,,125946.00,V,N*47
20:59:46 | Long: Waiting... | Lat: Waiting...
$GPRMC,125947.00,V,,,,,,,060525,,,N*75
$GPVTG,,,,,,,,,N*30
$GPGGA,125947.00,,,,,0,00,99.99,,,,,,*6A
$GPGSA,A,1,,,,,,,,,,,,,99.99,99.99,99.99*30
$GPGSV,4,1,13,05,28,109,,10,07,321,,12,29,136,,13,00,054,*70
$GPGSV,4,2,13,15,30,037,,18,63,262,,20,01,129,,23,41,347,*79
$GPGSV,4,3,13,24,62,023,,25,21,174,,28,03,219,,29,12,198,*72
$GPGSV,4,4,13,32,10,275,*4B
$GPGLL,,,,,125947.00,V,N*46
20:59:47 | Long: Waiting... | Lat: Waiting...
$GPRMC,125948.00,V,,,,,,,060525,,,N*7A
$GPVTG,,,,,,,,,N*30
$GPGGA,125948.00,,,,,0,00,99.99,,,,,,*65
$GPGSA,A,1,,,,,,,,,,,,,99.99,99.99,99.99*30
$GPGSV,4,1,13,05,28,109,,10,07,321,,12,29,136,,13,00,054,*70
$GPGSV,4,2,13,15,30,037,,18,63,262,,20,01,129,,23,41,347,*79
$GPGSV,4,3,13,24,61,023,,25,21,174,,28,03,219,,29,12,198,*71
$GPGSV,4,4,13,32,10,275,*4B
$GPGLL,,,,,125948.00,V,N*49
20:59:48 | Long: Waiting... | Lat: Waiting...
$GPRMC,125949.00,V,,,,,,,060525,,,N*7B
$GPVTG,,,,,,,,,N*30
$GPGGA,125949.00,,,,,0,00,99.99,,,,,,*64
$GPGSA,A,1,,,,,,,,,,,,,99.99,99.99,99.99*30
$GPGSV,4,1,13,05,28,109,,10,07,321,,12,29,136,,13,00,054,*70
$GPGSV,4,2,13,15,30,037,,18,63,262,,20,01,129,,23,41,347,*79
$GPGSV,4,3,13,24,61,023,,25,21,174,,28,03,219,,29,12,198,*71
$GPGSV,4,4,13,32,10,275,*4B
$GPGLL,,,,,125949.00,V,N*48
20:59:49 | Long: Waiting... | Lat: Waiting...
$GPRMC,125950.00,V,,,,,,,060525,,,N*73
$GPVTG,,,,,,,,,N*30
$GPGGA,125950.00,,,,,0,00,99.99,,,,,,*6C
$GPGSA,A,1,,,,,,,,,,,,,99.99,99.99,99.99*30
$GPGSV,4,1,13,05,28,109,,10,07,321,,12,29,136,,13,00,054,*70
$GPGSV,4,2,13,15,30,037,,18,63,262,,20,01,129,,23,41,347,*79
$GPGSV,4,3,13,24,61,023,,25,21,174,,28,03,219,,29,12,198,*71
$GPGSV,4,4,13,32,10,275,*4B
$GPGLL,,,,,125950.00,V,N*40
20:59:50 | Long: Waiting... | Lat: Waiting...
$GPRMC,125951.00,V,,,,,,,060525,,,N*72
$GPVTG,,,,,,,,,N*30
$GPGGA,125951.00,,,,,0,00,99.99,,,,,,*6D
$GPGSA,A,1,,,,,,,,,,,,,99.99,99.99,99.99*30
$GPGSV,4,1,13,05,28,109,,10,07,321,,12,29,136,,13,00,054,*70
$GPGSV,4,2,13,15,30,037,,18,63,262,,20,01,129,,23,41,347,*79
$GPGSV,4,3,13,24,61,023,,25,21,174,,28,03,219,,29,12,198,*71
$GPGSV,4,4,13,32,10,275,*4B
$GPGLL,,,,,125951.00,V,N*41
20:59:51 | Long: Waiting... | Lat: Waiting...
$GPRMC,125952.00,V,,,,,,,060525,,,N*71
$GPVTG,,,,,,,,,N*30
$GPGGA,125952.00,,,,,0,00,99.99,,,,,,*6E
$GPGSA,A,1,,,,,,,,,,,,,99.99,99.99,99.99*30
$GPGSV,4,1,13,05,28,109,,10,07,321,,12,29,136,,13,00,054,*70
$GPGSV,4,2,13,15,30,037,,18,63,262,,20,01,129,,23,41,347,*79
$GPGSV,4,3,13,24,61,023,,25,21,174,,28,03,219,,29,12,198,*71
$GPGSV,4,4,13,32,11,275,*4A
$GPGLL,,,,,125952.00,V,N*42
20:59:52 | Long: Waiting... | Lat: Waiting...
$GPRMC,125953.00,V,,,,,,,060525,,,N*70
$GPVTG,,,,,,,,,N*30
$GPGGA,125953.00,,,,,0,00,99.99,,,,,,*6F
$GPGSA,A,1,,,,,,,,,,,,,99.99,99.99,99.99*30
$GPGSV,4,1,13,05,28,109,,10,07,321,,12,29,136,,13,00,054,*70
$GPGSV,4,2,13,15,30,037,,18,63,262,,20,01,129,,23,41,347,*79
$GPGSV,4,3,13,24,61,023,,25,21,174,,28,03,219,,29,12,198,*71
$GPGSV,4,4,13,32,11,275,*4A
$GPGLL,,,,,125953.00,V,N*43
20:59:53 | Long: Waiting... | Lat: Waiting...
$GPRMC,125954.00,V,,,,,,,060525,,,N*77
$GPVTG,,,,,,,,,N*30
$GPGGA,125954.00,,,,,0,00,99.99,,,,,,*68
$GPGSA,A,1,,,,,,,,,,,,,99.99,99.99,99.99*30
$GPGSV,4,1,13,05,28,109,,10,07,321,,12,29,136,,13,00,054,*70
$GPGSV,4,2,13,15,30,037,,18,63,262,,20,01,129,,23,41,347,*79
$GPGSV,4,3,13,24,61,023,,25,21,174,,28,03,219,,29,12,198,*71
$GPGSV,4,4,13,32,11,275,*4A
$GPGLL,,,,,125954.00,V,N*44
20:59:54 | Long: Waiting... | Lat: Waiting...
$GPRMC,125955.00,V,,,,,,,060525,,,N*76
$GPVTG,,,,,,,,,N*30
$GPGGA,125955.00,,,,,0,00,99.99,,,,,,*69
$GPGSA,A,1,,,,,,,,,,,,,99.99,99.99,99.99*30
$GPGSV,4,1,13,05,28,109,,10,07,321,,12,29,136,,13,00,054,*70
$GPGSV,4,2,13,15,30,037,,18,63,262,,20,01,129,,23,41,347,*79
$GPGSV,4,3,13,24,61,023,,25,21,174,,28,03,219,,29,12,198,*71
$GPGSV,4,4,13,32,11,275,*4A
$GPGLL,,,,,125955.00,V,N*45
20:59:55 | Long: Waiting... | Lat: Waiting...
$GPRMC,125956.00,V,,,,,,,060525,,,N*75
$GPVTG,,,,,,,,,N*30
$GPGGA,125956.00,,,,,0,00,99.99,,,,,,*6A
$GPGSA,A,1,,,,,,,,,,,,,99.99,99.99,99.99*30
$GPGSV,4,1,13,05,28,109,,10,07,321,,12,29,136,,13,00,054,*70
$GPGSV,4,2,13,15,30,037,,18,63,262,,20,01,129,,23,41,347,*79
$GPGSV,4,3,13,24,61,023,,25,21,174,,28,03,219,,29,12,198,*71
$GPGSV,4,4,13,32,11,275,*4A
$GPGLL,,,,,125956.00,V,N*46
20:59:56 | Long: Waiting... | Lat: Waiting...
$GPRMC,125957.00,V,,,,,,,060525,,,N*74
$GPVTG,,,,,,,,,N*30
$GPGGA,125957.00,,,,,0,00,99.99,,,,,,*6B
$GPGSA,A,1,,,,,,,,,,,,,99.99,99.99,99.99*30
$GPGSV,4,1,13,05,28,109,,10,07,321,,12,29,136,,13,00,054,*70
$GPGSV,4,2,13,15,30,037,,18,63,262,,20,01,129,,23,41,347,*79
$GPGSV,4,3,13,24,61,023,,25,21,174,,28,03,219,,29,12,198,*71
$GPGSV,4,4,13,32,11,275,*4A
$GPGLL,,,,,125957.00,V,N*47
20:59:57 | Long: Waiting... | Lat: Waiting...
$GPRMC,125958.00,V,,,,,,,060525,,,N*7B
$GPVTG,,,,,,,,,N*30
$GPGGA,125958.00,,,,,0,00,99.99,,,,,,*64
$GPGSA,A,1,,,,,,,,,,,,,99.99,99.99,99.99*30
$GPGSV,4,1,13,05,28,109,,10,07,321,,12,29,136,,13,00,054,*70
$GPGSV,4,2,13,15,30,037,,18,63,262,,20,01,129,,23,41,347,*79
$GPGSV,4,3,13,24,61,023,,25,21,174,,28,03,219,,29,12,198,*71
$GPGSV,4,4,13,32,11,275,*4A
$GPGLL,,,,,125958.00,V,N*48
20:59:58 | Long: Waiting... | Lat: Waiting...
$GPRMC,125959.00,V,,,,,,,060525,,,N*7A
$GPVTG,,,,,,,,,N*30
$GPGGA,125959.00,,,,,0,00,99.99,,,,,,*65
$GPGSA,A,1,,,,,,,,,,,,,99.99,99.99,99.99*30
$GPGSV,4,1,13,05,28,109,,10,07,321,,12,29,136,,13,00,054,*70
$GPGSV,4,2,13,15,30,037,,18,63,262,,20,01,129,,23,41,347,*79
$GPGSV,4,3,13,24,61,023,,25,21,174,,28,03,219,,29,12,198,*71
$GPGSV,4,4,13,32,11,275,*4A
$GPGLL,,,,,125959.00,V,N*49
20:59:59 | Long: Waiting... | Lat: Waiting...
$GPRMC,130000.00,V,,,,,,,060525,,,N*7B
$GPVTG,,,,,,,,,N*30
$GPGGA,130000.00,,,,,0,00,99.99,,,,,,*64
$GPGSA,A,1,,,,,,,,,,,,,99.99,99.99,99.99*30
$GPGSV,4,1,13,05,28,109,,10,07,321,,12,29,136,,13,00,054,*70
$GPGSV,4,2,13,15,30,037,,18,63,262,,20,01,129,,23,41,347,*79
$GPGSV,4,3,13,24,61,023,20,25,21,174,,28,03,219,,29,12,198,*73
$GPGSV,4,4,13,32,11,275,*4A
$GPGLL,,,,,130000.00,V,N*48
21:00:00 | Long: Waiting... | Lat: Waiting...
$GPRMC,130001.00,V,,,,,,,060525,,,N*7A
$GPVTG,,,,,,,,,N*30
$GPGGA,130001.00,,,,,0,00,99.99,,,,,,*65
$GPGSA,A,1,,,,,,,,,,,,,99.99,99.99,99.99*30
$GPGSV,4,1,13,05,28,109,,10,07,321,,12,29,136,,13,00,054,*70
$GPGSV,4,2,13,15,30,037,,18,63,262,,20,01,129,,23,41,347,*79
$GPGSV,4,3,13,24,61,023,,25,21,174,,28,03,219,,29,12,198,*71
$GPGSV,4,4,13,32,11,275,*4A
$GPGLL,,,,,130001.00,V,N*49
21:00:01 | Long: Waiting... | Lat: Waiting...
$GPRMC,130002.00,V,,,,,,,060525,,,N*79
$GPVTG,,,,,,,,,N*30
$GPGGA,130002.00,,,,,0,00,99.99,,,,,,*66
$GPGSA,A,1,,,,,,,,,,,,,99.99,99.99,99.99*30
$GPGSV,4,1,13,05,28,109,,10,07,321,,12,29,136,,13,00,054,*70
$GPGSV,4,2,13,15,30,037,,18,63,262,,20,01,129,,23,41,347,*79
$GPGSV,4,3,13,24,61,023,,25,21,174,,28,03,219,,29,12,198,*71
$GPGSV,4,4,13,32,11,275,*4A
$GPGLL,,,,,130002.00,V,N*4A
21:00:02 | Long: Waiting... | Lat: Waiting...
$GPRMC,130003.00,V,,,,,,,060525,,,N*78
$GPVTG,,,,,,,,,N*30
$GPGGA,130003.00,,,,,0,00,99.99,,,,,,*67
$GPGSA,A,1,,,,,,,,,,,,,99.99,99.99,99.99*30
$GPGSV,4,1,13,05,28,109,,10,07,321,,12,29,136,,13,00,054,*70
$GPGSV,4,2,13,15,30,037,,18,63,262,,20,01,129,,23,41,347,*79
$GPGSV,4,3,13,24,61,023,,25,21,174,,28,03,219,,29,12,198,*71
$GPGSV,4,4,13,32,11,275,*4A
$GPGLL,,,,,130003.00,V,N*4B
21:00:03 | Long: Waiting... | Lat: Waiting...
$GPRMC,130004.00,V,,,,,,,060525,,,N*7F
$GPVTG,,,,,,,,,N*30
$GPGGA,130004.00,,,,,0,00,99.99,,,,,,*60
$GPGSA,A,1,,,,,,,,,,,,,99.99,99.99,99.99*30
$GPGSV,4,1,13,05,28,109,,10,07,321,,12,29,136,,13,00,054,*70
$GPGSV,4,2,13,15,30,037,,18,63,262,,20,01,129,,23,41,347,*79
$GPGSV,4,3,13,24,61,023,,25,21,174,,28,03,219,,29,12,198,*71
$GPGSV,4,4,13,32,11,275,*4A
$GPGLL,,,,,130004.00,V,N*4C
21:00:04 | Long: Waiting... | Lat: Waiting...
$GPRMC,130005.00,V,,,,,,,060525,,,N*7E
$GPVTG,,,,,,,,,N*30
$GPGGA,130005.00,,,,,0,00,99.99,,,,,,*61
$GPGSA,A,1,,,,,,,,,,,,,99.99,99.99,99.99*30
$GPGSV,4,1,13,05,28,109,,10,07,321,,12,29,136,,13,00,054,*70
$GPGSV,4,2,13,15,30,037,,18,63,262,,20,01,129,,23,41,347,*79
$GPGSV,4,3,13,24,61,023,,25,21,174,24,28,03,219,,29,12,198,*77
$GPGSV,4,4,13,32,11,275,*4A
$GPGLL,,,,,130005.00,V,N*4D
21:00:05 | Long: Waiting... | Lat: Waiting...
$GPRMC,130006.00,V,,,,,,,060525,,,N*7D
$GPVTG,,,,,,,,,N*30
$GPGGA,130006.00,,,,,0,00,99.99,,,,,,*62
$GPGSA,A,1,,,,,,,,,,,,,99.99,99.99,99.99*30
$GPGSV,4,1,13,05,28,109,,10,07,321,,12,29,136,,13,00,054,*70
$GPGSV,4,2,13,15,30,037,,18,63,262,,20,01,129,,23,41,347,*79
$GPGSV,4,3,13,24,61,023,,25,21,174,,28,03,219,,29,12,198,*71
$GPGSV,4,4,13,32,11,275,*4A
$GPGLL,,,,,130006.00,V,N*4E
21:00:06 | Long: Waiting... | Lat: Waiting...
$GPRMC,130007.00,V,,,,,,,060525,,,N*7C
$GPVTG,,,,,,,,,N*30
$GPGGA,130007.00,,,,,0,00,99.99,,,,,,*63
$GPGSA,A,1,,,,,,,,,,,,,99.99,99.99,99.99*30
$GPGSV,4,1,13,05,28,109,,10,07,321,,12,29,136,,13,00,054,*70
$GPGSV,4,2,13,15,30,037,,18,63,262,,20,01,129,,23,41,347,*79
$GPGSV,4,3,13,24,61,023,,25,21,174,,28,03,219,,29,12,198,*71
$GPGSV,4,4,13,32,11,275,*4A
$GPGLL,,,,,130007.00,V,N*4F
21:00:07 | Long: Waiting... | Lat: Waiting...
$GPRMC,130008.00,V,,,,,,,060525,,,N*73
$GPVTG,,,,,,,,,N*30
$GPGGA,130008.00,,,,,0,00,99.99,,,,,,*6C
$GPGSA,A,1,,,,,,,,,,,,,99.99,99.99,99.99*30
$GPGSV,4,1,13,05,28,109,,10,07,321,,12,29,136,,13,00,054,*70
$GPGSV,4,2,13,15,30,037,,18,63,262,,20,01,129,,23,41,347,*79
$GPGSV,4,3,13,24,61,023,,25,21,174,,28,03,219,,29,12,198,*71
$GPGSV,4,4,13,32,11,275,*4A
$GPGLL,,,,,130008.00,V,N*40
21:00:08 | Long: Waiting... | Lat: Waiting...
$GPRMC,130009.00,V,,,,,,,060525,,,N*72
$GPVTG,,,,,,,,,N*30
$GPGGA,130009.00,,,,,0,00,99.99,,,,,,*6D
$GPGSA,A,1,,,,,,,,,,,,,99.99,99.99,99.99*30
$GPGSV,4,1,13,05,28,109,,10,07,321,,12,29,136,,13,00,054,*70
$GPGSV,4,2,13,15,30,037,,18,63,262,,20,01,129,,23,41,347,*79
$GPGSV,4,3,13,24,61,023,,25,21,174,,28,03,219,,29,12,198,*71
$GPGSV,4,4,13,32,11,275,*4A
$GPGLL,,,,,130009.00,V,N*41
21:00:09 | Long: Waiting... | Lat: Waiting...
$GPRMC,130010.00,V,,,,,,,060525,,,N*7A
$GPVTG,,,,,,,,,N*30
$GPGGA,130010.00,,,,,0,00,99.99,,,,,,*65
$GPGSA,A,1,,,,,,,,,,,,,99.99,99.99,99.99*30
$GPGSV,4,1,13,05,28,109,,10,07,321,,12,29,136,,13,00,054,*70
$GPGSV,4,2,13,15,30,037,,18,63,262,,20,01,129,,23,41,347,*79
$GPGSV,4,3,13,24,61,023,,25,21,174,,28,03,219,26,29,12,198,*75
$GPGSV,4,4,13,32,11,275,*4A
$GPGLL,,,,,130010.00,V,N*49
21:00:10 | Long: Waiting... | Lat: Waiting...
$GPRMC,130011.00,V,,,,,,,060525,,,N*7B
$GPVTG,,,,,,,,,N*30
$GPGGA,130011.00,,,,,0,00,99.99,,,,,,*64
$GPGSA,A,1,,,,,,,,,,,,,99.99,99.99,99.99*30
$GPGSV,4,1,13,05,28,109,,10,07,321,,12,29,136,,13,00,054,*70
$GPGSV,4,2,13,15,30,037,,18,63,262,,20,01,129,,23,41,347,*79
$GPGSV,4,3,13,24,61,023,,25,21,174,,28,03,219,,29,12,198,*71
$GPGSV,4,4,13,32,11,275,*4A
$GPGLL,,,,,130011.00,V,N*48
21:00:11 | Long: Waiting... | Lat: Waiting...
$GPRMC,130012.00,V,,,,,,,060525,,,N*78
$GPVTG,,,,,,,,,N*30
$GPGGA,130012.00,,,,,0,00,99.99,,,,,,*67
$GPGSA,A,1,,,,,,,,,,,,,99.99,99.99,99.99*30
$GPGSV,4,1,13,05,28,109,,10,07,321,,12,29,136,,13,00,054,*70
$GPGSV,4,2,13,15,30,037,,18,63,262,,20,01,129,,23,41,347,*79
$GPGSV,4,3,13,24,61,023,,25,21,174,,28,03,219,,29,12,198,*71
$GPGSV,4,4,13,32,11,275,*4A
$GPGLL,,,,,130012.00,V,N*4B
21:00:12 | Long: Waiting... | Lat: Waiting...
$GPRMC,130013.00,V,,,,,,,060525,,,N*79
$GPVTG,,,,,,,,,N*30
$GPGGA,130013.00,,,,,0,00,99.99,,,,,,*66
$GPGSA,A,1,,,,,,,,,,,,,99.99,99.99,99.99*30
$GPGSV,4,1,13,05,28,109,,10,07,321,,12,29,136,,13,00,054,*70
$GPGSV,4,2,13,15,30,037,,18,63,262,,20,01,129,,23,41,347,*79
$GPGSV,4,3,13,24,61,023,,25,21,174,,28,03,219,,29,12,198,*71
$GPGSV,4,4,13,32,11,275,*4A
$GPGLL,,,,,130013.00,V,N*4A
21:00:13 | Long: Waiting... | Lat: Waiting...
$GPRMC,130014.00,V,,,,,,,060525,,,N*7E
$GPVTG,,,,,,,,,N*30
$GPGGA,130014.00,,,,,0,00,99.99,,,,,,*61
$GPGSA,A,1,,,,,,,,,,,,,99.99,99.99,99.99*30
$GPGSV,4,1,13,05,28,110,,10,07,321,,12,29,136,,13,00,054,*78
$GPGSV,4,2,13,15,30,037,,18,63,262,,20,01,129,,23,41,347,*79
$GPGSV,4,3,13,24,61,023,,25,21,174,,28,03,219,,29,12,198,24*77
$GPGSV,4,4,13,32,11,275,*4A
$GPGLL,,,,,130014.00,V,N*4D
21:00:14 | Long: Waiting... | Lat: Waiting...
$GPRMC,130015.00,V,,,,,,,060525,,,N*7F
$GPVTG,,,,,,,,,N*30
$GPGGA,130015.00,,,,,0,00,99.99,,,,,,*60
$GPGSA,A,1,,,,,,,,,,,,,99.99,99.99,99.99*30
$GPGSV,4,1,13,05,28,110,,10,07,321,,12,29,136,,13,00,054,*78
$GPGSV,4,2,13,15,30,037,,18,63,262,,20,01,129,,23,41,347,*79
$GPGSV,4,3,13,24,61,023,,25,21,174,,28,03,219,,29,12,198,*71
$GPGSV,4,4,13,32,11,275,*4A
$GPGLL,,,,,130015.00,V,N*4C
21:00:15 | Long: Waiting... | Lat: Waiting...
$GPRMC,130016.00,V,,,,,,,060525,,,N*7C
$GPVTG,,,,,,,,,N*30
$GPGGA,130016.00,,,,,0,00,99.99,,,,,,*63
$GPGSA,A,1,,,,,,,,,,,,,99.99,99.99,99.99*30
$GPGSV,4,1,13,05,28,110,,10,07,321,,12,29,136,,13,00,054,*78
$GPGSV,4,2,13,15,30,037,,18,63,262,,20,01,129,,23,41,347,*79
$GPGSV,4,3,13,24,61,023,,25,21,174,,28,03,219,,29,12,198,*71
$GPGSV,4,4,13,32,11,275,*4A
$GPGLL,,,,,130016.00,V,N*4F
21:00:16 | Long: Waiting... | Lat: Waiting...
$GPRMC,130017.00,V,,,,,,,060525,,,N*7D
$GPVTG,,,,,,,,,N*30
$GPGGA,130017.00,,,,,0,00,99.99,,,,,,*62
$GPGSA,A,1,,,,,,,,,,,,,99.99,99.99,99.99*30
$GPGSV,4,1,13,05,28,110,,10,07,321,,12,29,136,,13,00,054,*78
$GPGSV,4,2,13,15,30,037,,18,63,262,,20,01,129,,23,41,347,*79
$GPGSV,4,3,13,24,61,023,,25,21,174,,28,03,219,,29,12,198,*71
$GPGSV,4,4,13,32,11,275,*4A
$GPGLL,,,,,130017.00,V,N*4E
21:00:17 | Long: Waiting... | Lat: Waiting...
$GPRMC,130018.00,V,,,,,,,060525,,,N*72
$GPVTG,,,,,,,,,N*30
$GPGGA,130018.00,,,,,0,00,99.99,,,,,,*6D
$GPGSA,A,1,,,,,,,,,,,,,99.99,99.99,99.99*30
$GPGSV,4,1,13,05,28,110,,10,07,321,,12,29,136,,13,00,055,*79
$GPGSV,4,2,13,15,30,037,,18,63,262,,20,01,129,,23,41,347,*79
$GPGSV,4,3,13,24,61,023,,25,21,174,,28,03,219,,29,12,198,*71
$GPGSV,4,4,13,32,11,275,*4A
$GPGLL,,,,,130018.00,V,N*41
21:00:18 | Long: Waiting... | Lat: Waiting...
$GPRMC,130019.00,V,,,,,,,060525,,,N*73
$GPVTG,,,,,,,,,N*30
$GPGGA,130019.00,,,,,0,00,99.99,,,,,,*6C
$GPGSA,A,1,,,,,,,,,,,,,99.99,99.99,99.99*30
$GPGSV,4,1,13,05,28,110,,10,07,321,,12,29,136,,13,00,055,*79
$GPGSV,4,2,13,15,30,037,,18,63,262,,20,01,129,,23,41,347,*79
$GPGSV,4,3,13,24,61,023,,25,21,174,,28,03,219,,29,12,198,*71
$GPGSV,4,4,13,32,11,275,*4A
$GPGLL,,,,,130019.00,V,N*40
21:00:19 | Long: Waiting... | Lat: Waiting...
$GPRMC,130020.00,V,,,,,,,060525,,,N*79
$GPVTG,,,,,,,,,N*30
$GPGGA,130020.00,,,,,0,00,99.99,,,,,,*66
$GPGSA,A,1,,,,,,,,,,,,,99.99,99.99,99.99*30
$GPGSV,4,1,13,05,28,110,,10,07,321,,12,29,136,,13,00,055,*79
$GPGSV,4,2,13,15,30,037,,18,63,261,,20,01,129,,23,41,347,*7A
$GPGSV,4,3,13,24,61,023,,25,21,174,,28,03,219,,29,12,198,*71
$GPGSV,4,4,13,32,11,275,*4A
$GPGLL,,,,,130020.00,V,N*4A
21:00:20 | Long: Waiting... | Lat: Waiting...
$GPRMC,130021.00,V,,,,,,,060525,,,N*78
$GPVTG,,,,,,,,,N*30
$GPGGA,130021.00,,,,,0,00,99.99,,,,,,*67
$GPGSA,A,1,,,,,,,,,,,,,99.99,99.99,99.99*30
$GPGSV,4,1,13,05,28,110,,10,07,321,,12,29,136,,13,00,055,*79
$GPGSV,4,2,13,15,30,037,,18,63,261,,20,01,129,,23,41,347,*7A
$GPGSV,4,3,13,24,61,023,,25,21,174,,28,03,219,,29,12,198,*71
$GPGSV,4,4,13,32,11,275,*4A
$GPGLL,,,,,130021.00,V,N*4B
21:00:21 | Long: Waiting... | Lat: Waiting...
$GPRMC,130022.00,V,,,,,,,060525,,,N*7B
$GPVTG,,,,,,,,,N*30
$GPGGA,130022.00,,,,,0,00,99.99,,,,,,*64
$GPGSA,A,1,,,,,,,,,,,,,99.99,99.99,99.99*30
$GPGSV,4,1,13,05,28,110,,10,07,321,,12,29,136,,13,00,055,*79
$GPGSV,4,2,13,15,30,037,,18,63,261,,20,01,129,,23,41,347,*7A
$GPGSV,4,3,13,24,61,023,,25,21,174,,28,03,219,,29,12,198,*71
$GPGSV,4,4,13,32,11,275,*4A
$GPGLL,,,,,130022.00,V,N*48
21:00:22 | Long: Waiting... | Lat: Waiting...
$GPRMC,130023.00,V,,,,,,,060525,,,N*7A
$GPVTG,,,,,,,,,N*30
$GPGGA,130023.00,,,,,0,00,99.99,,,,,,*65
$GPGSA,A,1,,,,,,,,,,,,,99.99,99.99,99.99*30
$GPGSV,4,1,13,05,28,110,,10,07,321,,12,29,136,,13,00,055,*79
$GPGSV,4,2,13,15,30,037,,18,63,261,,20,01,129,,23,42,347,*79
$GPGSV,4,3,13,24,61,023,,25,21,174,,28,03,219,,29,12,198,*71
$GPGSV,4,4,13,32,11,275,*4A
$GPGLL,,,,,130023.00,V,N*49
21:00:23 | Long: Waiting... | Lat: Waiting...
$GPRMC,130024.00,V,,,,,,,060525,,,N*7D
$GPVTG,,,,,,,,,N*30
$GPGGA,130024.00,,,,,0,00,99.99,,,,,,*62
$GPGSA,A,1,,,,,,,,,,,,,99.99,99.99,99.99*30
$GPGSV,4,1,13,05,28,110,28,10,07,321,,12,29,136,,13,00,055,*73
$GPGSV,4,2,13,15,30,037,,18,63,261,,20,01,129,,23,42,347,*79
$GPGSV,4,3,13,24,61,023,,25,21,174,,28,03,219,,29,12,198,*71
$GPGSV,4,4,13,32,11,275,*4A
$GPGLL,,,,,130024.00,V,N*4E
21:00:24 | Long: Waiting... | Lat: Waiting...
$GPRMC,130025.00,V,,,,,,,060525,,,N*7C
$GPVTG,,,,,,,,,N*30
$GPGGA,130025.00,,,,,0,00,99.99,,,,,,*63
$GPGSA,A,1,,,,,,,,,,,,,99.99,99.99,99.99*30
$GPGSV,4,1,13,05,28,110,,10,07,321,,12,29,136,,13,00,055,*79
$GPGSV,4,2,13,15,30,037,,18,63,261,,20,01,129,,23,42,347,*79
$GPGSV,4,3,13,24,61,023,,25,21,174,,28,03,219,,29,12,198,*71
$GPGSV,4,4,13,32,11,275,*4A
$GPGLL,,,,,130025.00,V,N*4F
21:00:25 | Long: Waiting... | Lat: Waiting...
$GPRMC,130026.00,V,,,,,,,060525,,,N*7F
$GPVTG,,,,,,,,,N*30
$GPGGA,130026.00,,,,,0,00,99.99,,,,,,*60
$GPGSA,A,1,,,,,,,,,,,,,99.99,99.99,99.99*30
$GPGSV,4,1,13,05,28,110,,10,07,321,,12,29,136,,13,00,055,*79
$GPGSV,4,2,13,15,30,037,,18,63,261,,20,01,129,,23,42,347,*79
$GPGSV,4,3,13,24,61,023,,25,21,174,,28,03,219,,29,12,198,*71
$GPGSV,4,4,13,32,11,275,*4A
$GPGLL,,,,,130026.00,V,N*4C
21:00:26 | Long: Waiting... | Lat: Waiting...
$GPRMC,130027.00,V,,,,,,,060525,,,N*7E
$GPVTG,,,,,,,,,N*30
$GPGGA,130027.00,,,,,0,00,99.99,,,,,,*61
$GPGSA,A,1,,,,,,,,,,,,,99.99,99.99,99.99*30
$GPGSV,4,1,13,05,28,110,,10,07,321,,12,29,136,,13,00,055,*79
$GPGSV,4,2,13,15,30,037,,18,63,261,,20,01,129,,23,42,347,*79
$GPGSV,4,3,13,24,61,023,,25,21,174,,28,03,219,,29,12,198,*71
$GPGSV,4,4,13,32,11,275,*4A
$GPGLL,,,,,130027.00,V,N*4D
21:00:27 | Long: Waiting... | Lat: Waiting...
$GPRMC,130028.00,V,,,,,,,060525,,,N*71
$GPVTG,,,,,,,,,N*30
$GPGGA,130028.00,,,,,0,00,99.99,,,,,,*6E
$GPGSA,A,1,,,,,,,,,,,,,99.99,99.99,99.99*30
$GPGSV,4,1,13,05,28,110,,10,07,321,,12,29,136,,13,00,055,*79
$GPGSV,4,2,13,15,30,037,,18,63,261,,20,01,129,,23,42,347,*79
$GPGSV,4,3,13,24,61,023,,25,21,174,,28,03,219,,29,12,198,*71
$GPGSV,4,4,13,32,11,275,*4A
$GPGLL,,,,,130028.00,V,N*42
21:00:28 | Long: Waiting... | Lat: Waiting...
$GPRMC,130029.00,V,,,,,,,060525,,,N*70
$GPVTG,,,,,,,,,N*30
$GPGGA,130029.00,,,,,0,00,99.99,,,,,,*6F
$GPGSA,A,1,,,,,,,,,,,,,99.99,99.99,99.99*30
$GPGSV,4,1,13,05,28,110,,10,07,321,,12,29,136,,13,00,055,*79
$GPGSV,4,2,13,15,30,037,,18,63,261,,20,01,129,,23,42,347,*79
$GPGSV,4,3,13,24,61,023,,25,21,174,,28,03,219,,29,12,198,*71
$GPGSV,4,4,13,32,11,275,*4A
$GPGLL,,,,,130029.00,V,N*43
21:00:29 | Long: Waiting... | Lat: Waiting...
$GPRMC,130030.00,V,,,,,,,060525,,,N*78
$GPVTG,,,,,,,,,N*30
$GPGGA,130030.00,,,,,0,00,99.99,,,,,,*67
$GPGSA,A,1,,,,,,,,,,,,,99.99,99.99,99.99*30
$GPGSV,4,1,13,05,28,110,,10,07,321,,12,29,136,,13,00,055,*79
$GPGSV,4,2,13,15,30,037,,18,63,261,,20,01,129,,23,42,347,*79
$GPGSV,4,3,13,24,61,023,,25,21,174,,28,03,219,,29,12,198,*71
$GPGSV,4,4,13,32,11,275,*4A
$GPGLL,,,,,130030.00,V,N*4B
21:00:30 | Long: Waiting... | Lat: Waiting...
$GPRMC,130031.00,V,,,,,,,060525,,,N*79
$GPVTG,,,,,,,,,N*30
$GPGGA,130031.00,,,,,0,00,99.99,,,,,,*66
$GPGSA,A,1,,,,,,,,,,,,,99.99,99.99,99.99*30
$GPGSV,4,1,13,05,28,110,,10,07,321,,12,29,136,,13,00,055,*79
$GPGSV,4,2,13,15,30,037,,18,63,261,,20,01,129,,23,42,347,*79
$GPGSV,4,3,13,24,61,023,,25,21,174,,28,03,219,,29,12,198,*71
$GPGSV,4,4,13,32,11,275,*4A
$GPGLL,,,,,130031.00,V,N*4A
21:00:31 | Long: Waiting... | Lat: Waiting...
$GPRMC,130032.00,V,,,,,,,060525,,,N*7A
$GPVTG,,,,,,,,,N*30
$GPGGA,130032.00,,,,,0,00,99.99,,,,,,*65
$GPGSA,A,1,,,,,,,,,,,,,99.99,99.99,99.99*30
$GPGSV,4,1,13,05,28,110,,10,07,321,,12,29,136,,13,00,055,*79
$GPGSV,4,2,13,15,30,037,,18,63,261,,20,01,129,,23,42,347,*79
$GPGSV,4,3,13,24,61,023,,25,21,174,,28,03,219,,29,12,198,*71
$GPGSV,4,4,13,32,11,275,*4A
$GPGLL,,,,,130032.00,V,N*49
21:00:32 | Long: Waiting... | Lat: Waiting...
$GPRMC,130033.00,V,,,,,,,060525,,,N*7B
$GPVTG,,,,,,,,,N*30
$GPGGA,130033.00,,,,,0,00,99.99,,,,,,*64
$GPGSA,A,1,,,,,,,,,,,,,99.99,99.99,99.99*30
$GPGSV,4,1,13,05,28,110,,10,07,321,24,12,29,136,,13,00,055,*7F
$GPGSV,4,2,13,15,30,037,,18,63,261,,20,01,129,,23,42,347,*79
$GPGSV,4,3,13,24,61,023,,25,21,174,,28,03,219,,29,12,198,*71
$GPGSV,4,4,13,32,11,275,*4A
$GPGLL,,,,,130033.00,V,N*48
21:00:33 | Long: Waiting... | Lat: Waiting...
$GPRMC,130034.00,V,,,,,,,060525,,,N*7C
$GPVTG,,,,,,,,,N*30
$GPGGA,130034.00,,,,,0,00,99.99,,,,,,*63
$GPGSA,A,1,,,,,,,,,,,,,99.99,99.99,99.99*30
$GPGSV,4,1,13,05,28,110,,10,07,321,,12,29,136,,13,00,055,*79
$GPGSV,4,2,13,15,30,037,,18,63,261,,20,01,129,,23,42,347,*79
$GPGSV,4,3,13,24,61,023,,25,21,174,,28,03,219,,29,12,198,*71
$GPGSV,4,4,13,32,11,275,*4A
$GPGLL,,,,,130034.00,V,N*4F
21:00:34 | Long: Waiting... | Lat: Waiting...
$GPRMC,130035.00,V,,,,,,,060525,,,N*7D
$GPVTG,,,,,,,,,N*30
$GPGGA,130035.00,,,,,0,00,99.99,,,,,,*62
$GPGSA,A,1,,,,,,,,,,,,,99.99,99.99,99.99*30
$GPGSV,4,1,13,05,28,110,,10,07,321,,12,29,136,,13,00,055,*79
$GPGSV,4,2,13,15,30,037,,18,63,261,,20,01,129,,23,42,347,*79
$GPGSV,4,3,13,24,61,023,,25,21,174,,28,03,219,,29,12,198,*71
$GPGSV,4,4,13,32,11,275,*4A
$GPGLL,,,,,130035.00,V,N*4E
21:00:35 | Long: Waiting... | Lat: Waiting...
$GPRMC,130036.00,V,,,,,,,060525,,,N*7E
$GPVTG,,,,,,,,,N*30
$GPGGA,130036.00,,,,,0,00,99.99,,,,,,*61
$GPGSA,A,1,,,,,,,,,,,,,99.99,99.99,99.99*30
$GPGSV,4,1,13,05,28,110,,10,07,321,,12,29,136,,13,00,055,*79
$GPGSV,4,2,13,15,30,037,,18,63,261,,20,01,129,,23,42,347,*79
$GPGSV,4,3,13,24,61,023,,25,21,174,,28,03,219,,29,12,198,*71
$GPGSV,4,4,13,32,11,275,*4A
$GPGLL,,,,,130036.00,V,N*4D
21:00:36 | Long: Waiting... | Lat: Waiting...
$GPRMC,130037.00,V,,,,,,,060525,,,N*7F
$GPVTG,,,,,,,,,N*30
$GPGGA,130037.00,,,,,0,00,99.99,,,,,,*60
$GPGSA,A,1,,,,,,,,,,,,,99.99,99.99,99.99*30
$GPGSV,4,1,13,05,28,110,,10,07,321,,12,29,136,,13,00,055,*79
$GPGSV,4,2,13,15,30,037,,18,63,261,,20,01,129,,23,42,347,*79
$GPGSV,4,3,13,24,61,023,,25,21,174,,28,03,219,,29,12,198,*71
$GPGSV,4,4,13,32,11,275,*4A
$GPGLL,,,,,130037.00,V,N*4C
21:00:37 | Long: Waiting... | Lat: Waiting...
$GPRMC,130038.00,V,,,,,,,060525,,,N*70
$GPVTG,,,,,,,,,N*30
$GPGGA,130038.00,,,,,0,00,99.99,,,,,,*6F
$GPGSA,A,1,,,,,,,,,,,,,99.99,99.99,99.99*30
$GPGSV,4,1,13,05,28,110,,10,07,321,,12,29,136,,13,00,055,*79
$GPGSV,4,2,13,15,30,037,,18,63,261,,20,01,129,,23,42,347,*79
$GPGSV,4,3,13,24,61,023,,25,21,174,,28,03,219,,29,12,198,*71
$GPGSV,4,4,13,32,11,275,*4A
$GPGLL,,,,,130038.00,V,N*43
21:00:38 | Long: Waiting... | Lat: Waiting...
$GPRMC,130039.00,V,,,,,,,060525,,,N*71
$GPVTG,,,,,,,,,N*30
$GPGGA,130039.00,,,,,0,00,99.99,,,,,,*6E
$GPGSA,A,1,,,,,,,,,,,,,99.99,99.99,99.99*30
$GPGSV,4,1,13,05,28,110,,10,07,321,,12,29,136,,13,00,055,*79
$GPGSV,4,2,13,15,30,037,,18,63,261,,20,01,129,,23,42,347,*79
$GPGSV,4,3,13,24,61,023,,25,21,174,,28,03,219,,29,12,198,*71
$GPGSV,4,4,13,32,11,275,*4A
$GPGLL,,,,,130039.00,V,N*42
21:00:39 | Long: Waiting... | Lat: Waiting...
$GPRMC,130040.00,V,,,,,,,060525,,,N*7F
$GPVTG,,,,,,,,,N*30
$GPGGA,130040.00,,,,,0,00,99.99,,,,,,*60
$GPGSA,A,1,,,,,,,,,,,,,99.99,99.99,99.99*30
$GPGSV,4,1,13,05,28,110,,10,07,321,,12,29,136,,13,00,055,*79
$GPGSV,4,2,13,15,30,037,,18,63,261,,20,01,129,,23,42,347,*79
$GPGSV,4,3,13,24,61,023,,25,21,174,,28,03,219,,29,12,198,*71
$GPGSV,4,4,13,32,11,275,*4A
$GPGLL,,,,,130040.00,V,N*4C
21:00:40 | Long: Waiting... | Lat: Waiting...
$GPRMC,130041.00,V,,,,,,,060525,,,N*7E
$GPVTG,,,,,,,,,N*30
$GPGGA,130041.00,,,,,0,00,99.99,,,,,,*61
$GPGSA,A,1,,,,,,,,,,,,,99.99,99.99,99.99*30
$GPGSV,4,1,13,05,28,110,,10,07,321,,12,29,136,25,13,00,055,*7E
$GPGSV,4,2,13,15,30,037,,18,63,261,,20,01,129,,23,42,347,*79
$GPGSV,4,3,13,24,61,023,,25,21,174,,28,03,219,,29,12,198,*71
$GPGSV,4,4,13,32,11,275,*4A
$GPGLL,,,,,130041.00,V,N*4D
21:00:41 | Long: Waiting... | Lat: Waiting...
$GPRMC,130042.00,V,,,,,,,060525,,,N*7D
$GPVTG,,,,,,,,,N*30
$GPGGA,130042.00,,,,,0,00,99.99,,,,,,*62
$GPGSA,A,1,,,,,,,,,,,,,99.99,99.99,99.99*30
$GPGSV,4,1,13,05,28,110,,10,07,321,,12,29,136,,13,00,055,*79
$GPGSV,4,2,13,15,30,037,,18,63,261,,20,01,129,,23,42,347,*79
$GPGSV,4,3,13,24,61,023,,25,21,174,,28,03,219,,29,12,198,*71
$GPGSV,4,4,13,32,11,275,*4A
$GPGLL,,,,,130042.00,V,N*4E
21:00:42 | Long: Waiting... | Lat: Waiting...
$GPRMC,130043.00,V,,,,,,,060525,,,N*7C
$GPVTG,,,,,,,,,N*30
$GPGGA,130043.00,,,,,0,00,99.99,,,,,,*63
$GPGSA,A,1,,,,,,,,,,,,,99.99,99.99,99.99*30
$GPGSV,4,1,13,05,28,110,,10,07,321,,12,29,136,,13,00,055,*79
$GPGSV,4,2,13,15,30,037,,18,63,261,,20,01,129,,23,42,347,*79
$GPGSV,4,3,13,24,61,023,,25,21,174,,28,03,219,,29,12,198,*71
$GPGSV,4,4,13,32,11,275,*4A
$GPGLL,,,,,130043.00,V,N*4F
21:00:43 | Long: Waiting... | Lat: Waiting...
$GPRMC,130044.00,V,,,,,,,060525,,,N*7B
$GPVTG,,,,,,,,,N*30
$GPGGA,130044.00,,,,,0,00,99.99,,,,,,*64
$GPGSA,A,1,,,,,,,,,,,,,99.99,99.99,99.99*30
$GPGSV,4,1,13,05,28,110,,10,07,321,,12,29,136,,13,00,055,*79
$GPGSV,4,2,13,15,30,037,,18,63,261,,20,01,129,,23,42,347,*79
$GPGSV,4,3,13,24,61,023,,25,21,174,,28,03,219,,29,12,198,*71
$GPGSV,4,4,13,32,11,275,*4A
$GPGLL,,,,,130044.00,V,N*48
21:00:44 | Long: Waiting... | Lat: Waiting...
$GPRMC,130045.00,V,,,,,,,060525,,,N*7A
$GPVTG,,,,,,,,,N*30
$GPGGA,130045.00,,,,,0,00,99.99,,,,,,*65
$GPGSA,A,1,,,,,,,,,,,,,99.99,99.99,99.99*30
$GPGSV,4,1,13,05,28,110,,10,07,321,,12,29,136,,13,00,055,*79
$GPGSV,4,2,13,15,30,037,,18,63,261,,20,01,129,,23,42,347,*79
$GPGSV,4,3,13,24,61,023,,25,21,174,,28,03,219,,29,12,198,*71
$GPGSV,4,4,13,32,11,275,*4A
$GPGLL,,,,,130045.00,V,N*49
21:00:45 | Long: Waiting... | Lat: Waiting...
$GPRMC,130046.00,V,,,,,,,060525,,,N*79
$GPVTG,,,,,,,,,N*30
$GPGGA,130046.00,,,,,0,00,99.99,,,,,,*66
$GPGSA,A,1,,,,,,,,,,,,,99.99,99.99,99.99*30
$GPGSV,4,1,13,05,28,110,,10,07,321,,12,29,136,,13,00,055,*79
$GPGSV,4,2,13,15,30,037,,18,63,261,,20,01,129,,23,42,347,*79
$GPGSV,4,3,13,24,61,023,,25,21,174,,28,03,219,,29,12,198,*71
$GPGSV,4,4,13,32,11,275,*4A
$GPGLL,,,,,130046.00,V,N*4A
21:00:46 | Long: Waiting... | Lat: Waiting...
$GPRMC,130047.00,V,,,,,,,060525,,,N*78
$GPVTG,,,,,,,,,N*30
$GPGGA,130047.00,,,,,0,00,99.99,,,,,,*67
$GPGSA,A,1,,,,,,,,,,,,,99.99,99.99,99.99*30
$GPGSV,4,1,13,05,28,110,,10,07,321,,12,29,136,,13,00,055,*79
$GPGSV,4,2,13,15,30,037,,18,63,261,,20,01,129,,23,42,347,*79
$GPGSV,4,3,13,24,61,023,,25,21,174,,28,03,219,,29,12,198,*71
$GPGSV,4,4,13,32,11,275,*4A
$GPGLL,,,,,130047.00,V,N*4B
21:00:47 | Long: Waiting... | Lat: Waiting...
$GPRMC,130048.00,V,,,,,,,060525,,,N*77
$GPVTG,,,,,,,,,N*30
$GPGGA,130048.00,,,,,0,00,99.99,,,,,,*68
$GPGSA,A,1,,,,,,,,,,,,,99.99,99.99,99.99*30
$GPGSV,4,1,13,05,28,110,,10,07,321,,12,29,136,,13,00,055,*79
$GPGSV,4,2,13,15,30,037,,18,63,261,,20,01,129,,23,42,347,*79
$GPGSV,4,3,13,24,61,023,,25,21,174,,28,03,219,,29,12,198,*71
$GPGSV,4,4,13,32,11,275,*4A
$GPGLL,,,,,130048.00,V,N*44
21:00:48 | Long: Waiting... | Lat: Waiting...
$GPRMC,130049.00,V,,,,,,,060525,,,N*76
$GPVTG,,,,,,,,,N*30
$GPGGA,130049.00,,,,,0,00,99.99,,,,,,*69
$GPGSA,A,1,,,,,,,,,,,,,99.99,99.99,99.99*30
$GPGSV,4,1,13,05,28,110,,10,07,321,,12,29,136,,13,00,055,*79
$GPGSV,4,2,13,15,30,037,,18,63,261,,20,01,129,,23,42,347,*79
$GPGSV,4,3,13,24,61,023,,25,21,174,,28,03,219,,29,12,198,*71
$GPGSV,4,4,13,32,11,275,*4A
$GPGLL,,,,,130049.00,V,N*45
21:00:49 | Long: Waiting... | Lat: Waiting...
$GPRMC,130050.00,V,,,,,,,060525,,,N*7E
$GPVTG,,,,,,,,,N*30
$GPGGA,130050.00,,,,,0,00,99.99,,,,,,*61
$GPGSA,A,1,,,,,,,,,,,,,99.99,99.99,99.99*30
$GPGSV,4,1,13,05,28,110,,10,07,321,,12,29,136,,13,00,055,23*78
$GPGSV,4,2,13,15,30,037,,18,63,261,,20,01,129,,23,42,347,*79
$GPGSV,4,3,13,24,61,023,,25,21,174,,28,03,219,,29,12,198,*71
$GPGSV,4,4,13,32,11,275,*4A
$GPGLL,,,,,130050.00,V,N*4D
21:00:50 | Long: Waiting... | Lat: Waiting...
$GPRMC,130051.00,V,,,,,,,060525,,,N*7F
$GPVTG,,,,,,,,,N*30
$GPGGA,130051.00,,,,,0,00,99.99,,,,,,*60
$GPGSA,A,1,,,,,,,,,,,,,99.99,99.99,99.99*30
$GPGSV,4,1,13,05,28,110,,10,07,321,,12,29,136,,13,00,055,*79
$GPGSV,4,2,13,15,30,037,,18,63,261,,20,01,129,,23,42,347,*79
$GPGSV,4,3,13,24,61,023,,25,21,174,,28,03,219,,29,12,198,*71
$GPGSV,4,4,13,32,11,275,*4A
$GPGLL,,,,,130051.00,V,N*4C
21:00:51 | Long: Waiting... | Lat: Waiting...
$GPRMC,130052.00,V,,,,,,,060525,,,N*7C
$GPVTG,,,,,,,,,N*30
$GPGGA,130052.00,,,,,0,00,99.99,,,,,,*63
$GPGSA,A,1,,,,,,,,,,,,,99.99,99.99,99.99*30
$GPGSV,4,1,13,05,28,110,,10,08,321,,12,29,136,,13,00,055,*76
$GPGSV,4,2,13,15,30,037,,18,63,261,,20,01,129,,23,42,347,*79
$GPGSV,4,3,13,24,61,023,,25,21,174,,28,03,219,,29,12,198,*71
$GPGSV,4,4,13,32,11,275,*4A
$GPGLL,,,,,130052.00,V,N*4F
21:00:52 | Long: Waiting... | Lat: Waiting...
$GPRMC,130053.00,V,,,,,,,060525,,,N*7D
$GPVTG,,,,,,,,,N*30
$GPGGA,130053.00,,,,,0,00,99.99,,,,,,*62
$GPGSA,A,1,,,,,,,,,,,,,99.99,99.99,99.99*30
$GPGSV,4,1,13,05,28,110,,10,08,321,,12,29,136,,13,00,055,*76
$GPGSV,4,2,13,15,30,037,,18,63,261,,20,01,129,,23,42,347,*79
$GPGSV,4,3,13,24,61,023,,25,21,174,,28,03,219,,29,12,198,*71
$GPGSV,4,4,13,32,11,275,*4A
$GPGLL,,,,,130053.00,V,N*4E
21:00:53 | Long: Waiting... | Lat: Waiting...
$GPRMC,130054.00,V,,,,,,,060525,,,N*7A
$GPVTG,,,,,,,,,N*30
$GPGGA,130054.00,,,,,0,00,99.99,,,,,,*65
$GPGSA,A,1,,,,,,,,,,,,,99.99,99.99,99.99*30
$GPGSV,4,1,13,05,28,110,,10,08,321,,12,29,136,,13,00,055,*76
$GPGSV,4,2,13,15,30,037,,18,63,261,,20,01,129,,23,42,347,*79
$GPGSV,4,3,13,24,61,023,,25,21,174,,28,03,219,,29,12,198,*71
$GPGSV,4,4,13,32,11,275,*4A
$GPGLL,,,,,130054.00,V,N*49
21:00:54 | Long: Waiting... | Lat: Waiting...
$GPRMC,130055.00,V,,,,,,,060525,,,N*7B
$GPVTG,,,,,,,,,N*30
$GPGGA,130055.00,,,,,0,00,99.99,,,,,,*64
$GPGSA,A,1,,,,,,,,,,,,,99.99,99.99,99.99*30
$GPGSV,4,1,13,05,28,110,,10,08,321,,12,29,136,,13,00,055,*76
$GPGSV,4,2,13,15,30,037,,18,63,261,,20,01,129,,23,42,347,*79
$GPGSV,4,3,13,24,61,023,,25,21,174,,28,03,219,,29,12,198,*71
$GPGSV,4,4,13,32,11,275,*4A
$GPGLL,,,,,130055.00,V,N*48
21:00:55 | Long: Waiting... | Lat: Waiting...
$GPRMC,130056.00,V,,,,,,,060525,,,N*78
$GPVTG,,,,,,,,,N*30
$GPGGA,130056.00,,,,,0,00,99.99,,,,,,*67
$GPGSA,A,1,,,,,,,,,,,,,99.99,99.99,99.99*30
$GPGSV,4,1,13,05,28,110,,10,08,321,,12,29,136,,13,00,055,*76
$GPGSV,4,2,13,15,30,037,,18,63,260,,20,01,129,,23,42,347,*78
$GPGSV,4,3,13,24,61,023,,25,21,174,,28,03,219,,29,12,198,*71
$GPGSV,4,4,13,32,11,275,*4A
$GPGLL,,,,,130056.00,V,N*4B
21:00:56 | Long: Waiting... | Lat: Waiting...
$GPRMC,130057.00,V,,,,,,,060525,,,N*79
$GPVTG,,,,,,,,,N*30
$GPGGA,130057.00,,,,,0,00,99.99,,,,,,*66
$GPGSA,A,1,,,,,,,,,,,,,99.99,99.99,99.99*30
$GPGSV,4,1,13,05,28,110,,10,08,321,,12,29,136,,13,00,055,*76
$GPGSV,4,2,13,15,30,037,,18,63,260,,20,01,130,,23,42,347,*70
$GPGSV,4,3,13,24,61,023,,25,21,174,,28,03,219,,29,12,198,*71
$GPGSV,4,4,13,32,11,275,*4A
$GPGLL,,,,,130057.00,V,N*4A
21:00:57 | Long: Waiting... | Lat: Waiting...
$GPRMC,130058.00,V,,,,,,,060525,,,N*76
$GPVTG,,,,,,,,,N*30
$GPGGA,130058.00,,,,,0,00,99.99,,,,,,*69
$GPGSA,A,1,,,,,,,,,,,,,99.99,99.99,99.99*30
$GPGSV,4,1,13,05,28,110,,10,08,321,,12,29,136,,13,00,055,*76
$GPGSV,4,2,13,15,30,037,26,18,63,260,,20,01,130,,23,42,347,*74
$GPGSV,4,3,13,24,61,023,,25,21,174,,28,03,219,,29,12,198,*71
$GPGSV,4,4,13,32,11,275,*4A
$GPGLL,,,,,130058.00,V,N*45
21:00:58 | Long: Waiting... | Lat: Waiting...
$GPRMC,130059.00,V,,,,,,,060525,,,N*77
$GPVTG,,,,,,,,,N*30
$GPGGA,130059.00,,,,,0,00,99.99,,,,,,*68
$GPGSA,A,1,,,,,,,,,,,,,99.99,99.99,99.99*30
$GPGSV,4,1,13,05,28,110,,10,08,321,,12,29,136,,13,00,055,*76
$GPGSV,4,2,13,15,30,037,,18,63,260,,20,01,130,,23,42,347,*70
$GPGSV,4,3,13,24,61,023,,25,22,174,,28,03,219,,29,12,198,*72
$GPGSV,4,4,13,32,11,275,*4A
$GPGLL,,,,,130059.00,V,N*44
21:00:59 | Long: Waiting... | Lat: Waiting...
$GPRMC,130100.00,V,,,,,,,060525,,,N*7A
$GPVTG,,,,,,,,,N*30
$GPGGA,130100.00,,,,,0,00,99.99,,,,,,*65
$GPGSA,A,1,,,,,,,,,,,,,99.99,99.99,99.99*30
$GPGSV,4,1,13,05,28,110,,10,08,321,,12,29,136,,13,00,055,*76
$GPGSV,4,2,13,15,30,037,,18,63,260,,20,01,130,,23,42,347,*70
$GPGSV,4,3,13,24,61,023,,25,22,174,,28,03,219,,29,12,198,*72
$GPGSV,4,4,13,32,11,275,*4A
$GPGLL,,,,,130100.00,V,N*49
21:01:00 | Long: Waiting... | Lat: Waiting...
$GPRMC,130101.00,V,,,,,,,060525,,,N*7B
$GPVTG,,,,,,,,,N*30
$GPGGA,130101.00,,,,,0,00,99.99,,,,,,*64
$GPGSA,A,1,,,,,,,,,,,,,99.99,99.99,99.99*30
$GPGSV,4,1,13,05,28,110,,10,08,321,,12,29,136,,13,00,055,*76
$GPGSV,4,2,13,15,30,037,,18,63,260,,20,01,130,,23,42,347,*70
$GPGSV,4,3,13,24,61,023,,25,22,174,,28,03,219,,29,12,198,*72
$GPGSV,4,4,13,32,11,275,*4A
$GPGLL,,,,,130101.00,V,N*48
21:01:01 | Long: Waiting... | Lat: Waiting...
$GPRMC,130102.00,V,,,,,,,060525,,,N*78
$GPVTG,,,,,,,,,N*30
$GPGGA,130102.00,,,,,0,00,99.99,,,,,,*67
$GPGSA,A,1,,,,,,,,,,,,,99.99,99.99,99.99*30
$GPGSV,4,1,13,05,28,110,,10,08,321,,12,29,136,,13,00,055,*76
$GPGSV,4,2,13,15,30,037,,18,63,260,,20,01,130,,23,42,347,*70
$GPGSV,4,3,13,24,61,023,,25,22,174,,28,03,219,,29,12,198,*72
$GPGSV,4,4,13,32,11,275,*4A
$GPGLL,,,,,130102.00,V,N*4B
21:01:02 | Long: Waiting... | Lat: Waiting...
$GPRMC,130103.00,V,,,,,,,060525,,,N*79
$GPVTG,,,,,,,,,N*30
$GPGGA,130103.00,,,,,0,00,99.99,,,,,,*66
$GPGSA,A,1,,,,,,,,,,,,,99.99,99.99,99.99*30
$GPGSV,4,1,13,05,28,110,,10,08,321,,12,29,136,,13,00,055,*76
$GPGSV,4,2,13,15,30,037,,18,63,260,,20,01,130,,23,42,347,*70
$GPGSV,4,3,13,24,61,023,,25,22,174,,28,03,219,,29,12,198,*72
$GPGSV,4,4,13,32,11,275,*4A
$GPGLL,,,,,130103.00,V,N*4A
21:01:03 | Long: Waiting... | Lat: Waiting...
$GPRMC,130104.00,V,,,,,,,060525,,,N*7E
$GPVTG,,,,,,,,,N*30
$GPGGA,130104.00,,,,,0,00,99.99,,,,,,*61
$GPGSA,A,1,,,,,,,,,,,,,99.99,99.99,99.99*30
$GPGSV,4,1,13,05,28,110,,10,08,321,,12,29,136,,13,00,055,*76
$GPGSV,4,2,13,15,30,037,,18,63,260,,20,01,130,,23,42,347,*70
$GPGSV,4,3,13,24,61,023,,25,22,174,,28,03,219,,29,12,198,*72
$GPGSV,4,4,13,32,11,275,*4A
$GPGLL,,,,,130104.00,V,N*4D
21:01:04 | Long: Waiting... | Lat: Waiting...
$GPRMC,130105.00,V,,,,,,,060525,,,N*7F
$GPVTG,,,,,,,,,N*30
$GPGGA,130105.00,,,,,0,00,99.99,,,,,,*60
$GPGSA,A,1,,,,,,,,,,,,,99.99,99.99,99.99*30
$GPGSV,4,1,13,05,28,110,,10,08,321,,12,29,136,,13,00,055,*76
$GPGSV,4,2,13,15,30,037,,18,63,260,,20,01,130,,23,42,347,*70
$GPGSV,4,3,13,24,61,023,,25,22,174,,28,03,219,,29,12,198,*72
$GPGSV,4,4,13,32,11,275,*4A
$GPGLL,,,,,130105.00,V,N*4C
21:01:05 | Long: Waiting... | Lat: Waiting...
$GPRMC,130106.00,V,,,,,,,060525,,,N*7C
$GPVTG,,,,,,,,,N*30
$GPGGA,130106.00,,,,,0,00,99.99,,,,,,*63
$GPGSA,A,1,,,,,,,,,,,,,99.99,99.99,99.99*30
$GPGSV,4,1,13,05,28,110,,10,08,321,,12,29,136,,13,00,055,*76
$GPGSV,4,2,13,15,30,037,,18,63,260,24,20,01,130,,23,42,347,*76
$GPGSV,4,3,13,24,61,023,,25,22,174,,28,03,219,,29,12,198,*72
$GPGSV,4,4,13,32,11,275,*4A
$GPGLL,,,,,130106.00,V,N*4F
21:01:06 | Long: Waiting... | Lat: Waiting...
$GPRMC,130107.00,V,,,,,,,060525,,,N*7D
$GPVTG,,,,,,,,,N*30
$GPGGA,130107.00,,,,,0,00,99.99,,,,,,*62
$GPGSA,A,1,,,,,,,,,,,,,99.99,99.99,99.99*30
$GPGSV,4,1,13,05,28,110,,10,08,321,,12,29,136,,13,00,055,*76
$GPGSV,4,2,13,15,30,037,,18,63,260,,20,01,130,,23,42,347,*70
$GPGSV,4,3,13,24,61,023,,25,22,174,,28,03,219,,29,12,198,*72
$GPGSV,4,4,13,32,11,275,*4A
$GPGLL,,,,,130107.00,V,N*4E
21:01:07 | Long: Waiting... | Lat: Waiting...
$GPRMC,130108.00,V,,,,,,,060525,,,N*72
$GPVTG,,,,,,,,,N*30
$GPGGA,130108.00,,,,,0,00,99.99,,,,,,*6D
$GPGSA,A,1,,,,,,,,,,,,,99.99,99.99,99.99*30
$GPGSV,4,1,13,05,28,110,,10,08,321,,12,29,136,,13,00,055,*76
$GPGSV,4,2,13,15,30,037,,18,63,260,,20,01,130,,23,42,347,*70
$GPGSV,4,3,13,24,61,023,,25,22,174,,28,03,219,,29,12,198,*72
$GPGSV,4,4,13,32,11,275,*4A
$GPGLL,,,,,130108.00,V,N*41
21:01:08 | Long: Waiting... | Lat: Waiting...
$GPRMC,130109.00,V,,,,,,,060525,,,N*73
$GPVTG,,,,,,,,,N*30
$GPGGA,130109.00,,,,,0,00,99.99,,,,,,*6C
$GPGSA,A,1,,,,,,,,,,,,,99.99,99.99,99.99*30
$GPGSV,4,1,13,05,28,110,,10,08,321,,12,29,136,,13,00,055,*76
$GPGSV,4,2,13,15,30,037,,18,63,260,,20,01,130,,23,42,347,*70
$GPGSV,4,3,13,24,61,023,,25,22,174,,28,03,219,,29,12,198,*72
$GPGSV,4,4,13,32,11,275,*4A
$GPGLL,,,,,130109.00,V,N*40
21:01:09 | Long: Waiting... | Lat: Waiting...
$GPRMC,130110.00,V,,,,,,,060525,,,N*7B
$GPVTG,,,,,,,,,N*30
$GPGGA,130110.00,,,,,0,00,99.99,,,,,,*64
$GPGSA,A,1,,,,,,,,,,,,,99.99,99.99,99.99*30
$GPGSV,4,1,13,05,28,110,,10,08,321,,12,29,136,,13,00,055,*76
$GPGSV,4,2,13,15,30,037,,18,63,260,,20,01,130,,23,42,347,*70
$GPGSV,4,3,13,24,61,023,,25,22,174,,28,03,219,,29,12,198,*72
$GPGSV,4,4,13,32,11,275,*4A
$GPGLL,,,,,130110.00,V,N*48
21:01:10 | Long: Waiting... | Lat: Waiting...
$GPRMC,130111.00,V,,,,,,,060525,,,N*7A
$GPVTG,,,,,,,,,N*30
$GPGGA,130111.00,,,,,0,00,99.99,,,,,,*65
$GPGSA,A,1,,,,,,,,,,,,,99.99,99.99,99.99*30
$GPGSV,4,1,13,05,28,110,,10,08,321,,12,29,136,,13,00,055,*76
$GPGSV,4,2,13,15,30,037,,18,63,260,,20,01,130,,23,42,347,*70
$GPGSV,4,3,13,24,61,023,,25,22,174,,28,03,219,,29,12,198,*72
$GPGSV,4,4,13,32,11,275,*4A
$GPGLL,,,,,130111.00,V,N*49
21:01:11 | Long: Waiting... | Lat: Waiting...
$GPRMC,130112.00,V,,,,,,,060525,,,N*79
$GPVTG,,,,,,,,,N*30
$GPGGA,130112.00,,,,,0,00,99.99,,,,,,*66
$GPGSA,A,1,,,,,,,,,,,,,99.99,99.99,99.99*30
$GPGSV,4,1,13,05,28,110,,10,08,321,,12,29,136,,13,00,055,*76
$GPGSV,4,2,13,15,30,037,,18,63,260,,20,01,130,,23,42,347,*70
$GPGSV,4,3,13,24,61,023,,25,22,174,,28,03,219,,29,12,198,*72
$GPGSV,4,4,13,32,11,275,*4A
$GPGLL,,,,,130112.00,V,N*4A
21:01:12 | Long: Waiting... | Lat: Waiting...
$GPRMC,130113.00,V,,,,,,,060525,,,N*78
$GPVTG,,,,,,,,,N*30
$GPGGA,130113.00,,,,,0,00,99.99,,,,,,*67
$GPGSA,A,1,,,,,,,,,,,,,99.99,99.99,99.99*30
$GPGSV,4,1,13,05,28,110,,10,08,321,,12,29,136,,13,00,055,*76
$GPGSV,4,2,13,15,30,037,,18,63,260,,20,01,130,,23,42,347,*70
$GPGSV,4,3,13,24,61,023,,25,22,174,,28,03,219,,29,12,198,*72
$GPGSV,4,4,13,32,11,275,*4A
$GPGLL,,,,,130113.00,V,N*4B
21:01:13 | Long: Waiting... | Lat: Waiting...
$GPRMC,130114.00,V,,,,,,,060525,,,N*7F
$GPVTG,,,,,,,,,N*30
$GPGGA,130114.00,,,,,0,00,99.99,,,,,,*60
$GPGSA,A,1,,,,,,,,,,,,,99.99,99.99,99.99*30
$GPGSV,4,1,13,05,28,110,,10,08,321,,12,29,136,,13,00,055,*76
$GPGSV,4,2,13,15,30,037,,18,63,260,,20,01,130,,23,42,347,*70
$GPGSV,4,3,13,24,61,023,,25,22,174,,28,03,219,,29,12,198,*72
$GPGSV,4,4,13,32,11,275,*4A
$GPGLL,,,,,130114.00,V,N*4C
21:01:14 | Long: Waiting... | Lat: Waiting...
$GPRMC,130115.00,V,,,,,,,060525,,,N*7E
$GPVTG,,,,,,,,,N*30
$GPGGA,130115.00,,,,,0,00,99.99,,,,,,*61
$GPGSA,A,1,,,,,,,,,,,,,99.99,99.99,99.99*30
$GPGSV,4,1,13,05,28,110,,10,08,321,,12,29,136,,13,00,055,*76
$GPGSV,4,2,13,15,30,037,,18,63,260,,20,01,130,28,23,42,347,*7A
$GPGSV,4,3,13,24,61,023,,25,22,174,,28,03,219,,29,12,198,*72
$GPGSV,4,4,13,32,11,275,*4A
$GPGLL,,,,,130115.00,V,N*4D
21:01:15 | Long: Waiting... | Lat: Waiting...
$GPRMC,130116.00,V,,,,,,,060525,,,N*7D
$GPVTG,,,,,,,,,N*30
$GPGGA,130116.00,,,,,0,00,99.99,,,,,,*62
$GPGSA,A,1,,,,,,,,,,,,,99.99,99.99,99.99*30
$GPGSV,4,1,13,05,28,110,,10,08,321,,12,29,136,,13,00,055,*76
$GPGSV,4,2,13,15,30,037,,18,63,260,,20,01,130,,23,42,347,*70
$GPGSV,4,3,13,24,61,023,,25,22,174,,28,03,219,,29,12,198,*72
$GPGSV,4,4,13,32,11,275,*4A
$GPGLL,,,,,130116.00,V,N*4E
21:01:16 | Long: Waiting... | Lat: Waiting...
$GPRMC,130117.00,V,,,,,,,060525,,,N*7C
$GPVTG,,,,,,,,,N*30
$GPGGA,130117.00,,,,,0,00,99.99,,,,,,*63
$GPGSA,A,1,,,,,,,,,,,,,99.99,99.99,99.99*30
$GPGSV,4,1,13,05,28,110,,10,08,321,,12,29,136,,13,00,055,*76
$GPGSV,4,2,13,15,30,037,,18,63,260,,20,01,130,,23,42,347,*70
$GPGSV,4,3,13,24,61,023,,25,22,174,,28,03,219,,29,12,198,*72
$GPGSV,4,4,13,32,11,275,*4A
$GPGLL,,,,,130117.00,V,N*4F
21:01:17 | Long: Waiting... | Lat: Waiting...
$GPRMC,130118.00,V,,,,,,,060525,,,N*73
$GPVTG,,,,,,,,,N*30
$GPGGA,130118.00,,,,,0,00,99.99,,,,,,*6C
$GPGSA,A,1,,,,,,,,,,,,,99.99,99.99,99.99*30
$GPGSV,4,1,13,05,28,110,,10,08,321,,12,29,136,,13,00,055,*76
$GPGSV,4,2,13,15,30,037,,18,63,260,,20,01,130,,23,42,347,*70
$GPGSV,4,3,13,24,61,023,,25,22,174,,28,03,219,,29,12,198,*72
$GPGSV,4,4,13,32,11,275,*4A
$GPGLL,,,,,130118.00,V,N*40
21:01:18 | Long: Waiting... | Lat: Waiting...
$GPRMC,130119.00,V,,,,,,,060525,,,N*72
$GPVTG,,,,,,,,,N*30
$GPGGA,130119.00,,,,,0,00,99.99,,,,,,*6D
$GPGSA,A,1,,,,,,,,,,,,,99.99,99.99,99.99*30
$GPGSV,4,1,13,05,28,110,,10,08,321,,12,29,136,,13,00,055,*76
$GPGSV,4,2,13,15,30,037,,18,63,260,,20,01,130,,23,42,347,*70
$GPGSV,4,3,13,24,61,023,,25,22,174,,28,03,219,,29,12,198,*72
$GPGSV,4,4,13,32,11,275,*4A
$GPGLL,,,,,130119.00,V,N*41
21:01:19 | Long: Waiting... | Lat: Waiting...
$GPRMC,130120.00,V,,,,,,,060525,,,N*78
$GPVTG,,,,,,,,,N*30
$GPGGA,130120.00,,,,,0,00,99.99,,,,,,*67
$GPGSA,A,1,,,,,,,,,,,,,99.99,99.99,99.99*30
$GPGSV,4,1,13,05,28,110,,10,08,321,,12,29,136,,13,00,055,*76
$GPGSV,4,2,13,15,30,037,,18,63,260,,20,01,130,,23,42,347,*70
$GPGSV,4,3,13,24,61,023,,25,22,174,,28,03,219,,29,12,198,*72
$GPGSV,4,4,13,32,11,275,*4A
$GPGLL,,,,,130120.00,V,N*4B
21:01:20 | Long: Waiting... | Lat: Waiting...
$GPRMC,130121.00,V,,,,,,,060525,,,N*79
$GPVTG,,,,,,,,,N*30
$GPGGA,130121.00,,,,,0,00,99.99,,,,,,*66
$GPGSA,A,1,,,,,,,,,,,,,99.99,99.99,99.99*30
$GPGSV,4,1,13,05,28,110,,10,08,321,,12,29,136,,13,00,055,*76
$GPGSV,4,2,13,15,30,037,,18,63,260,,20,01,130,,23,42,347,*70
$GPGSV,4,3,13,24,61,023,,25,22,174,,28,03,219,,29,12,198,*72
$GPGSV,4,4,13,32,11,275,*4A
$GPGLL,,,,,130121.00,V,N*4A
21:01:21 | Long: Waiting... | Lat: Waiting...
$GPRMC,130122.00,V,,,,,,,060525,,,N*7A
$GPVTG,,,,,,,,,N*30
$GPGGA,130122.00,,,,,0,00,99.99,,,,,,*65
$GPGSA,A,1,,,,,,,,,,,,,99.99,99.99,99.99*30
$GPGSV,4,1,13,05,28,110,,10,08,321,,12,29,136,,13,00,055,*76
$GPGSV,4,2,13,15,30,037,,18,63,260,,20,01,130,,23,42,347,*70
$GPGSV,4,3,13,24,61,023,,25,22,174,,28,03,219,,29,12,198,*72
$GPGSV,4,4,13,32,11,275,*4A
$GPGLL,,,,,130122.00,V,N*49
21:01:22 | Long: Waiting... | Lat: Waiting...
$GPRMC,130123.00,V,,,,,,,060525,,,N*7B
$GPVTG,,,,,,,,,N*30
$GPGGA,130123.00,,,,,0,00,99.99,,,,,,*64
$GPGSA,A,1,,,,,,,,,,,,,99.99,99.99,99.99*30
$GPGSV,4,1,13,05,28,110,,10,08,321,,12,29,136,,13,00,055,*76
$GPGSV,4,2,13,15,30,037,,18,63,260,,20,01,130,,23,42,347,21*73
$GPGSV,4,3,13,24,61,023,,25,22,174,,28,03,219,,29,12,198,*72
$GPGSV,4,4,13,32,11,275,*4A
$GPGLL,,,,,130123.00,V,N*48
21:01:23 | Long: Waiting... | Lat: Waiting...
$GPRMC,130124.00,V,,,,,,,060525,,,N*7C
$GPVTG,,,,,,,,,N*30
$GPGGA,130124.00,,,,,0,00,99.99,,,,,,*63
$GPGSA,A,1,,,,,,,,,,,,,99.99,99.99,99.99*30
$GPGSV,4,1,13,05,28,110,,10,08,321,,12,29,136,,13,00,055,*76
$GPGSV,4,2,13,15,30,037,,18,63,260,,20,01,130,,23,42,347,*70
$GPGSV,4,3,13,24,61,023,,25,22,174,,28,03,219,,29,12,198,*72
$GPGSV,4,4,13,32,11,275,*4A
$GPGLL,,,,,130124.00,V,N*4F
21:01:24 | Long: Waiting... | Lat: Waiting...
$GPRMC,130125.00,V,,,,,,,060525,,,N*7D
$GPVTG,,,,,,,,,N*30
$GPGGA,130125.00,,,,,0,00,99.99,,,,,,*62
$GPGSA,A,1,,,,,,,,,,,,,99.99,99.99,99.99*30
$GPGSV,4,1,13,05,28,110,,10,08,321,,12,29,136,,13,00,055,*76
$GPGSV,4,2,13,15,30,037,,18,63,260,,20,01,130,,23,42,347,*70
$GPGSV,4,3,13,24,61,023,,25,22,174,,28,03,219,,29,12,198,*72
$GPGSV,4,4,13,32,11,275,*4A
$GPGLL,,,,,130125.00,V,N*4E
21:01:25 | Long: Waiting... | Lat: Waiting...
$GPRMC,130126.00,V,,,,,,,060525,,,N*7E
$GPVTG,,,,,,,,,N*30
$GPGGA,130126.00,,,,,0,00,99.99,,,,,,*61
$GPGSA,A,1,,,,,,,,,,,,,99.99,99.99,99.99*30
$GPGSV,4,1,13,05,28,110,,10,08,321,,12,29,136,,13,00,055,*76
$GPGSV,4,2,13,15,30,037,,18,63,260,,20,01,130,,23,42,347,*70
$GPGSV,4,3,13,24,61,023,,25,22,174,,28,03,219,,29,12,198,*72
$GPGSV,4,4,13,32,11,275,*4A
$GPGLL,,,,,130126.00,V,N*4D
21:01:26 | Long: Waiting... | Lat: Waiting...
$GPRMC,130127.00,V,,,,,,,060525,,,N*7F
$GPVTG,,,,,,,,,N*30
$GPGGA,130127.00,,,,,0,00,99.99,,,,,,*60
$GPGSA,A,1,,,,,,,,,,,,,99.99,99.99,99.99*30
$GPGSV,4,1,13,05,28,110,,10,08,321,,12,29,136,,13,00,055,*76
$GPGSV,4,2,13,15,30,037,,18,63,260,,20,01,130,,23,42,347,*70
$GPGSV,4,3,13,24,61,023,,25,22,174,,28,03,219,,29,12,198,*72
$GPGSV,4,4,13,32,11,275,*4A
$GPGLL,,,,,130127.00,V,N*4C
21:01:27 | Long: Waiting... | Lat: Waiting...
$GPRMC,130128.00,V,,,,,,,060525,,,N*70
$GPVTG,,,,,,,,,N*30
$GPGGA,130128.00,,,,,0,00,99.99,,,,,,*6F
$GPGSA,A,1,,,,,,,,,,,,,99.99,99.99,99.99*30
$GPGSV,4,1,13,05,28,110,,10,08,321,,12,29,136,,13,00,055,*76
$GPGSV,4,2,13,15,30,037,,18,63,260,,20,01,130,,23,42,347,*70
$GPGSV,4,3,13,24,61,023,,25,22,174,,28,03,219,,29,12,198,*72
$GPGSV,4,4,13,32,11,275,*4A
$GPGLL,,,,,130128.00,V,N*43
21:01:28 | Long: Waiting... | Lat: Waiting...
$GPRMC,130129.00,V,,,,,,,060525,,,N*71
$GPVTG,,,,,,,,,N*30
$GPGGA,130129.00,,,,,0,00,99.99,,,,,,*6E
$GPGSA,A,1,,,,,,,,,,,,,99.99,99.99,99.99*30
$GPGSV,4,1,13,05,28,110,,10,08,321,,12,29,136,,13,00,055,*76
$GPGSV,4,2,13,15,30,037,,18,63,260,,20,01,130,,23,42,347,*70
$GPGSV,4,3,13,24,61,023,,25,22,174,,28,03,219,,29,12,198,*72
$GPGSV,4,4,13,32,11,275,*4A
$GPGLL,,,,,130129.00,V,N*42
21:01:29 | Long: Waiting... | Lat: Waiting...
$GPRMC,130130.00,V,,,,,,,060525,,,N*79
$GPVTG,,,,,,,,,N*30
$GPGGA,130130.00,,,,,0,00,99.99,,,,,,*66
$GPGSA,A,1,,,,,,,,,,,,,99.99,99.99,99.99*30
$GPGSV,4,1,13,05,28,110,,10,08,321,,12,29,136,,13,00,055,*76
$GPGSV,4,2,13,15,30,038,,18,63,260,,20,01,130,,23,42,347,*7F
$GPGSV,4,3,13,24,61,023,,25,22,174,,28,03,219,,29,12,198,*72
$GPGSV,4,4,13,32,11,275,*4A
$GPGLL,,,,,130130.00,V,N*4A
21:01:30 | Long: Waiting... | Lat: Waiting...
$GPRMC,130131.00,V,,,,,,,060525,,,N*78
$GPVTG,,,,,,,,,N*30
$GPGGA,130131.00,,,,,0,00,99.99,,,,,,*67
$GPGSA,A,1,,,,,,,,,,,,,99.99,99.99,99.99*30
$GPGSV,4,1,13,05,28,110,,10,08,321,,12,29,136,,13,00,055,*76
$GPGSV,4,2,13,15,30,038,,18,63,260,,20,01,130,,23,42,347,*7F
$GPGSV,4,3,13,24,61,023,,25,22,174,,28,03,219,,29,12,198,*72
$GPGSV,4,4,13,32,11,275,*4A
$GPGLL,,,,,130131.00,V,N*4B
21:01:31 | Long: Waiting... | Lat: Waiting...
$GPRMC,130132.00,V,,,,,,,060525,,,N*7B
$GPVTG,,,,,,,,,N*30
$GPGGA,130132.00,,,,,0,00,99.99,,,,,,*64
$GPGSA,A,1,,,,,,,,,,,,,99.99,99.99,99.99*30
$GPGSV,4,1,13,05,28,110,,10,08,321,,12,29,136,,13,00,055,*76
$GPGSV,4,2,13,15,30,038,,18,63,260,,20,01,130,,23,42,347,*7F
$GPGSV,4,3,13,24,61,023,23,25,22,174,,28,03,219,,29,12,198,*73
$GPGSV,4,4,13,32,11,275,*4A
$GPGLL,,,,,130132.00,V,N*48
21:01:32 | Long: Waiting... | Lat: Waiting...
$GPRMC,130133.00,V,,,,,,,060525,,,N*7A
$GPVTG,,,,,,,,,N*30
$GPGGA,130133.00,,,,,0,00,99.99,,,,,,*65
$GPGSA,A,1,,,,,,,,,,,,,99.99,99.99,99.99*30
$GPGSV,4,1,13,05,28,110,,10,08,321,,12,29,136,,13,00,055,*76
$GPGSV,4,2,13,15,30,038,,18,63,260,,20,01,130,,23,42,347,*7F
$GPGSV,4,3,13,24,61,023,,25,22,174,,28,03,219,,29,12,198,*72
$GPGSV,4,4,13,32,11,275,*4A
$GPGLL,,,,,130133.00,V,N*49
21:01:33 | Long: Waiting... | Lat: Waiting...
$GPRMC,130134.00,V,,,,,,,060525,,,N*7D
$GPVTG,,,,,,,,,N*30
$GPGGA,130134.00,,,,,0,00,99.99,,,,,,*62
$GPGSA,A,1,,,,,,,,,,,,,99.99,99.99,99.99*30
$GPGSV,4,1,13,05,28,110,,10,08,321,,12,29,136,,13,00,055,*76
$GPGSV,4,2,13,15,30,038,,18,63,260,,20,01,130,,23,42,347,*7F
$GPGSV,4,3,13,24,60,023,,25,22,174,,28,03,219,,29,12,198,*73
$GPGSV,4,4,13,32,11,275,*4A
$GPGLL,,,,,130134.00,V,N*4E
21:01:34 | Long: Waiting... | Lat: Waiting...
$GPRMC,130135.00,V,,,,,,,060525,,,N*7C
$GPVTG,,,,,,,,,N*30
$GPGGA,130135.00,,,,,0,00,99.99,,,,,,*63
$GPGSA,A,1,,,,,,,,,,,,,99.99,99.99,99.99*30
$GPGSV,4,1,13,05,28,110,,10,08,321,,12,29,136,,13,00,055,*76
$GPGSV,4,2,13,15,30,038,,18,63,260,,20,01,130,,23,42,347,*7F
$GPGSV,4,3,13,24,60,023,,25,22,174,,28,03,219,,29,12,198,*73
$GPGSV,4,4,13,32,11,275,*4A
$GPGLL,,,,,130135.00,V,N*4F
21:01:35 | Long: Waiting... | Lat: Waiting...
$GPRMC,130136.00,V,,,,,,,060525,,,N*7F
$GPVTG,,,,,,,,,N*30
$GPGGA,130136.00,,,,,0,00,99.99,,,,,,*60
$GPGSA,A,1,,,,,,,,,,,,,99.99,99.99,99.99*30
$GPGSV,4,1,13,05,28,110,,10,08,321,,12,29,136,,13,00,055,*76
$GPGSV,4,2,13,15,30,038,,18,63,260,,20,01,130,,23,42,347,*7F
$GPGSV,4,3,13,24,60,023,,25,22,174,,28,03,219,,29,12,198,*73
$GPGSV,4,4,13,32,11,275,*4A
$GPGLL,,,,,130136.00,V,N*4C
21:01:36 | Long: Waiting... | Lat: Waiting...
$GPRMC,130137.00,V,,,,,,,060525,,,N*7E
$GPVTG,,,,,,,,,N*30
$GPGGA,130137.00,,,,,0,00,99.99,,,,,,*61
$GPGSA,A,1,,,,,,,,,,,,,99.99,99.99,99.99*30
$GPGSV,4,1,13,05,28,110,,10,08,321,,12,29,136,,13,00,055,*76
$GPGSV,4,2,13,15,30,038,,18,63,260,,20,01,130,,23,42,347,*7F
$GPGSV,4,3,13,24,60,023,,25,22,174,,28,03,219,,29,12,198,*73
$GPGSV,4,4,13,32,11,275,*4A
$GPGLL,,,,,130137.00,V,N*4D
21:01:37 | Long: Waiting... | Lat: Waiting...
$GPRMC,130138.00,V,,,,,,,060525,,,N*71
$GPVTG,,,,,,,,,N*30
$GPGGA,130138.00,,,,,0,00,99.99,,,,,,*6E
$GPGSA,A,1,,,,,,,,,,,,,99.99,99.99,99.99*30
$GPGSV,4,1,13,05,28,110,,10,08,321,,12,29,136,,13,00,055,*76
$GPGSV,4,2,13,15,30,038,,18,63,260,,20,01,130,,23,42,347,*7F
$GPGSV,4,3,13,24,60,023,,25,22,174,,28,03,219,,29,12,198,*73
$GPGSV,4,4,13,32,11,276,*49
$GPGLL,,,,,130138.00,V,N*42
21:01:38 | Long: Waiting... | Lat: Waiting...
$GPRMC,130139.00,V,,,,,,,060525,,,N*70
$GPVTG,,,,,,,,,N*30
$GPGGA,130139.00,,,,,0,00,99.99,,,,,,*6F
$GPGSA,A,1,,,,,,,,,,,,,99.99,99.99,99.99*30
$GPGSV,4,1,13,05,28,110,,10,08,321,,12,29,136,,13,00,055,*76
$GPGSV,4,2,13,15,30,038,,18,63,260,,20,01,130,,23,42,347,*7F
$GPGSV,4,3,13,24,60,023,,25,22,174,,28,03,219,,29,12,198,*73
$GPGSV,4,4,13,32,11,276,*49
$GPGLL,,,,,130139.00,V,N*43
21:01:39 | Long: Waiting... | Lat: Waiting...
$GPRMC,130140.00,V,,,,,,,060525,,,N*7E
$GPVTG,,,,,,,,,N*30
$GPGGA,130140.00,,,,,0,00,99.99,,,,,,*61
$GPGSA,A,1,,,,,,,,,,,,,99.99,99.99,99.99*30
$GPGSV,4,1,13,05,28,110,,10,08,321,,12,29,136,,13,00,055,*76
$GPGSV,4,2,13,15,30,038,,18,63,260,,20,01,130,,23,42,347,*7F
$GPGSV,4,3,13,24,60,023,,25,22,174,24,28,03,219,,29,12,198,*75
$GPGSV,4,4,13,32,11,276,*49
$GPGLL,,,,,130140.00,V,N*4D
21:01:40 | Long: Waiting... | Lat: Waiting...
$GPRMC,130141.00,V,,,,,,,060525,,,N*7F
$GPVTG,,,,,,,,,N*30
$GPGGA,130141.00,,,,,0,00,99.99,,,,,,*60
$GPGSA,A,1,,,,,,,,,,,,,99.99,99.99,99.99*30
$GPGSV,4,1,13,05,28,110,,10,08,321,,12,29,136,,13,00,055,*76
$GPGSV,4,2,13,15,30,038,,18,63,260,,20,01,130,,23,42,347,*7F
$GPGSV,4,3,13,24,60,023,,25,22,174,,28,03,219,,29,12,198,*73
$GPGSV,4,4,13,32,11,276,*49
$GPGLL,,,,,130141.00,V,N*4C
21:01:41 | Long: Waiting... | Lat: Waiting...
$GPRMC,130142.00,V,,,,,,,060525,,,N*7C
$GPVTG,,,,,,,,,N*30
$GPGGA,130142.00,,,,,0,00,99.99,,,,,,*63
$GPGSA,A,1,,,,,,,,,,,,,99.99,99.99,99.99*30
$GPGSV,4,1,13,05,28,110,,10,08,321,,12,29,136,,13,00,055,*76
$GPGSV,4,2,13,15,30,038,,18,63,260,,20,01,130,,23,42,347,*7F
$GPGSV,4,3,13,24,60,023,,25,22,174,,28,03,219,,29,12,198,*73
$GPGSV,4,4,13,32,11,276,*49
$GPGLL,,,,,130142.00,V,N*4F
21:01:42 | Long: Waiting... | Lat: Waiting...
$GPRMC,130143.00,V,,,,,,,060525,,,N*7D
$GPVTG,,,,,,,,,N*30
$GPGGA,130143.00,,,,,0,00,99.99,,,,,,*62
$GPGSA,A,1,,,,,,,,,,,,,99.99,99.99,99.99*30
$GPGSV,4,1,13,05,28,110,,10,08,321,,12,29,136,,13,00,055,*76
$GPGSV,4,2,13,15,30,038,,18,63,260,,20,01,130,,23,42,347,*7F
$GPGSV,4,3,13,24,60,023,,25,22,174,,28,03,219,,29,12,198,*73
$GPGSV,4,4,13,32,11,276,*49
$GPGLL,,,,,130143.00,V,N*4E
21:01:43 | Long: Waiting... | Lat: Waiting...
$GPRMC,130144.00,V,,,,,,,060525,,,N*7A
$GPVTG,,,,,,,,,N*30
$GPGGA,130144.00,,,,,0,00,99.99,,,,,,*65
$GPGSA,A,1,,,,,,,,,,,,,99.99,99.99,99.99*30
$GPGSV,4,1,13,05,28,110,,10,08,321,,12,29,136,,13,00,055,*76
$GPGSV,4,2,13,15,30,038,,18,63,260,,20,01,130,,23,42,347,*7F
$GPGSV,4,3,13,24,60,023,,25,22,174,,28,03,219,,29,12,198,*73
$GPGSV,4,4,13,32,11,276,*49
$GPGLL,,,,,130144.00,V,N*49
21:01:44 | Long: Waiting... | Lat: Waiting...
$GPRMC,130145.00,V,,,,,,,060525,,,N*7B
$GPVTG,,,,,,,,,N*30
$GPGGA,130145.00,,,,,0,00,99.99,,,,,,*64
$GPGSA,A,1,,,,,,,,,,,,,99.99,99.99,99.99*30
$GPGSV,4,1,13,05,28,110,,10,08,321,,12,29,136,,13,00,055,*76
$GPGSV,4,2,13,15,30,038,,18,63,260,,20,01,130,,23,42,347,*7F
$GPGSV,4,3,13,24,60,023,,25,22,174,,28,03,219,,29,12,198,*73
$GPGSV,4,4,13,32,11,276,*49
$GPGLL,,,,,130145.00,V,N*48
21:01:45 | Long: Waiting... | Lat: Waiting...
$GPRMC,130146.00,V,,,,,,,060525,,,N*78
$GPVTG,,,,,,,,,N*30
$GPGGA,130146.00,,,,,0,00,99.99,,,,,,*67
$GPGSA,A,1,,,,,,,,,,,,,99.99,99.99,99.99*30
$GPGSV,4,1,13,05,28,110,,10,08,321,,12,29,136,,13,00,055,*76
$GPGSV,4,2,13,15,30,038,,18,63,260,,20,01,130,,23,42,347,*7F
$GPGSV,4,3,13,24,60,023,,25,22,174,,28,03,219,,29,12,198,*73
$GPGSV,4,4,13,32,11,276,*49
$GPGLL,,,,,130146.00,V,N*4B
21:01:46 | Long: Waiting... | Lat: Waiting...
$GPRMC,130147.00,V,,,,,,,060525,,,N*79
$GPVTG,,,,,,,,,N*30
$GPGGA,130147.00,,,,,0,00,99.99,,,,,,*66
$GPGSA,A,1,,,,,,,,,,,,,99.99,99.99,99.99*30
$GPGSV,4,1,13,05,28,110,,10,08,321,,12,29,136,,13,00,055,*76
$GPGSV,4,2,13,15,30,038,,18,63,260,,20,01,130,,23,42,347,*7F
$GPGSV,4,3,13,24,60,023,,25,22,174,,28,03,219,,29,12,198,*73
$GPGSV,4,4,13,32,11,276,*49
$GPGLL,,,,,130147.00,V,N*4A
21:01:47 | Long: Waiting... | Lat: Waiting...
$GPRMC,130148.00,V,,,,,,,060525,,,N*76
$GPVTG,,,,,,,,,N*30
$GPGGA,130148.00,,,,,0,00,99.99,,,,,,*69
$GPGSA,A,1,,,,,,,,,,,,,99.99,99.99,99.99*30
$GPGSV,4,1,13,05,28,110,,10,08,321,,12,29,136,,13,00,055,*76
$GPGSV,4,2,13,15,30,038,,18,63,260,,20,01,130,,23,42,347,*7F
$GPGSV,4,3,13,24,60,023,,25,22,174,,28,03,219,,29,12,198,*73
$GPGSV,4,4,13,32,11,276,*49
$GPGLL,,,,,130148.00,V,N*45
21:01:48 | Long: Waiting... | Lat: Waiting...
$GPRMC,130149.00,V,,,,,,,060525,,,N*77
$GPVTG,,,,,,,,,N*30
$GPGGA,130149.00,,,,,0,00,99.99,,,,,,*68
$GPGSA,A,1,,,,,,,,,,,,,99.99,99.99,99.99*30
$GPGSV,4,1,13,05,28,110,,10,08,321,,12,29,136,,13,00,055,*76
$GPGSV,4,2,13,15,30,038,,18,63,260,,20,01,130,,23,42,347,*7F
$GPGSV,4,3,13,24,60,023,,25,22,174,,28,03,219,28,29,12,198,*79
$GPGSV,4,4,13,32,11,276,*49
$GPGLL,,,,,130149.00,V,N*44
21:01:49 | Long: Waiting... | Lat: Waiting...
$GPRMC,130150.00,V,,,,,,,060525,,,N*7F
$GPVTG,,,,,,,,,N*30
$GPGGA,130150.00,,,,,0,00,99.99,,,,,,*60
$GPGSA,A,1,,,,,,,,,,,,,99.99,99.99,99.99*30
$GPGSV,4,1,13,05,28,110,,10,08,321,,12,29,136,,13,00,055,*76
$GPGSV,4,2,13,15,30,038,,18,63,260,,20,01,130,,23,42,347,*7F
$GPGSV,4,3,13,24,60,023,,25,22,174,,28,03,219,,29,12,198,*73
$GPGSV,4,4,13,32,11,276,*49
$GPGLL,,,,,130150.00,V,N*4C
21:01:50 | Long: Waiting... | Lat: Waiting...
$GPRMC,130151.00,V,,,,,,,060525,,,N*7E
$GPVTG,,,,,,,,,N*30
$GPGGA,130151.00,,,,,0,00,99.99,,,,,,*61
$GPGSA,A,1,,,,,,,,,,,,,99.99,99.99,99.99*30
$GPGSV,4,1,13,05,28,110,,10,08,321,,12,29,136,,13,00,055,*76
$GPGSV,4,2,13,15,30,038,,18,63,260,,20,01,130,,23,42,347,*7F
$GPGSV,4,3,13,24,60,023,,25,22,174,,28,03,219,,29,12,198,*73
$GPGSV,4,4,13,32,11,276,*49
$GPGLL,,,,,130151.00,V,N*4D
21:01:51 | Long: Waiting... | Lat: Waiting...
$GPRMC,130152.00,V,,,,,,,060525,,,N*7D
$GPVTG,,,,,,,,,N*30
$GPGGA,130152.00,,,,,0,00,99.99,,,,,,*62
$GPGSA,A,1,,,,,,,,,,,,,99.99,99.99,99.99*30
$GPGSV,4,1,13,05,28,110,,10,08,321,,12,29,136,,13,00,055,*76
$GPGSV,4,2,13,15,30,038,,18,63,260,,20,01,130,,23,42,347,*7F
$GPGSV,4,3,13,24,60,023,,25,22,174,,28,03,219,,29,12,198,*73
$GPGSV,4,4,13,32,11,276,*49
$GPGLL,,,,,130152.00,V,N*4E
21:01:52 | Long: Waiting... | Lat: Waiting...
$GPRMC,130153.00,V,,,,,,,060525,,,N*7C
$GPVTG,,,,,,,,,N*30
$GPGGA,130153.00,,,,,0,00,99.99,,,,,,*63
$GPGSA,A,1,,,,,,,,,,,,,99.99,99.99,99.99*30
$GPGSV,4,1,13,05,28,110,,10,08,321,,12,29,136,,13,00,055,*76
$GPGSV,4,2,13,15,30,038,,18,63,260,,20,01,130,,23,42,347,*7F
$GPGSV,4,3,13,24,60,023,,25,22,174,,28,03,219,,29,12,198,*73
$GPGSV,4,4,13,32,11,276,*49
$GPGLL,,,,,130153.00,V,N*4F
21:01:53 | Long: Waiting... | Lat: Waiting...
$GPRMC,130154.00,V,,,,,,,060525,,,N*7B
$GPVTG,,,,,,,,,N*30
$GPGGA,130154.00,,,,,0,00,99.99,,,,,,*64
$GPGSA,A,1,,,,,,,,,,,,,99.99,99.99,99.99*30
$GPGSV,4,1,13,05,28,110,,10,08,321,,12,29,136,,13,00,055,*76
$GPGSV,4,2,13,15,30,038,,18,63,260,,20,01,130,,23,42,347,*7F
$GPGSV,4,3,13,24,60,023,,25,22,174,,28,03,219,,29,12,198,*73
$GPGSV,4,4,13,32,11,276,*49
$GPGLL,,,,,130154.00,V,N*48
21:01:54 | Long: Waiting... | Lat: Waiting...
$GPRMC,130155.00,V,,,,,,,060525,,,N*7A
$GPVTG,,,,,,,,,N*30
$GPGGA,130155.00,,,,,0,00,99.99,,,,,,*65
$GPGSA,A,1,,,,,,,,,,,,,99.99,99.99,99.99*30
$GPGSV,4,1,13,05,28,110,,10,08,321,,12,29,136,,13,00,055,*76
$GPGSV,4,2,13,15,30,038,,18,63,260,,20,01,130,,23,42,347,*7F
$GPGSV,4,3,13,24,60,023,,25,22,174,,28,03,219,,29,12,198,*73
$GPGSV,4,4,13,32,11,276,*49
$GPGLL,,,,,130155.00,V,N*49
21:01:55 | Long: Waiting... | Lat: Waiting...
$GPRMC,130156.00,V,,,,,,,060525,,,N*79
$GPVTG,,,,,,,,,N*30
$GPGGA,130156.00,,,,,0,00,99.99,,,,,,*66
$GPGSA,A,1,,,,,,,,,,,,,99.99,99.99,99.99*30
$GPGSV,4,1,13,05,28,110,,10,08,321,,12,29,136,,13,00,055,*76
$GPGSV,4,2,13,15,30,038,,18,63,260,,20,01,130,,23,42,347,*7F
$GPGSV,4,3,13,24,60,023,,25,22,174,,28,03,219,,29,12,198,*73
$GPGSV,4,4,13,32,11,276,*49
$GPGLL,,,,,130156.00,V,N*4A
21:01:56 | Long: Waiting... | Lat: Waiting...
$GPRMC,130157.00,V,,,,,,,060525,,,N*78
$GPVTG,,,,,,,,,N*30
$GPGGA,130157.00,,,,,0,00,99.99,,,,,,*67
$GPGSA,A,1,,,,,,,,,,,,,99.99,99.99,99.99*30
$GPGSV,4,1,13,05,28,110,,10,08,321,,12,29,136,,13,00,055,*76
$GPGSV,4,2,13,15,30,038,,18,63,260,,20,01,130,,23,42,347,*7F
$GPGSV,4,3,13,24,60,023,,25,22,174,,28,03,219,,29,12,198,26*77
$GPGSV,4,4,13,32,11,276,*49
$GPGLL,,,,,130157.00,V,N*4B
21:01:57 | Long: Waiting... | Lat: Waiting...
$GPRMC,130158.00,V,,,,,,,060525,,,N*77
$GPVTG,,,,,,,,,N*30
$GPGGA,130158.00,,,,,0,00,99.99,,,,,,*68
$GPGSA,A,1,,,,,,,,,,,,,99.99,99.99,99.99*30
$GPGSV,4,1,13,05,28,110,,10,08,321,,12,29,136,,13,00,055,*76
$GPGSV,4,2,13,15,30,038,,18,63,260,,20,01,130,,23,42,347,*7F
$GPGSV,4,3,13,24,60,023,,25,22,174,,28,03,219,,29,12,198,*73
$GPGSV,4,4,13,32,11,276,*49
$GPGLL,,,,,130158.00,V,N*44
21:01:58 | Long: Waiting... | Lat: Waiting...
$GPRMC,130159.00,V,,,,,,,060525,,,N*76
$GPVTG,,,,,,,,,N*30
$GPGGA,130159.00,,,,,0,00,99.99,,,,,,*69
$GPGSA,A,1,,,,,,,,,,,,,99.99,99.99,99.99*30
$GPGSV,4,1,13,05,28,110,,10,08,321,,12,29,136,,13,00,055,*76
$GPGSV,4,2,13,15,30,038,,18,63,260,,20,01,130,,23,42,347,*7F
$GPGSV,4,3,13,24,60,023,,25,22,174,,28,03,219,,29,12,198,*73
$GPGSV,4,4,13,32,11,276,*49
$GPGLL,,,,,130159.00,V,N*45
21:01:59 | Long: Waiting... | Lat: Waiting...
$GPRMC,130200.00,V,,,,,,,060525,,,N*79
$GPVTG,,,,,,,,,N*30
$GPGGA,130200.00,,,,,0,00,99.99,,,,,,*66
$GPGSA,A,1,,,,,,,,,,,,,99.99,99.99,99.99*30
$GPGSV,4,1,13,05,27,110,,10,08,321,,12,29,136,,13,00,055,*79
$GPGSV,4,2,13,15,30,038,,18,63,260,,20,01,130,,23,42,347,*7F
$GPGSV,4,3,13,24,60,023,,25,22,174,,28,03,219,,29,12,198,*73
$GPGSV,4,4,13,32,11,276,*49
$GPGLL,,,,,130200.00,V,N*4A
21:02:00 | Long: Waiting... | Lat: Waiting...
$GPRMC,130201.00,V,,,,,,,060525,,,N*78
$GPVTG,,,,,,,,,N*30
$GPGGA,130201.00,,,,,0,00,99.99,,,,,,*67
$GPGSA,A,1,,,,,,,,,,,,,99.99,99.99,99.99*30
$GPGSV,4,1,13,05,27,110,,10,08,321,,12,29,136,,13,00,055,*79
$GPGSV,4,2,13,15,30,038,,18,63,260,,20,01,130,,23,42,347,*7F
$GPGSV,4,3,13,24,60,023,,25,22,174,,28,03,219,,29,12,198,*73
$GPGSV,4,4,13,32,11,276,*49
$GPGLL,,,,,130201.00,V,N*4B
21:02:01 | Long: Waiting... | Lat: Waiting...
$GPRMC,130202.00,V,,,,,,,060525,,,N*7B
$GPVTG,,,,,,,,,N*30
$GPGGA,130202.00,,,,,0,00,99.99,,,,,,*64
$GPGSA,A,1,,,,,,,,,,,,,99.99,99.99,99.99*30
$GPGSV,4,1,13,05,27,110,,10,08,321,,12,29,136,,13,00,055,*79
$GPGSV,4,2,13,15,30,038,,18,63,260,,20,01,130,,23,42,347,*7F
$GPGSV,4,3,13,24,60,023,,25,22,174,,28,03,219,,29,12,198,*73
$GPGSV,4,4,13,32,11,276,*49
$GPGLL,,,,,130202.00,V,N*48
21:02:02 | Long: Waiting... | Lat: Waiting...
$GPRMC,130203.00,V,,,,,,,060525,,,N*7A
$GPVTG,,,,,,,,,N*30
$GPGGA,130203.00,,,,,0,00,99.99,,,,,,*65
$GPGSA,A,1,,,,,,,,,,,,,99.99,99.99,99.99*30
$GPGSV,4,1,13,05,27,110,,10,08,321,,12,29,136,,13,00,055,*79
$GPGSV,4,2,13,15,30,038,,18,63,260,,20,01,130,,23,42,347,*7F
$GPGSV,4,3,13,24,60,023,,25,22,174,,28,03,219,,29,12,198,*73
$GPGSV,4,4,13,32,11,276,*49
$GPGLL,,,,,130203.00,V,N*49
21:02:03 | Long: Waiting... | Lat: Waiting...
$GPRMC,130204.00,V,,,,,,,060525,,,N*7D
$GPVTG,,,,,,,,,N*30
$GPGGA,130204.00,,,,,0,00,99.99,,,,,,*62
$GPGSA,A,1,,,,,,,,,,,,,99.99,99.99,99.99*30
$GPGSV,4,1,13,05,27,110,,10,08,321,,12,30,135,,13,00,055,*72
$GPGSV,4,2,13,15,30,038,,18,63,260,,20,01,130,,23,42,347,*7F
$GPGSV,4,3,13,24,60,023,,25,22,174,,28,03,219,,29,12,198,*73
$GPGSV,4,4,13,32,11,276,*49
$GPGLL,,,,,130204.00,V,N*4E
21:02:04 | Long: Waiting... | Lat: Waiting...
$GPRMC,130205.00,V,,,,,,,060525,,,N*7C
$GPVTG,,,,,,,,,N*30
$GPGGA,130205.00,,,,,0,00,99.99,,,,,,*63
$GPGSA,A,1,,,,,,,,,,,,,99.99,99.99,99.99*30
$GPGSV,4,1,13,05,27,110,,10,08,321,,12,30,135,,13,00,055,*72
$GPGSV,4,2,13,15,29,038,,18,63,260,,20,01,130,,23,42,347,*77
$GPGSV,4,3,13,24,60,023,,25,22,174,,28,03,219,,29,12,198,*73
$GPGSV,4,4,13,32,11,276,*49
$GPGLL,,,,,130205.00,V,N*4F
21:02:05 | Long: Waiting... | Lat: Waiting...
$GPRMC,130206.00,V,,,,,,,060525,,,N*7F
$GPVTG,,,,,,,,,N*30
$GPGGA,130206.00,,,,,0,00,99.99,,,,,,*60
$GPGSA,A,1,,,,,,,,,,,,,99.99,99.99,99.99*30
$GPGSV,4,1,13,05,27,110,,10,08,321,,12,30,135,,13,00,055,*72
$GPGSV,4,2,13,15,29,038,,18,63,260,,20,01,130,,23,42,347,*77
$GPGSV,4,3,13,24,60,023,,25,22,174,,28,03,219,,29,12,198,*73
$GPGSV,4,4,13,32,11,276,*49
$GPGLL,,,,,130206.00,V,N*4C
21:02:06 | Long: Waiting... | Lat: Waiting...
$GPRMC,130207.00,V,,,,,,,060525,,,N*7E
$GPVTG,,,,,,,,,N*30
$GPGGA,130207.00,,,,,0,00,99.99,,,,,,*61
$GPGSA,A,1,,,,,,,,,,,,,99.99,99.99,99.99*30
$GPGSV,4,1,13,05,27,110,,10,08,321,,12,30,135,,13,00,055,*72
$GPGSV,4,2,13,15,29,038,,18,63,259,,20,01,130,,23,42,347,*7D
$GPGSV,4,3,13,24,60,023,,25,22,174,,28,03,219,,29,12,198,*73
$GPGSV,4,4,13,32,11,276,*49
$GPGLL,,,,,130207.00,V,N*4D
21:02:07 | Long: Waiting... | Lat: Waiting...
$GPRMC,130208.00,V,,,,,,,060525,,,N*71
$GPVTG,,,,,,,,,N*30
$GPGGA,130208.00,,,,,0,00,99.99,,,,,,*6E
$GPGSA,A,1,,,,,,,,,,,,,99.99,99.99,99.99*30
$GPGSV,4,1,13,05,27,110,,10,08,321,,12,30,135,,13,00,055,*72
$GPGSV,4,2,13,15,29,038,,18,63,259,,20,00,130,,23,42,347,*7C
$GPGSV,4,3,13,24,60,023,,25,22,174,,28,03,219,,29,12,198,*73
$GPGSV,4,4,13,32,11,276,*49
$GPGLL,,,,,130208.00,V,N*42
21:02:08 | Long: Waiting... | Lat: Waiting...
$GPRMC,130209.00,V,,,,,,,060525,,,N*70
$GPVTG,,,,,,,,,N*30
$GPGGA,130209.00,,,,,0,00,99.99,,,,,,*6F
$GPGSA,A,1,,,,,,,,,,,,,99.99,99.99,99.99*30
$GPGSV,4,1,13,05,27,110,,10,08,321,,12,30,135,,13,00,055,*72
$GPGSV,4,2,13,15,29,038,,18,63,259,,20,00,130,,23,42,347,*7C
$GPGSV,4,3,13,24,60,023,,25,22,174,,28,03,219,,29,12,198,*73
$GPGSV,4,4,13,32,11,276,*49
$GPGLL,,,,,130209.00,V,N*43
21:02:09 | Long: Waiting... | Lat: Waiting...
$GPRMC,130210.00,V,,,,,,,060525,,,N*78
$GPVTG,,,,,,,,,N*30
$GPGGA,130210.00,,,,,0,00,99.99,,,,,,*67
$GPGSA,A,1,,,,,,,,,,,,,99.99,99.99,99.99*30
$GPGSV,4,1,13,05,27,110,,10,08,321,,12,30,135,,13,00,055,*72
$GPGSV,4,2,13,15,29,038,,18,63,259,,20,00,130,,23,42,347,*7C
$GPGSV,4,3,13,24,60,023,,25,22,174,,28,03,219,,29,12,198,*73
$GPGSV,4,4,13,32,11,276,*49
$GPGLL,,,,,130210.00,V,N*4B
21:02:10 | Long: Waiting... | Lat: Waiting...
$GPRMC,130211.00,V,,,,,,,060525,,,N*79
$GPVTG,,,,,,,,,N*30
$GPGGA,130211.00,,,,,0,00,99.99,,,,,,*66
$GPGSA,A,1,,,,,,,,,,,,,99.99,99.99,99.99*30
$GPGSV,4,1,13,05,27,110,,10,08,321,,12,30,135,,13,00,055,*72
$GPGSV,4,2,13,15,29,038,,18,63,259,,20,00,130,,23,42,347,*7C
$GPGSV,4,3,13,24,60,023,,25,22,174,,28,03,219,,29,12,198,*73
$GPGSV,4,4,13,32,11,276,*49
$GPGLL,,,,,130211.00,V,N*4A
21:02:11 | Long: Waiting... | Lat: Waiting...
$GPRMC,130212.00,V,,,,,,,060525,,,N*7A
$GPVTG,,,,,,,,,N*30
$GPGGA,130212.00,,,,,0,00,99.99,,,,,,*65
$GPGSA,A,1,,,,,,,,,,,,,99.99,99.99,99.99*30
$GPGSV,4,1,13,05,27,110,,10,08,321,,12,30,135,,13,00,055,*72
$GPGSV,4,2,13,15,29,038,,18,63,259,,20,00,130,,23,42,347,*7C
$GPGSV,4,3,13,24,60,023,,25,22,174,,28,04,219,,29,11,197,*78
$GPGSV,4,4,13,32,11,276,*49
$GPGLL,,,,,130212.00,V,N*49
21:02:12 | Long: Waiting... | Lat: Waiting...
$GPRMC,130213.00,V,,,,,,,060525,,,N*7B
$GPVTG,,,,,,,,,N*30
$GPGGA,130213.00,,,,,0,00,99.99,,,,,,*64
$GPGSA,A,1,,,,,,,,,,,,,99.99,99.99,99.99*30
$GPGSV,4,1,13,05,27,110,,10,08,321,,12,30,135,,13,00,055,*72
$GPGSV,4,2,13,15,29,038,,18,63,259,,20,00,130,,23,42,347,*7C
$GPGSV,4,3,13,24,60,023,,25,22,174,,28,04,219,,29,11,197,*78
$GPGSV,4,4,13,32,11,276,*49
$GPGLL,,,,,130213.00,V,N*48
21:02:13 | Long: Waiting... | Lat: Waiting...
$GPRMC,130214.00,V,,,,,,,060525,,,N*7C
$GPVTG,,,,,,,,,N*30
$GPGGA,130214.00,,,,,0,00,99.99,,,,,,*63
$GPGSA,A,1,,,,,,,,,,,,,99.99,99.99,99.99*30
$GPGSV,4,1,13,05,27,110,28,10,08,321,,12,30,135,,13,00,055,*78
$GPGSV,4,2,13,15,29,038,,18,63,259,,20,00,130,,23,42,347,*7C
$GPGSV,4,3,13,24,60,023,,25,22,174,,28,04,219,,29,11,197,*78
$GPGSV,4,4,13,32,11,276,*49
$GPGLL,,,,,130214.00,V,N*4F
21:02:14 | Long: Waiting... | Lat: Waiting...
$GPRMC,130215.00,V,,,,,,,060525,,,N*7D
$GPVTG,,,,,,,,,N*30
$GPGGA,130215.00,,,,,0,00,99.99,,,,,,*62
$GPGSA,A,1,,,,,,,,,,,,,99.99,99.99,99.99*30
$GPGSV,4,1,13,05,27,110,,10,08,321,,12,30,135,,13,00,055,*72
$GPGSV,4,2,13,15,29,038,,18,63,259,,20,00,130,,23,42,347,*7C
$GPGSV,4,3,13,24,60,023,,25,22,174,,28,04,219,,29,11,197,*78
$GPGSV,4,4,13,32,11,276,*49
$GPGLL,,,,,130215.00,V,N*4E
21:02:15 | Long: Waiting... | Lat: Waiting...
$GPRMC,130216.00,V,,,,,,,060525,,,N*7E
$GPVTG,,,,,,,,,N*30
$GPGGA,130216.00,,,,,0,00,99.99,,,,,,*61
$GPGSA,A,1,,,,,,,,,,,,,99.99,99.99,99.99*30
$GPGSV,4,1,13,05,27,110,,10,08,321,,12,30,135,,13,00,055,*72
$GPGSV,4,2,13,15,29,038,,18,63,259,,20,00,130,,23,42,347,*7C
$GPGSV,4,3,13,24,60,023,,25,22,174,,28,04,219,,29,11,197,*78
$GPGSV,4,4,13,32,11,276,*49
$GPGLL,,,,,130216.00,V,N*4D
21:02:16 | Long: Waiting... | Lat: Waiting...
$GPRMC,130217.00,V,,,,,,,060525,,,N*7F
$GPVTG,,,,,,,,,N*30
$GPGGA,130217.00,,,,,0,00,99.99,,,,,,*60
$GPGSA,A,1,,,,,,,,,,,,,99.99,99.99,99.99*30
$GPGSV,4,1,13,05,27,110,,10,08,321,,12,30,135,,13,00,055,*72
$GPGSV,4,2,13,15,29,038,,18,63,259,,20,00,130,,23,42,347,*7C
$GPGSV,4,3,13,24,60,023,,25,22,174,,28,04,219,,29,11,197,*78
$GPGSV,4,4,13,32,11,276,*49
$GPGLL,,,,,130217.00,V,N*4C
21:02:17 | Long: Waiting... | Lat: Waiting...
$GPRMC,130218.00,V,,,,,,,060525,,,N*70
$GPVTG,,,,,,,,,N*30
$GPGGA,130218.00,,,,,0,00,99.99,,,,,,*6F
$GPGSA,A,1,,,,,,,,,,,,,99.99,99.99,99.99*30
$GPGSV,4,1,13,05,27,110,,10,08,321,,12,30,135,,13,00,055,*72
$GPGSV,4,2,13,15,29,038,,18,63,259,,20,00,130,,23,42,347,*7C
$GPGSV,4,3,13,24,60,023,,25,22,174,,28,04,219,,29,11,197,*78
$GPGSV,4,4,13,32,11,276,*49
$GPGLL,,,,,130218.00,V,N*43
21:02:18 | Long: Waiting... | Lat: Waiting...
$GPRMC,130219.00,V,,,,,,,060525,,,N*71
$GPVTG,,,,,,,,,N*30
$GPGGA,130219.00,,,,,0,00,99.99,,,,,,*6E
$GPGSA,A,1,,,,,,,,,,,,,99.99,99.99,99.99*30
$GPGSV,4,1,13,05,27,110,,10,08,321,24,12,30,135,,13,00,055,*74
$GPGSV,4,2,13,15,29,038,,18,63,259,,20,00,130,,23,42,347,*7C
$GPGSV,4,3,13,24,60,023,,25,22,174,,28,04,219,,29,11,197,*78
$GPGSV,4,4,13,32,11,276,*49
$GPGLL,,,,,130219.00,V,N*42
21:02:19 | Long: Waiting... | Lat: Waiting...
$GPRMC,130220.00,V,,,,,,,060525,,,N*7B
$GPVTG,,,,,,,,,N*30
$GPGGA,130220.00,,,,,0,00,99.99,,,,,,*64
$GPGSA,A,1,,,,,,,,,,,,,99.99,99.99,99.99*30
$GPGSV,4,1,13,05,27,110,,10,08,321,,12,30,135,,13,00,055,*72
$GPGSV,4,2,13,15,29,038,,18,63,259,,20,00,130,,23,42,347,*7C
$GPGSV,4,3,13,24,60,023,,25,22,174,,28,04,219,,29,11,197,*78
$GPGSV,4,4,13,32,11,276,*49
$GPGLL,,,,,130220.00,V,N*48
21:02:20 | Long: Waiting... | Lat: Waiting...
$GPRMC,130221.00,V,,,,,,,060525,,,N*7A
$GPVTG,,,,,,,,,N*30
$GPGGA,130221.00,,,,,0,00,99.99,,,,,,*65
$GPGSA,A,1,,,,,,,,,,,,,99.99,99.99,99.99*30
$GPGSV,4,1,13,05,27,110,,10,08,321,,12,30,135,,13,00,055,*72
$GPGSV,4,2,13,15,29,038,,18,63,259,,20,00,130,,23,42,347,*7C
$GPGSV,4,3,13,24,60,023,,25,22,174,,28,04,219,,29,11,197,*78
$GPGSV,4,4,13,32,11,276,*49
$GPGLL,,,,,130221.00,V,N*49
21:02:21 | Long: Waiting... | Lat: Waiting...
$GPRMC,130222.00,V,,,,,,,060525,,,N*79
$GPVTG,,,,,,,,,N*30
$GPGGA,130222.00,,,,,0,00,99.99,,,,,,*66
$GPGSA,A,1,,,,,,,,,,,,,99.99,99.99,99.99*30
$GPGSV,4,1,13,05,27,110,,10,08,321,,12,30,135,,13,00,055,*72
$GPGSV,4,2,13,15,29,038,,18,63,259,,20,00,130,,23,42,347,*7C
$GPGSV,4,3,13,24,60,023,,25,22,174,,28,04,219,,29,11,197,*78
$GPGSV,4,4,13,32,11,276,*49
$GPGLL,,,,,130222.00,V,N*4A
21:02:22 | Long: Waiting... | Lat: Waiting...
$GPRMC,130223.00,V,,,,,,,060525,,,N*78
$GPVTG,,,,,,,,,N*30
$GPGGA,130223.00,,,,,0,00,99.99,,,,,,*67
$GPGSA,A,1,,,,,,,,,,,,,99.99,99.99,99.99*30
$GPGSV,4,1,13,05,27,110,,10,08,321,,12,30,135,,13,00,055,*72
$GPGSV,4,2,13,15,29,038,,18,63,259,,20,00,130,,23,42,347,*7C
$GPGSV,4,3,13,24,60,023,,25,22,174,,28,04,219,,29,11,197,*78
$GPGSV,4,4,13,32,11,276,*49
$GPGLL,,,,,130223.00,V,N*4B
21:02:23 | Long: Waiting... | Lat: Waiting...
$GPRMC,130224.00,V,,,,,,,060525,,,N*7F
$GPVTG,,,,,,,,,N*30
$GPGGA,130224.00,,,,,0,00,99.99,,,,,,*60
$GPGSA,A,1,,,,,,,,,,,,,99.99,99.99,99.99*30
$GPGSV,4,1,13,05,27,110,,10,08,321,,12,30,135,,13,00,055,*72
$GPGSV,4,2,13,15,29,038,,18,63,259,,20,00,130,,23,42,347,*7C
$GPGSV,4,3,13,24,60,023,,25,22,174,,28,04,219,,29,11,197,*78
$GPGSV,4,4,13,32,11,276,*49
$GPGLL,,,,,130224.00,V,N*4C
21:02:24 | Long: Waiting... | Lat: Waiting...
$GPRMC,130225.00,V,,,,,,,060525,,,N*7E
$GPVTG,,,,,,,,,N*30
$GPGGA,130225.00,,,,,0,00,99.99,,,,,,*61
$GPGSA,A,1,,,,,,,,,,,,,99.99,99.99,99.99*30
$GPGSV,4,1,13,05,27,110,,10,08,321,,12,30,135,,13,00,055,*72
$GPGSV,4,2,13,15,29,038,,18,63,259,,20,00,130,,23,42,347,*7C
$GPGSV,4,3,13,24,60,023,,25,22,174,,28,04,219,,29,11,197,*78
$GPGSV,4,4,13,32,11,276,*49
$GPGLL,,,,,130225.00,V,N*4D
21:02:25 | Long: Waiting... | Lat: Waiting...
$GPRMC,130226.00,V,,,,,,,060525,,,N*7D
$GPVTG,,,,,,,,,N*30
$GPGGA,130226.00,,,,,0,00,99.99,,,,,,*62
$GPGSA,A,1,,,,,,,,,,,,,99.99,99.99,99.99*30
$GPGSV,4,1,13,05,27,110,,10,08,321,,12,30,135,,13,00,055,*72
$GPGSV,4,2,13,15,29,038,,18,63,259,,20,00,130,,23,42,347,*7C
$GPGSV,4,3,13,24,60,023,,25,22,174,,28,04,219,,29,11,197,*78
$GPGSV,4,4,13,32,11,276,*49
$GPGLL,,,,,130226.00,V,N*4E
21:02:26 | Long: Waiting... | Lat: Waiting...
$GPRMC,130227.00,V,,,,,,,060525,,,N*7C
$GPVTG,,,,,,,,,N*30
$GPGGA,130227.00,,,,,0,00,99.99,,,,,,*63
$GPGSA,A,1,,,,,,,,,,,,,99.99,99.99,99.99*30
$GPGSV,4,1,13,05,27,110,,10,08,321,,12,30,135,,13,00,055,*72
$GPGSV,4,2,13,15,29,038,,18,63,259,,20,00,130,,23,42,347,*7C
$GPGSV,4,3,13,24,60,023,,25,22,174,,28,04,219,,29,11,197,*78
$GPGSV,4,4,13,32,11,276,*49
$GPGLL,,,,,130227.00,V,N*4F
21:02:27 | Long: Waiting... | Lat: Waiting...
$GPRMC,130228.00,V,,,,,,,060525,,,N*73
$GPVTG,,,,,,,,,N*30
$GPGGA,130228.00,,,,,0,00,99.99,,,,,,*6C
$GPGSA,A,1,,,,,,,,,,,,,99.99,99.99,99.99*30
$GPGSV,4,1,13,05,27,110,,10,08,321,,12,30,135,,13,00,055,*72
$GPGSV,4,2,13,15,29,038,,18,63,259,,20,00,130,,23,42,347,*7C
$GPGSV,4,3,13,24,60,023,,25,22,174,,28,04,219,,29,11,197,*78
$GPGSV,4,4,13,32,11,276,*49
$GPGLL,,,,,130228.00,V,N*40
21:02:28 | Long: Waiting... | Lat: Waiting...
$GPRMC,130229.00,V,,,,,,,060525,,,N*72
$GPVTG,,,,,,,,,N*30
$GPGGA,130229.00,,,,,0,00,99.99,,,,,,*6D
$GPGSA,A,1,,,,,,,,,,,,,99.99,99.99,99.99*30
$GPGSV,4,1,13,05,27,110,,10,08,321,,12,30,135,,13,00,055,24*74
$GPGSV,4,2,13,15,29,038,,18,63,259,,20,00,130,,23,42,347,*7C
$GPGSV,4,3,13,24,60,023,,25,22,174,,28,04,219,,29,11,197,*78
$GPGSV,4,4,13,32,11,276,*49
$GPGLL,,,,,130229.00,V,N*41
21:02:29 | Long: Waiting... | Lat: Waiting...
$GPRMC,130230.00,V,,,,,,,060525,,,N*7A
$GPVTG,,,,,,,,,N*30
$GPGGA,130230.00,,,,,0,00,99.99,,,,,,*65
$GPGSA,A,1,,,,,,,,,,,,,99.99,99.99,99.99*30
$GPGSV,4,1,13,05,27,110,,10,08,321,,12,30,135,,13,00,055,*72
$GPGSV,4,2,13,15,29,038,,18,63,259,,20,00,130,,23,42,347,*7C
$GPGSV,4,3,13,24,60,023,,25,22,174,,28,04,219,,29,11,197,*78
$GPGSV,4,4,13,32,11,276,*49
$GPGLL,,,,,130230.00,V,N*49
21:02:30 | Long: Waiting... | Lat: Waiting...
$GPRMC,130231.00,V,,,,,,,060525,,,N*7B
$GPVTG,,,,,,,,,N*30
$GPGGA,130231.00,,,,,0,00,99.99,,,,,,*64
$GPGSA,A,1,,,,,,,,,,,,,99.99,99.99,99.99*30
$GPGSV,4,1,13,05,27,110,,10,08,321,,12,30,135,,13,00,055,*72
$GPGSV,4,2,13,15,29,038,,18,63,259,,20,00,130,,23,42,347,*7C
$GPGSV,4,3,13,24,60,023,,25,22,174,,28,04,219,,29,11,197,*78
$GPGSV,4,4,13,32,11,276,*49
$GPGLL,,,,,130231.00,V,N*48
21:02:31 | Long: Waiting... | Lat: Waiting...
$GPRMC,130232.00,V,,,,,,,060525,,,N*78
$GPVTG,,,,,,,,,N*30
$GPGGA,130232.00,,,,,0,00,99.99,,,,,,*67
$GPGSA,A,1,,,,,,,,,,,,,99.99,99.99,99.99*30
$GPGSV,4,1,13,05,27,110,,10,08,321,,12,30,135,,13,00,055,*72
$GPGSV,4,2,13,15,29,038,,18,63,259,,20,00,130,,23,42,347,*7C
$GPGSV,4,3,13,24,60,023,,25,22,174,,28,04,219,,29,11,197,*78
$GPGSV,4,4,13,32,11,276,*49
$GPGLL,,,,,130232.00,V,N*4B
21:02:32 | Long: Waiting... | Lat: Waiting...
$GPRMC,130233.00,V,,,,,,,060525,,,N*79
$GPVTG,,,,,,,,,N*30
$GPGGA,130233.00,,,,,0,00,99.99,,,,,,*66
$GPGSA,A,1,,,,,,,,,,,,,99.99,99.99,99.99*30
$GPGSV,4,1,13,05,27,110,,10,08,321,,12,30,135,,13,00,055,*72
$GPGSV,4,2,13,15,29,038,23,18,63,259,,20,00,130,,23,42,347,*7D
$GPGSV,4,3,13,24,60,023,,25,22,174,,28,04,219,,29,11,197,*78
$GPGSV,4,4,13,32,11,276,*49
$GPGLL,,,,,130233.00,V,N*4A
21:02:33 | Long: Waiting... | Lat: Waiting...
$GPRMC,130234.00,V,,,,,,,060525,,,N*7E
$GPVTG,,,,,,,,,N*30
$GPGGA,130234.00,,,,,0,00,99.99,,,,,,*61
$GPGSA,A,1,,,,,,,,,,,,,99.99,99.99,99.99*30
$GPGSV,4,1,13,05,27,110,,10,08,321,,12,30,135,,13,00,055,*72
$GPGSV,4,2,13,15,29,038,,18,63,259,,20,00,130,,23,42,347,*7C
$GPGSV,4,3,13,24,60,023,,25,22,174,,28,04,219,,29,11,197,*78
$GPGSV,4,4,13,32,11,276,*49
$GPGLL,,,,,130234.00,V,N*4D
21:02:34 | Long: Waiting... | Lat: Waiting...
$GPRMC,130235.00,V,,,,,,,060525,,,N*7F
$GPVTG,,,,,,,,,N*30
$GPGGA,130235.00,,,,,0,00,99.99,,,,,,*60
$GPGSA,A,1,,,,,,,,,,,,,99.99,99.99,99.99*30
$GPGSV,4,1,13,05,27,110,,10,08,321,,12,30,135,,13,00,055,*72
$GPGSV,4,2,13,15,29,038,,18,63,259,,20,00,130,,23,42,347,*7C
$GPGSV,4,3,13,24,60,023,,25,22,174,,28,04,219,,29,11,197,*78
$GPGSV,4,4,13,32,11,276,*49
$GPGLL,,,,,130235.00,V,N*4C
21:02:35 | Long: Waiting... | Lat: Waiting...
$GPRMC,130236.00,V,,,,,,,060525,,,N*7C
$GPVTG,,,,,,,,,N*30
$GPGGA,130236.00,,,,,0,00,99.99,,,,,,*63
$GPGSA,A,1,,,,,,,,,,,,,99.99,99.99,99.99*30
$GPGSV,4,1,13,05,27,111,,10,08,321,,12,30,135,,13,00,055,*73
$GPGSV,4,2,13,15,29,038,,18,63,259,,20,00,130,,23,42,347,*7C
$GPGSV,4,3,13,24,60,023,,25,22,174,,28,04,219,,29,11,197,*78
$GPGSV,4,4,13,32,11,276,*49
$GPGLL,,,,,130236.00,V,N*4F
21:02:36 | Long: Waiting... | Lat: Waiting...
$GPRMC,130237.00,V,,,,,,,060525,,,N*7D
$GPVTG,,,,,,,,,N*30
$GPGGA,130237.00,,,,,0,00,99.99,,,,,,*62
$GPGSA,A,1,,,,,,,,,,,,,99.99,99.99,99.99*30
$GPGSV,4,1,13,05,27,111,,10,08,321,,12,30,135,,13,00,055,*73
$GPGSV,4,2,13,15,29,038,,18,63,259,,20,00,130,,23,42,347,*7C
$GPGSV,4,3,13,24,60,023,,25,22,174,,28,04,219,,29,11,197,*78
$GPGSV,4,4,13,32,11,276,*49
$GPGLL,,,,,130237.00,V,N*4E
21:02:37 | Long: Waiting... | Lat: Waiting...
$GPRMC,130238.00,V,,,,,,,060525,,,N*72
$GPVTG,,,,,,,,,N*30
$GPGGA,130238.00,,,,,0,00,99.99,,,,,,*6D
$GPGSA,A,1,,,,,,,,,,,,,99.99,99.99,99.99*30
$GPGSV,4,1,13,05,27,111,,10,08,321,,12,30,135,,13,00,055,*73
$GPGSV,4,2,13,15,29,038,19,18,63,259,,20,00,130,,23,42,347,*74
$GPGSV,4,3,13,24,60,023,,25,22,174,,28,04,219,,29,11,197,*78
$GPGSV,4,4,13,32,11,276,*49
$GPGLL,,,,,130238.00,V,N*41
21:02:38 | Long: Waiting... | Lat: Waiting...
$GPRMC,130239.00,V,,,,,,,060525,,,N*73
$GPVTG,,,,,,,,,N*30
$GPGGA,130239.00,,,,,0,00,99.99,,,,,,*6C
$GPGSA,A,1,,,,,,,,,,,,,99.99,99.99,99.99*30
$GPGSV,4,1,13,05,27,111,,10,08,321,,12,30,135,,13,00,055,*73
$GPGSV,4,2,13,15,29,038,18,18,63,259,,20,00,130,,23,42,347,*75
$GPGSV,4,3,13,24,60,023,,25,22,174,,28,04,219,,29,11,197,*78
$GPGSV,4,4,13,32,11,276,*49
$GPGLL,,,,,130239.00,V,N*40
21:02:39 | Long: Waiting... | Lat: Waiting...
$GPRMC,130240.00,V,,,,,,,060525,,,N*7D
$GPVTG,,,,,,,,,N*30
$GPGGA,130240.00,,,,,0,00,99.99,,,,,,*62
$GPGSA,A,1,,,,,,,,,,,,,99.99,99.99,99.99*30
$GPGSV,4,1,13,05,27,111,,10,08,321,,12,30,135,,13,00,055,*73
$GPGSV,4,2,13,15,29,038,15,18,63,259,,20,00,130,,23,42,347,*78
$GPGSV,4,3,13,24,60,023,,25,22,174,,28,04,219,,29,11,197,*78
$GPGSV,4,4,13,32,11,276,*49
$GPGLL,,,,,130240.00,V,N*4E
21:02:40 | Long: Waiting... | Lat: Waiting...
$GPRMC,130241.00,V,,,,,,,060525,,,N*7C
$GPVTG,,,,,,,,,N*30
$GPGGA,130241.00,,,,,0,00,99.99,,,,,,*63
$GPGSA,A,1,,,,,,,,,,,,,99.99,99.99,99.99*30
$GPGSV,4,1,13,05,27,111,,10,08,321,,12,30,135,,13,00,055,*73
$GPGSV,4,2,13,15,29,038,,18,63,259,,20,00,130,,23,42,347,*7C
$GPGSV,4,3,13,24,60,023,,25,22,174,,28,04,219,,29,11,197,*78
$GPGSV,4,4,13,32,11,276,*49
$GPGLL,,,,,130241.00,V,N*4F
21:02:41 | Long: Waiting... | Lat: Waiting...
$GPRMC,130242.00,V,,,,,,,060525,,,N*7F
$GPVTG,,,,,,,,,N*30
$GPGGA,130242.00,,,,,0,00,99.99,,,,,,*60
$GPGSA,A,1,,,,,,,,,,,,,99.99,99.99,99.99*30
$GPGSV,4,1,13,05,27,111,,10,08,321,,12,30,135,,13,00,055,*73
$GPGSV,4,2,13,15,29,038,,18,63,258,24,20,00,130,,23,42,347,*7B
$GPGSV,4,3,13,24,60,023,,25,22,174,,28,04,219,,29,11,197,*78
$GPGSV,4,4,13,32,11,276,*49
$GPGLL,,,,,130242.00,V,N*4C
21:02:42 | Long: Waiting... | Lat: Waiting...
$GPRMC,130243.00,V,,,,,,,060525,,,N*7E
$GPVTG,,,,,,,,,N*30
$GPGGA,130243.00,,,,,0,00,99.99,,,,,,*61
$GPGSA,A,1,,,,,,,,,,,,,99.99,99.99,99.99*30
$GPGSV,4,1,13,05,27,111,,10,08,321,,12,30,135,,13,00,055,*73
$GPGSV,4,2,13,15,29,038,,18,63,258,,20,00,130,23,23,42,347,*7C
$GPGSV,4,3,13,24,60,023,,25,22,174,,28,04,219,,29,11,197,*78
$GPGSV,4,4,13,32,11,276,*49
$GPGLL,,,,,130243.00,V,N*4D
21:02:43 | Long: Waiting... | Lat: Waiting...
$GPRMC,130244.00,V,,,,,,,060525,,,N*79
$GPVTG,,,,,,,,,N*30
$GPGGA,130244.00,,,,,0,00,99.99,,,,,,*66
$GPGSA,A,1,,,,,,,,,,,,,99.99,99.99,99.99*30
$GPGSV,4,1,13,05,27,111,,10,08,321,,12,30,135,,13,00,055,*73
$GPGSV,4,2,13,15,29,038,,18,63,258,,20,00,130,,23,42,347,*7D
$GPGSV,4,3,13,24,60,023,,25,22,174,,28,04,219,,29,11,197,*78
$GPGSV,4,4,13,32,11,276,*49
$GPGLL,,,,,130244.00,V,N*4A
21:02:44 | Long: Waiting... | Lat: Waiting...
$GPRMC,130245.00,V,,,,,,,060525,,,N*78
$GPVTG,,,,,,,,,N*30
$GPGGA,130245.00,,,,,0,00,99.99,,,,,,*67
$GPGSA,A,1,,,,,,,,,,,,,99.99,99.99,99.99*30
$GPGSV,4,1,13,05,27,111,,10,08,321,,12,30,135,,13,00,055,*73
$GPGSV,4,2,13,15,29,038,,18,63,258,,20,00,130,,23,42,348,*72
$GPGSV,4,3,13,24,60,022,,25,22,174,,28,04,219,,29,11,197,*79
$GPGSV,4,4,13,32,11,276,*49
$GPGLL,,,,,130245.00,V,N*4B
21:02:45 | Long: Waiting... | Lat: Waiting...
$GPRMC,130246.00,V,,,,,,,060525,,,N*7B
$GPVTG,,,,,,,,,N*30
$GPGGA,130246.00,,,,,0,00,99.99,,,,,,*64
$GPGSA,A,1,,,,,,,,,,,,,99.99,99.99,99.99*30
$GPGSV,4,1,13,05,27,111,,10,08,321,,12,30,135,,13,00,055,*73
$GPGSV,4,2,13,15,29,038,,18,63,258,,20,00,130,,23,42,348,*72
$GPGSV,4,3,13,24,60,022,,25,22,173,,28,04,219,,29,11,197,*7E
$GPGSV,4,4,13,32,11,276,*49
$GPGLL,,,,,130246.00,V,N*48
21:02:46 | Long: Waiting... | Lat: Waiting...
$GPRMC,130247.00,V,,,,,,,060525,,,N*7A
$GPVTG,,,,,,,,,N*30
$GPGGA,130247.00,,,,,0,00,99.99,,,,,,*65
$GPGSA,A,1,,,,,,,,,,,,,99.99,99.99,99.99*30
$GPGSV,4,1,13,05,27,111,,10,08,321,,12,30,135,,13,00,055,*73
$GPGSV,4,2,13,15,29,038,,18,63,258,,20,00,130,,23,42,348,19*7A
$GPGSV,4,3,13,24,60,022,,25,22,173,,28,04,219,,29,11,197,*7E
$GPGSV,4,4,13,32,11,276,*49
$GPGLL,,,,,130247.00,V,N*49
21:02:47 | Long: Waiting... | Lat: Waiting...
$GPRMC,130248.00,V,,,,,,,060525,,,N*75
$GPVTG,,,,,,,,,N*30
$GPGGA,130248.00,,,,,0,00,99.99,,,,,,*6A
$GPGSA,A,1,,,,,,,,,,,,,99.99,99.99,99.99*30
$GPGSV,4,1,13,05,27,111,,10,08,321,,12,30,135,,13,00,055,*73
$GPGSV,4,2,13,15,29,038,,18,63,258,,20,00,130,,23,42,348,*72
$GPGSV,4,3,13,24,60,022,,25,22,173,,28,04,219,,29,11,197,*7E
$GPGSV,4,4,13,32,11,276,*49
$GPGLL,,,,,130248.00,V,N*46
21:02:48 | Long: Waiting... | Lat: Waiting...
$GPRMC,130249.00,V,,,,,,,060525,,,N*74
$GPVTG,,,,,,,,,N*30
$GPGGA,130249.00,,,,,0,00,99.99,,,,,,*6B
$GPGSA,A,1,,,,,,,,,,,,,99.99,99.99,99.99*30
$GPGSV,4,1,13,05,27,111,,10,08,321,,12,30,135,,13,00,055,*73
$GPGSV,4,2,13,15,29,038,,18,63,258,,20,00,130,,23,42,348,*72
$GPGSV,4,3,13,24,60,022,,25,22,173,,28,04,219,,29,11,197,*7E
$GPGSV,4,4,13,32,11,276,*49
$GPGLL,,,,,130249.00,V,N*47
21:02:49 | Long: Waiting... | Lat: Waiting...
$GPRMC,130250.00,V,,,,,,,060525,,,N*7C
$GPVTG,,,,,,,,,N*30
$GPGGA,130250.00,,,,,0,00,99.99,,,,,,*63
$GPGSA,A,1,,,,,,,,,,,,,99.99,99.99,99.99*30
$GPGSV,4,1,13,05,27,111,,10,08,321,,12,30,135,,13,00,055,*73
$GPGSV,4,2,13,15,29,038,,18,63,258,,20,00,130,,23,42,348,*72
$GPGSV,4,3,13,24,60,022,,25,22,173,,28,04,219,,29,11,197,*7E
$GPGSV,4,4,13,32,11,276,*49
$GPGLL,,,,,130250.00,V,N*4F
21:02:50 | Long: Waiting... | Lat: Waiting...
$GPRMC,130251.00,V,,,,,,,060525,,,N*7D
$GPVTG,,,,,,,,,N*30
$GPGGA,130251.00,,,,,0,00,99.99,,,,,,*62
$GPGSA,A,1,,,,,,,,,,,,,99.99,99.99,99.99*30
$GPGSV,4,1,13,05,27,111,,10,08,321,,12,30,135,,13,00,055,*73
$GPGSV,4,2,13,15,29,038,,18,63,258,,20,00,130,,23,42,348,*72
$GPGSV,4,3,13,24,60,022,,25,22,173,,28,04,219,,29,11,197,*7E
$GPGSV,4,4,13,32,11,276,*49
$GPGLL,,,,,130251.00,V,N*4E
21:02:51 | Long: Waiting... | Lat: Waiting...
$GPRMC,130252.00,V,,,,,,,060525,,,N*7E
$GPVTG,,,,,,,,,N*30
$GPGGA,130252.00,,,,,0,00,99.99,,,,,,*61
$GPGSA,A,1,,,,,,,,,,,,,99.99,99.99,99.99*30
$GPGSV,4,1,13,05,27,111,,10,08,321,,12,30,135,,13,00,055,*73
$GPGSV,4,2,13,15,29,038,,18,63,258,,20,00,130,,23,42,348,*72
$GPGSV,4,3,13,24,60,022,,25,22,173,,28,04,219,,29,11,197,*7E
$GPGSV,4,4,13,32,11,276,*49
$GPGLL,,,,,130252.00,V,N*4D
21:02:52 | Long: Waiting... | Lat: Waiting...
$GPRMC,130253.00,V,,,,,,,060525,,,N*7F
$GPVTG,,,,,,,,,N*30
$GPGGA,130253.00,,,,,0,00,99.99,,,,,,*60
$GPGSA,A,1,,,,,,,,,,,,,99.99,99.99,99.99*30
$GPGSV,4,1,13,05,27,111,,10,08,321,,12,30,135,,13,00,055,*73
$GPGSV,4,2,13,15,29,038,,18,63,258,,20,00,130,,23,42,348,*72
$GPGSV,4,3,13,24,60,022,24,25,22,173,,28,04,219,,29,11,197,*78
$GPGSV,4,4,13,32,11,276,*49
$GPGLL,,,,,130253.00,V,N*4C
21:02:53 | Long: Waiting... | Lat: Waiting...
$GPRMC,130254.00,V,,,,,,,060525,,,N*78
$GPVTG,,,,,,,,,N*30
$GPGGA,130254.00,,,,,0,00,99.99,,,,,,*67
$GPGSA,A,1,,,,,,,,,,,,,99.99,99.99,99.99*30
$GPGSV,4,1,13,05,27,111,,10,08,321,,12,30,135,,13,00,055,*73
$GPGSV,4,2,13,15,29,038,,18,63,258,,20,00,130,,23,42,348,*72
$GPGSV,4,3,13,24,60,022,,25,22,173,,28,04,219,,29,11,197,*7E
$GPGSV,4,4,13,32,11,276,*49
$GPGLL,,,,,130254.00,V,N*4B
21:02:54 | Long: Waiting... | Lat: Waiting...
$GPRMC,130255.00,V,,,,,,,060525,,,N*79
$GPVTG,,,,,,,,,N*30
$GPGGA,130255.00,,,,,0,00,99.99,,,,,,*66
$GPGSA,A,1,,,,,,,,,,,,,99.99,99.99,99.99*30
$GPGSV,4,1,13,05,27,111,,10,08,321,,12,30,135,,13,00,055,*73
$GPGSV,4,2,13,15,29,038,,18,63,258,,20,00,130,,23,42,348,*72
$GPGSV,4,3,13,24,60,022,,25,22,173,,28,04,219,,29,11,197,*7E
$GPGSV,4,4,13,32,11,276,*49
$GPGLL,,,,,130255.00,V,N*4A
21:02:55 | Long: Waiting... | Lat: Waiting...
$GPRMC,130256.00,V,,,,,,,060525,,,N*7A
$GPVTG,,,,,,,,,N*30
$GPGGA,130256.00,,,,,0,00,99.99,,,,,,*65
$GPGSA,A,1,,,,,,,,,,,,,99.99,99.99,99.99*30
$GPGSV,4,1,13,05,27,111,,10,08,321,,12,30,135,,13,00,055,*73
$GPGSV,4,2,13,15,29,038,,18,63,258,,20,00,130,,23,42,348,*72
$GPGSV,4,3,13,24,60,022,,25,22,173,,28,04,219,,29,11,197,*7E
$GPGSV,4,4,13,32,11,276,*49
$GPGLL,,,,,130256.00,V,N*49
21:02:56 | Long: Waiting... | Lat: Waiting...
$GPRMC,130257.00,V,,,,,,,060525,,,N*7B
$GPVTG,,,,,,,,,N*30
$GPGGA,130257.00,,,,,0,00,99.99,,,,,,*64
$GPGSA,A,1,,,,,,,,,,,,,99.99,99.99,99.99*30
$GPGSV,4,1,13,05,27,111,,10,08,321,,12,30,135,,13,00,055,*73
$GPGSV,4,2,13,15,29,038,,18,63,258,,20,00,130,,23,42,348,*72
$GPGSV,4,3,13,24,60,022,,25,22,173,26,28,04,219,,29,11,197,*7A
$GPGSV,4,4,13,32,11,276,*49
$GPGLL,,,,,130257.00,V,N*48
21:02:57 | Long: Waiting... | Lat: Waiting...
$GPRMC,130258.00,V,,,,,,,060525,,,N*74
$GPVTG,,,,,,,,,N*30
$GPGGA,130258.00,,,,,0,00,99.99,,,,,,*6B
$GPGSA,A,1,,,,,,,,,,,,,99.99,99.99,99.99*30
$GPGSV,4,1,13,05,27,111,,10,08,321,,12,30,135,,13,00,055,*73
$GPGSV,4,2,13,15,29,038,,18,63,258,,20,00,130,,23,42,348,*72
$GPGSV,4,3,13,24,60,022,,25,22,173,,28,04,219,,29,11,197,*7E
$GPGSV,4,4,13,32,11,276,*49
$GPGLL,,,,,130258.00,V,N*47
21:02:58 | Long: Waiting... | Lat: Waiting...
$GPRMC,130259.00,V,,,,,,,060525,,,N*75
$GPVTG,,,,,,,,,N*30
$GPGGA,130259.00,,,,,0,00,99.99,,,,,,*6A
$GPGSA,A,1,,,,,,,,,,,,,99.99,99.99,99.99*30
$GPGSV,4,1,13,05,27,111,,10,08,321,,12,30,135,,13,00,055,*73
$GPGSV,4,2,13,15,29,038,,18,63,258,,20,00,130,,23,42,348,*72
$GPGSV,4,3,13,24,60,022,,25,22,173,,28,04,219,,29,11,197,*7E
$GPGSV,4,4,13,32,11,276,*49
$GPGLL,,,,,130259.00,V,N*46
21:02:59 | Long: Waiting... | Lat: Waiting...
$GPRMC,130300.00,V,,,,,,,060525,,,N*78
$GPVTG,,,,,,,,,N*30
$GPGGA,130300.00,,,,,0,00,99.99,,,,,,*67
$GPGSA,A,1,,,,,,,,,,,,,99.99,99.99,99.99*30
$GPGSV,4,1,13,05,27,111,,10,08,321,,12,30,135,,13,00,055,*73
$GPGSV,4,2,13,15,29,038,,18,63,258,,20,00,130,,23,42,348,*72
$GPGSV,4,3,13,24,60,022,,25,22,173,,28,04,219,,29,11,197,*7E
$GPGSV,4,4,13,32,11,276,*49
$GPGLL,,,,,130300.00,V,N*4B
21:03:00 | Long: Waiting... | Lat: Waiting...
$GPRMC,130301.00,V,,,,,,,060525,,,N*79
$GPVTG,,,,,,,,,N*30
$GPGGA,130301.00,,,,,0,00,99.99,,,,,,*66
$GPGSA,A,1,,,,,,,,,,,,,99.99,99.99,99.99*30
$GPGSV,4,1,13,05,27,111,,10,08,321,,12,30,135,,13,00,055,*73
$GPGSV,4,2,13,15,29,038,,18,63,258,,20,00,130,,23,42,348,*72
$GPGSV,4,3,13,24,60,022,,25,22,173,,28,04,219,,29,11,197,*7E
$GPGSV,4,4,13,32,11,276,*49
$GPGLL,,,,,130301.00,V,N*4A
21:03:01 | Long: Waiting... | Lat: Waiting...
$GPRMC,130302.00,V,,,,,,,060525,,,N*7A
$GPVTG,,,,,,,,,N*30
$GPGGA,130302.00,,,,,0,00,99.99,,,,,,*65
$GPGSA,A,1,,,,,,,,,,,,,99.99,99.99,99.99*30
$GPGSV,4,1,13,05,27,111,,10,08,321,,12,30,135,,13,00,055,*73
$GPGSV,4,2,13,15,29,038,,18,63,258,,20,00,130,,23,42,348,*72
$GPGSV,4,3,13,24,60,022,,25,22,173,,28,04,219,25,29,11,197,*79
$GPGSV,4,4,13,32,11,276,*49
$GPGLL,,,,,130302.00,V,N*49
21:03:02 | Long: Waiting... | Lat: Waiting...
$GPRMC,130303.00,V,,,,,,,060525,,,N*7B
$GPVTG,,,,,,,,,N*30
$GPGGA,130303.00,,,,,0,00,99.99,,,,,,*64
$GPGSA,A,1,,,,,,,,,,,,,99.99,99.99,99.99*30
$GPGSV,4,1,13,05,27,111,,10,08,321,,12,30,135,,13,00,055,*73
$GPGSV,4,2,13,15,29,038,,18,63,258,,20,00,130,,23,42,348,*72
$GPGSV,4,3,13,24,60,022,,25,22,173,,28,04,219,,29,11,197,*7E
$GPGSV,4,4,13,32,11,276,*49
$GPGLL,,,,,130303.00,V,N*48
21:03:03 | Long: Waiting... | Lat: Waiting...
$GPRMC,130304.00,V,,,,,,,060525,,,N*7C
$GPVTG,,,,,,,,,N*30
$GPGGA,130304.00,,,,,0,00,99.99,,,,,,*63
$GPGSA,A,1,,,,,,,,,,,,,99.99,99.99,99.99*30
$GPGSV,4,1,13,05,27,111,,10,08,321,,12,30,135,,13,00,055,*73
$GPGSV,4,2,13,15,29,038,,18,63,258,,20,00,130,,23,42,348,*72
$GPGSV,4,3,13,24,60,022,,25,22,173,,28,04,219,,29,11,197,*7E
$GPGSV,4,4,13,32,11,276,*49
$GPGLL,,,,,130304.00,V,N*4F
21:03:04 | Long: Waiting... | Lat: Waiting...
$GPRMC,130305.00,V,,,,,,,060525,,,N*7D
$GPVTG,,,,,,,,,N*30
$GPGGA,130305.00,,,,,0,00,99.99,,,,,,*62
$GPGSA,A,1,,,,,,,,,,,,,99.99,99.99,99.99*30
$GPGSV,4,1,13,05,27,111,,10,08,321,,12,30,135,,13,00,055,*73
$GPGSV,4,2,13,15,29,038,,18,63,258,,20,00,130,,23,42,348,*72
$GPGSV,4,3,13,24,60,022,,25,22,173,,28,04,219,,29,11,197,*7E
$GPGSV,4,4,13,32,11,276,*49
$GPGLL,,,,,130305.00,V,N*4E
21:03:05 | Long: Waiting... | Lat: Waiting...
$GPRMC,130306.00,V,,,,,,,060525,,,N*7E
$GPVTG,,,,,,,,,N*30
$GPGGA,130306.00,,,,,0,00,99.99,,,,,,*61
$GPGSA,A,1,,,,,,,,,,,,,99.99,99.99,99.99*30
$GPGSV,4,1,13,05,27,111,,10,08,321,,12,30,135,,13,00,055,*73
$GPGSV,4,2,13,15,29,038,,18,63,258,,20,00,130,,23,42,348,*72
$GPGSV,4,3,13,24,60,022,,25,22,173,,28,04,219,,29,11,197,24*78
$GPGSV,4,4,13,32,11,276,*49
$GPGLL,,,,,130306.00,V,N*4D
21:03:06 | Long: Waiting... | Lat: Waiting...
$GPRMC,130307.00,V,,,,,,,060525,,,N*7F
$GPVTG,,,,,,,,,N*30
$GPGGA,130307.00,,,,,0,00,99.99,,,,,,*60
$GPGSA,A,1,,,,,,,,,,,,,99.99,99.99,99.99*30
$GPGSV,4,1,13,05,27,111,,10,08,321,,12,30,135,,13,00,055,*73
$GPGSV,4,2,13,15,29,038,,18,63,258,,20,00,130,,23,42,348,*72
$GPGSV,4,3,13,24,60,022,,25,22,173,,28,04,219,,29,11,197,*7E
$GPGSV,4,4,13,32,11,276,*49
$GPGLL,,,,,130307.00,V,N*4C
21:03:07 | Long: Waiting... | Lat: Waiting...
$GPRMC,130308.00,V,,,,,,,060525,,,N*70
$GPVTG,,,,,,,,,N*30
$GPGGA,130308.00,,,,,0,00,99.99,,,,,,*6F
$GPGSA,A,1,,,,,,,,,,,,,99.99,99.99,99.99*30
$GPGSV,4,1,13,05,27,111,,10,08,321,,12,30,135,,13,00,055,*73
$GPGSV,4,2,13,15,29,038,,18,63,258,,20,00,130,,23,42,348,*72
$GPGSV,4,3,13,24,60,022,,25,22,173,,28,04,219,,29,11,197,*7E
$GPGSV,4,4,13,32,11,276,*49
$GPGLL,,,,,130308.00,V,N*43
21:03:08 | Long: Waiting... | Lat: Waiting...
$GPRMC,130309.00,V,,,,,,,060525,,,N*71
$GPVTG,,,,,,,,,N*30
$GPGGA,130309.00,,,,,0,00,99.99,,,,,,*6E
$GPGSA,A,1,,,,,,,,,,,,,99.99,99.99,99.99*30
$GPGSV,4,1,13,05,27,111,,10,08,321,,12,30,135,,13,00,055,*73
$GPGSV,4,2,13,15,29,038,,18,63,258,,20,00,130,,23,42,348,*72
$GPGSV,4,3,13,24,60,022,,25,22,173,,28,04,219,,29,11,197,*7E
$GPGSV,4,4,13,32,11,276,*49
$GPGLL,,,,,130309.00,V,N*42
21:03:09 | Long: Waiting... | Lat: Waiting...
$GPRMC,130310.00,V,,,,,,,060525,,,N*79
$GPVTG,,,,,,,,,N*30
$GPGGA,130310.00,,,,,0,00,99.99,,,,,,*66
$GPGSA,A,1,,,,,,,,,,,,,99.99,99.99,99.99*30
$GPGSV,4,1,13,05,27,111,,10,08,321,,12,30,135,,13,00,055,*73
$GPGSV,4,2,13,15,29,038,,18,63,258,,20,00,130,,23,42,348,*72
$GPGSV,4,3,13,24,60,022,,25,22,173,,28,04,219,,29,11,197,*7E
$GPGSV,4,4,13,32,11,276,*49
$GPGLL,,,,,130310.00,V,N*4A
21:03:10 | Long: Waiting... | Lat: Waiting...
$GPRMC,130311.00,V,,,,,,,060525,,,N*78
$GPVTG,,,,,,,,,N*30
$GPGGA,130311.00,,,,,0,00,99.99,,,,,,*67
$GPGSA,A,1,,,,,,,,,,,,,99.99,99.99,99.99*30
$GPGSV,4,1,13,05,27,111,,10,08,321,,12,30,135,,13,00,055,*73
$GPGSV,4,2,13,15,29,038,,18,63,258,,20,00,130,,23,42,348,*72
$GPGSV,4,3,13,24,60,022,,25,22,173,,28,04,219,,29,11,197,07*79
$GPGSV,4,4,13,32,11,276,*49
$GPGLL,,,,,130311.00,V,N*4B
21:03:11 | Long: Waiting... | Lat: Waiting...
$GPRMC,130312.00,V,,,,,,,060525,,,N*7B
$GPVTG,,,,,,,,,N*30
$GPGGA,130312.00,,,,,0,00,99.99,,,,,,*64
$GPGSA,A,1,,,,,,,,,,,,,99.99,99.99,99.99*30
$GPGSV,4,1,13,05,27,111,,10,08,321,,12,30,135,,13,00,055,*73
$GPGSV,4,2,13,15,29,038,,18,63,258,,20,00,130,,23,42,348,*72
$GPGSV,4,3,13,24,60,022,,25,22,173,,28,04,219,,29,11,197,07*79
$GPGSV,4,4,13,32,11,276,*49
$GPGLL,,,,,130312.00,V,N*48
21:03:12 | Long: Waiting... | Lat: Waiting...
$GPRMC,130313.00,V,,,,,,,060525,,,N*7A
$GPVTG,,,,,,,,,N*30
$GPGGA,130313.00,,,,,0,00,99.99,,,,,,*65
$GPGSA,A,1,,,,,,,,,,,,,99.99,99.99,99.99*30
$GPGSV,4,1,13,05,27,111,,10,08,321,,12,30,135,,13,00,055,*73
$GPGSV,4,2,13,15,29,038,,18,63,258,,20,00,130,,23,42,348,*72
$GPGSV,4,3,13,24,60,022,,25,22,173,,28,04,219,,29,11,197,*7E
$GPGSV,4,4,13,32,11,276,26*4D
$GPGLL,,,,,130313.00,V,N*49
21:03:13 | Long: Waiting... | Lat: Waiting...
$GPRMC,130314.00,V,,,,,,,060525,,,N*7D
$GPVTG,,,,,,,,,N*30
$GPGGA,130314.00,,,,,0,00,99.99,,,,,,*62
$GPGSA,A,1,,,,,,,,,,,,,99.99,99.99,99.99*30
$GPGSV,4,1,13,05,27,111,,10,08,322,,12,30,135,,13,00,055,*70
$GPGSV,4,2,13,15,29,038,,18,63,258,,20,00,130,,23,42,348,*72
$GPGSV,4,3,13,24,60,022,,25,22,173,,28,04,219,,29,11,197,*7E
$GPGSV,4,4,13,32,11,276,*49
$GPGLL,,,,,130314.00,V,N*4E
21:03:14 | Long: Waiting... | Lat: Waiting...
$GPRMC,130315.00,V,,,,,,,060525,,,N*7C
$GPVTG,,,,,,,,,N*30
$GPGGA,130315.00,,,,,0,00,99.99,,,,,,*63
$GPGSA,A,1,,,,,,,,,,,,,99.99,99.99,99.99*30
$GPGSV,4,1,13,05,27,111,,10,08,322,,12,30,135,,13,00,056,*73
$GPGSV,4,2,13,15,29,038,,18,63,258,,20,00,130,,23,42,348,*72
$GPGSV,4,3,13,24,60,022,,25,22,173,,28,04,219,,29,11,197,*7E
$GPGSV,4,4,13,32,11,276,*49
$GPGLL,,,,,130315.00,V,N*4F
21:03:15 | Long: Waiting... | Lat: Waiting...
$GPRMC,130316.00,V,,,,,,,060525,,,N*7F
$GPVTG,,,,,,,,,N*30
$GPGGA,130316.00,,,,,0,00,99.99,,,,,,*60
$GPGSA,A,1,,,,,,,,,,,,,99.99,99.99,99.99*30
$GPGSV,4,1,13,05,27,111,,10,08,322,,12,30,135,,13,00,056,*73
$GPGSV,4,2,13,15,29,038,,18,63,258,,20,00,130,,23,42,348,*72
$GPGSV,4,3,13,24,60,022,,25,22,173,,28,04,219,,29,11,197,*7E
$GPGSV,4,4,13,32,11,276,*49
$GPGLL,,,,,130316.00,V,N*4C
21:03:16 | Long: Waiting... | Lat: Waiting...
$GPRMC,130317.00,V,,,,,,,060525,,,N*7E
$GPVTG,,,,,,,,,N*30
$GPGGA,130317.00,,,,,0,00,99.99,,,,,,*61
$GPGSA,A,1,,,,,,,,,,,,,99.99,99.99,99.99*30
$GPGSV,4,1,13,05,27,111,25,10,08,322,,12,30,135,,13,00,056,*74
$GPGSV,4,2,13,15,29,038,,18,63,258,,20,00,130,,23,42,348,*72
$GPGSV,4,3,13,24,60,022,,25,22,173,,28,04,219,,29,11,197,*7E
$GPGSV,4,4,13,32,11,276,*49
$GPGLL,,,,,130317.00,V,N*4D
21:03:17 | Long: Waiting... | Lat: Waiting...
$GPRMC,130318.00,V,,,,,,,060525,,,N*71
$GPVTG,,,,,,,,,N*30
$GPGGA,130318.00,,,,,0,00,99.99,,,,,,*6E
$GPGSA,A,1,,,,,,,,,,,,,99.99,99.99,99.99*30
$GPGSV,4,1,13,05,27,111,,10,08,322,,12,30,135,,13,00,056,*73
$GPGSV,4,2,13,15,29,038,,18,63,258,,20,00,130,,23,42,348,*72
$GPGSV,4,3,13,24,60,022,,25,22,173,,28,04,219,,29,11,197,*7E
$GPGSV,4,4,13,32,11,276,*49
$GPGLL,,,,,130318.00,V,N*42
21:03:18 | Long: Waiting... | Lat: Waiting...
$GPRMC,130319.00,V,,,,,,,060525,,,N*70
$GPVTG,,,,,,,,,N*30
$GPGGA,130319.00,,,,,0,00,99.99,,,,,,*6F
$GPGSA,A,1,,,,,,,,,,,,,99.99,99.99,99.99*30
$GPGSV,4,1,13,05,27,111,,10,08,322,20,12,30,135,,13,00,056,*71
$GPGSV,4,2,13,15,29,038,,18,63,258,,20,00,130,,23,42,348,*72
$GPGSV,4,3,13,24,60,022,,25,22,173,,28,04,219,,29,11,197,*7E
$GPGSV,4,4,13,32,11,276,*49
$GPGLL,,,,,130319.00,V,N*43
21:03:19 | Long: Waiting... | Lat: Waiting...
$GPRMC,130320.00,V,,,,,,,060525,,,N*7A
$GPVTG,,,,,,,,,N*30
$GPGGA,130320.00,,,,,0,00,99.99,,,,,,*65
$GPGSA,A,1,,,,,,,,,,,,,99.99,99.99,99.99*30
$GPGSV,4,1,13,05,27,111,,10,08,322,,12,30,135,,13,00,056,*73
$GPGSV,4,2,13,15,29,038,,18,63,258,,20,00,130,,23,43,348,*73
$GPGSV,4,3,13,24,60,022,,25,22,173,,28,04,219,,29,11,197,*7E
$GPGSV,4,4,13,32,11,276,*49
$GPGLL,,,,,130320.00,V,N*49
21:03:20 | Long: Waiting... | Lat: Waiting...
$GPRMC,130321.00,V,,,,,,,060525,,,N*7B
$GPVTG,,,,,,,,,N*30
$GPGGA,130321.00,,,,,0,00,99.99,,,,,,*64
$GPGSA,A,1,,,,,,,,,,,,,99.99,99.99,99.99*30
$GPGSV,4,1,13,05,27,111,,10,08,322,,12,30,135,,13,00,056,*73
$GPGSV,4,2,13,15,29,038,,18,63,258,,20,00,130,,23,43,348,*73
$GPGSV,4,3,13,24,60,022,,25,22,173,,28,04,219,,29,11,197,*7E
$GPGSV,4,4,13,32,11,276,*49
$GPGLL,,,,,130321.00,V,N*48
21:03:21 | Long: Waiting... | Lat: Waiting...
$GPRMC,130322.00,V,,,,,,,060525,,,N*78
$GPVTG,,,,,,,,,N*30
$GPGGA,130322.00,,,,,0,00,99.99,,,,,,*67
$GPGSA,A,1,,,,,,,,,,,,,99.99,99.99,99.99*30
$GPGSV,4,1,13,05,27,111,,10,08,322,,12,30,135,24,13,00,056,*75
$GPGSV,4,2,13,15,29,038,,18,63,258,,20,00,130,,23,43,348,*73
$GPGSV,4,3,13,24,60,022,,25,22,173,,28,04,219,,29,11,197,*7E
$GPGSV,4,4,13,32,11,276,*49
$GPGLL,,,,,130322.00,V,N*4B
21:03:22 | Long: Waiting... | Lat: Waiting...
$GPRMC,130323.00,V,,,,,,,060525,,,N*79
$GPVTG,,,,,,,,,N*30
$GPGGA,130323.00,,,,,0,00,99.99,,,,,,*66
$GPGSA,A,1,,,,,,,,,,,,,99.99,99.99,99.99*30
$GPGSV,4,1,13,05,27,111,,10,08,322,,12,30,135,,13,00,056,*73
$GPGSV,4,2,13,15,29,038,,18,63,258,,20,00,130,,23,43,348,*73
$GPGSV,4,3,13,24,60,022,,25,22,173,,28,04,219,,29,11,197,*7E
$GPGSV,4,4,13,32,11,276,*49
$GPGLL,,,,,130323.00,V,N*4A
21:03:23 | Long: Waiting... | Lat: Waiting...
$GPRMC,130324.00,V,,,,,,,060525,,,N*7E
$GPVTG,,,,,,,,,N*30
$GPGGA,130324.00,,,,,0,00,99.99,,,,,,*61
$GPGSA,A,1,,,,,,,,,,,,,99.99,99.99,99.99*30
$GPGSV,4,1,13,05,27,111,,10,08,322,,12,30,135,,13,00,056,*73
$GPGSV,4,2,13,15,29,038,,18,63,258,,20,00,130,,23,43,348,*73
$GPGSV,4,3,13,24,60,022,,25,22,173,,28,04,219,,29,11,197,*7E
$GPGSV,4,4,13,32,11,276,*49
$GPGLL,,,,,130324.00,V,N*4D
21:03:24 | Long: Waiting... | Lat: Waiting...
$GPRMC,130325.00,V,,,,,,,060525,,,N*7F
$GPVTG,,,,,,,,,N*30
$GPGGA,130325.00,,,,,0,00,99.99,,,,,,*60
$GPGSA,A,1,,,,,,,,,,,,,99.99,99.99,99.99*30
$GPGSV,4,1,13,05,27,111,,10,08,322,,12,30,135,,13,00,056,*73
$GPGSV,4,2,13,15,29,038,,18,63,258,,20,00,130,,23,43,348,*73
$GPGSV,4,3,13,24,60,022,,25,22,173,,28,04,219,,29,11,197,*7E
$GPGSV,4,4,13,32,11,276,*49
$GPGLL,,,,,130325.00,V,N*4C
21:03:25 | Long: Waiting... | Lat: Waiting...
$GPRMC,130326.00,V,,,,,,,060525,,,N*7C
$GPVTG,,,,,,,,,N*30
$GPGGA,130326.00,,,,,0,00,99.99,,,,,,*63
$GPGSA,A,1,,,,,,,,,,,,,99.99,99.99,99.99*30
$GPGSV,4,1,13,05,27,111,,10,08,322,,12,30,135,,13,00,056,22*73
$GPGSV,4,2,13,15,29,038,,18,63,258,,20,00,130,,23,43,348,*73
$GPGSV,4,3,13,24,60,022,,25,22,173,,28,04,219,,29,11,197,*7E
$GPGSV,4,4,13,32,11,276,*49
$GPGLL,,,,,130326.00,V,N*4F
21:03:26 | Long: Waiting... | Lat: Waiting...
$GPRMC,130327.00,V,,,,,,,060525,,,N*7D
$GPVTG,,,,,,,,,N*30
$GPGGA,130327.00,,,,,0,00,99.99,,,,,,*62
$GPGSA,A,1,,,,,,,,,,,,,99.99,99.99,99.99*30
$GPGSV,4,1,13,05,27,111,,10,08,322,,12,30,135,,13,00,056,*73
$GPGSV,4,2,13,15,29,038,,18,63,258,,20,00,130,,23,43,348,*73
$GPGSV,4,3,13,24,60,022,,25,22,173,,28,04,219,,29,11,197,*7E
$GPGSV,4,4,13,32,11,276,*49
$GPGLL,,,,,130327.00,V,N*4E
21:03:27 | Long: Waiting... | Lat: Waiting...
$GPRMC,130328.00,V,,,,,,,060525,,,N*72
$GPVTG,,,,,,,,,N*30
$GPGGA,130328.00,,,,,0,00,99.99,,,,,,*6D
$GPGSA,A,1,,,,,,,,,,,,,99.99,99.99,99.99*30
$GPGSV,4,1,13,05,27,111,,10,08,322,,12,30,135,,13,00,056,*73
$GPGSV,4,2,13,15,29,038,,18,63,258,,20,00,130,,23,43,348,*73
$GPGSV,4,3,13,24,60,022,,25,22,173,,28,04,219,,29,11,197,*7E
$GPGSV,4,4,13,32,11,276,*49
$GPGLL,,,,,130328.00,V,N*41
21:03:28 | Long: Waiting... | Lat: Waiting...
$GPRMC,130329.00,V,,,,,,,060525,,,N*73
$GPVTG,,,,,,,,,N*30
$GPGGA,130329.00,,,,,0,00,99.99,,,,,,*6C
$GPGSA,A,1,,,,,,,,,,,,,99.99,99.99,99.99*30
$GPGSV,4,1,13,05,27,111,,10,08,322,,12,30,135,,13,00,056,*73
$GPGSV,4,2,13,15,29,038,,18,63,258,,20,00,130,,23,43,348,*73
$GPGSV,4,3,13,24,60,022,,25,22,173,,28,04,219,,29,11,197,*7E
$GPGSV,4,4,13,32,11,276,*49
$GPGLL,,,,,130329.00,V,N*40
21:03:29 | Long: Waiting... | Lat: Waiting...
$GPRMC,130330.00,V,,,,,,,060525,,,N*7B
$GPVTG,,,,,,,,,N*30
$GPGGA,130330.00,,,,,0,00,99.99,,,,,,*64
$GPGSA,A,1,,,,,,,,,,,,,99.99,99.99,99.99*30
$GPGSV,4,1,13,05,27,111,,10,08,322,,12,30,135,,13,00,056,*73
$GPGSV,4,2,13,15,29,038,,18,63,258,,20,00,130,,23,43,348,*73
$GPGSV,4,3,13,24,60,022,,25,22,173,,28,04,219,,29,11,197,*7E
$GPGSV,4,4,13,32,11,276,*49
$GPGLL,,,,,130330.00,V,N*48
21:03:30 | Long: Waiting... | Lat: Waiting...
$GPRMC,130331.00,V,,,,,,,060525,,,N*7A
$GPVTG,,,,,,,,,N*30
$GPGGA,130331.00,,,,,0,00,99.99,,,,,,*65
$GPGSA,A,1,,,,,,,,,,,,,99.99,99.99,99.99*30
$GPGSV,4,1,13,05,27,111,,10,08,322,,12,30,135,,13,00,056,*73
$GPGSV,4,2,13,15,29,038,,18,63,258,,20,00,130,,23,43,348,*73
$GPGSV,4,3,13,24,60,022,,25,22,173,,28,04,219,,29,11,197,*7E
$GPGSV,4,4,13,32,11,276,*49
$GPGLL,,,,,130331.00,V,N*49
21:03:31 | Long: Waiting... | Lat: Waiting...
$GPRMC,130332.00,V,,,,,,,060525,,,N*79
$GPVTG,,,,,,,,,N*30
$GPGGA,130332.00,,,,,0,00,99.99,,,,,,*66
$GPGSA,A,1,,,,,,,,,,,,,99.99,99.99,99.99*30
$GPGSV,4,1,13,05,27,111,,10,08,322,,12,30,135,,13,00,056,*73
$GPGSV,4,2,13,15,29,038,,18,63,258,,20,00,130,,23,43,348,*73
$GPGSV,4,3,13,24,60,022,,25,22,173,,28,04,219,,29,11,197,*7E
$GPGSV,4,4,13,32,11,276,*49
$GPGLL,,,,,130332.00,V,N*4A
21:03:32 | Long: Waiting... | Lat: Waiting...
$GPRMC,130333.00,V,,,,,,,060525,,,N*78
$GPVTG,,,,,,,,,N*30
$GPGGA,130333.00,,,,,0,00,99.99,,,,,,*67
$GPGSA,A,1,,,,,,,,,,,,,99.99,99.99,99.99*30
$GPGSV,4,1,13,05,27,111,,10,08,322,,12,30,135,,13,00,056,*73
$GPGSV,4,2,13,15,29,038,,18,63,258,,20,00,130,,23,43,348,*73
$GPGSV,4,3,13,24,60,022,,25,22,173,,28,04,219,,29,11,197,*7E
$GPGSV,4,4,13,32,11,276,*49
$GPGLL,,,,,130333.00,V,N*4B
21:03:33 | Long: Waiting... | Lat: Waiting...
$GPRMC,130334.00,V,,,,,,,060525,,,N*7F
$GPVTG,,,,,,,,,N*30
$GPGGA,130334.00,,,,,0,00,99.99,,,,,,*60
$GPGSA,A,1,,,,,,,,,,,,,99.99,99.99,99.99*30
$GPGSV,4,1,13,05,27,111,,10,08,322,,12,30,135,,13,00,056,*73
$GPGSV,4,2,13,15,29,038,,18,63,258,,20,00,130,,23,43,348,*73
$GPGSV,4,3,13,24,60,022,,25,22,173,,28,04,219,,29,11,197,*7E
$GPGSV,4,4,13,32,11,276,*49
$GPGLL,,,,,130334.00,V,N*4C
21:03:34 | Long: Waiting... | Lat: Waiting...
$GPRMC,130335.00,V,,,,,,,060525,,,N*7E
$GPVTG,,,,,,,,,N*30
$GPGGA,130335.00,,,,,0,00,99.99,,,,,,*61
$GPGSA,A,1,,,,,,,,,,,,,99.99,99.99,99.99*30
$GPGSV,4,1,13,05,27,111,,10,08,322,,12,30,135,,13,00,056,*73
$GPGSV,4,2,13,15,29,038,,18,63,258,,20,00,130,,23,43,348,*73
$GPGSV,4,3,13,24,60,022,,25,22,173,,28,04,219,,29,11,197,*7E
$GPGSV,4,4,13,32,11,276,*49
$GPGLL,,,,,130335.00,V,N*4D
21:03:35 | Long: Waiting... | Lat: Waiting...
$GPRMC,130336.00,V,,,,,,,060525,,,N*7D
$GPVTG,,,,,,,,,N*30
$GPGGA,130336.00,,,,,0,00,99.99,,,,,,*62
$GPGSA,A,1,,,,,,,,,,,,,99.99,99.99,99.99*30
$GPGSV,4,1,13,05,27,111,,10,08,322,,12,30,135,,13,00,056,*73
$GPGSV,4,2,13,15,29,038,,18,63,258,,20,00,130,,23,43,348,*73
$GPGSV,4,3,13,24,60,022,,25,22,173,,28,04,219,,29,11,197,*7E
$GPGSV,4,4,13,32,11,276,*49
$GPGLL,,,,,130336.00,V,N*4E
21:03:36 | Long: Waiting... | Lat: Waiting...
$GPRMC,130337.00,V,,,,,,,060525,,,N*7C
$GPVTG,,,,,,,,,N*30
$GPGGA,130337.00,,,,,0,00,99.99,,,,,,*63
$GPGSA,A,1,,,,,,,,,,,,,99.99,99.99,99.99*30
$GPGSV,4,1,13,05,27,111,,10,08,322,,12,30,135,,13,00,056,*73
$GPGSV,4,2,13,15,29,038,,18,63,258,,20,00,130,,23,43,348,*73
$GPGSV,4,3,13,24,60,022,,25,22,173,,28,04,219,,29,11,197,*7E
$GPGSV,4,4,13,32,11,276,*49
$GPGLL,,,,,130337.00,V,N*4F
21:03:37 | Long: Waiting... | Lat: Waiting...
$GPRMC,130338.00,V,,,,,,,060525,,,N*73
$GPVTG,,,,,,,,,N*30
$GPGGA,130338.00,,,,,0,00,99.99,,,,,,*6C
$GPGSA,A,1,,,,,,,,,,,,,99.99,99.99,99.99*30
$GPGSV,4,1,13,05,27,111,,10,08,322,,12,30,135,,13,00,056,*73
$GPGSV,4,2,13,15,29,038,,18,63,258,,20,00,130,,23,43,348,*73
$GPGSV,4,3,13,24,60,022,,25,22,173,,28,04,219,,29,11,197,*7E
$GPGSV,4,4,13,32,11,276,*49
$GPGLL,,,,,130338.00,V,N*40
21:03:38 | Long: Waiting... | Lat: Waiting...
$GPRMC,130339.00,V,,,,,,,060525,,,N*72
$GPVTG,,,,,,,,,N*30
$GPGGA,130339.00,,,,,0,00,99.99,,,,,,*6D
$GPGSA,A,1,,,,,,,,,,,,,99.99,99.99,99.99*30
$GPGSV,4,1,13,05,27,111,,10,08,322,,12,30,135,,13,00,056,*73
$GPGSV,4,2,13,15,29,038,,18,63,258,,20,00,130,,23,43,348,*73
$GPGSV,4,3,13,24,60,022,,25,22,173,,28,04,219,,29,11,197,*7E
$GPGSV,4,4,13,32,11,276,*49
$GPGLL,,,,,130339.00,V,N*41
21:03:39 | Long: Waiting... | Lat: Waiting...
$GPRMC,130340.00,V,,,,,,,060525,,,N*7C
$GPVTG,,,,,,,,,N*30
$GPGGA,130340.00,,,,,0,00,99.99,,,,,,*63
$GPGSA,A,1,,,,,,,,,,,,,99.99,99.99,99.99*30
$GPGSV,4,1,13,05,27,111,,10,08,322,,12,30,135,,13,00,056,*73
$GPGSV,4,2,13,15,29,038,,18,63,258,,20,00,130,,23,43,348,*73
$GPGSV,4,3,13,24,60,022,20,25,22,173,,28,04,219,,29,11,197,*7C
$GPGSV,4,4,13,32,11,276,*49
$GPGLL,,,,,130340.00,V,N*4F
21:03:40 | Long: Waiting... | Lat: Waiting...
$GPRMC,130341.00,V,,,,,,,060525,,,N*7D
$GPVTG,,,,,,,,,N*30
$GPGGA,130341.00,,,,,0,00,99.99,,,,,,*62
$GPGSA,A,1,,,,,,,,,,,,,99.99,99.99,99.99*30
$GPGSV,4,1,13,05,27,111,,10,08,322,,12,30,135,,13,00,056,*73
$GPGSV,4,2,13,15,29,038,,18,63,258,,20,00,130,,23,43,348,*73
$GPGSV,4,3,13,24,60,022,,25,22,173,,28,04,219,,29,11,197,*7E
$GPGSV,4,4,13,32,11,276,*49
$GPGLL,,,,,130341.00,V,N*4E
21:03:41 | Long: Waiting... | Lat: Waiting...
$GPRMC,130342.00,V,,,,,,,060525,,,N*7E
$GPVTG,,,,,,,,,N*30
$GPGGA,130342.00,,,,,0,00,99.99,,,,,,*61
$GPGSA,A,1,,,,,,,,,,,,,99.99,99.99,99.99*30
$GPGSV,4,1,13,05,27,111,,10,08,322,,12,30,135,,13,00,056,*73
$GPGSV,4,2,13,15,29,038,,18,63,258,,20,00,130,,23,43,348,*73
$GPGSV,4,3,13,24,60,022,,25,22,173,,28,04,219,,29,11,197,*7E
$GPGSV,4,4,13,32,11,276,*49
$GPGLL,,,,,130342.00,V,N*4D
21:03:42 | Long: Waiting... | Lat: Waiting...
$GPRMC,130343.00,V,,,,,,,060525,,,N*7F
$GPVTG,,,,,,,,,N*30
$GPGGA,130343.00,,,,,0,00,99.99,,,,,,*60
$GPGSA,A,1,,,,,,,,,,,,,99.99,99.99,99.99*30
$GPGSV,4,1,13,05,27,111,,10,08,322,,12,30,135,,13,00,056,*73
$GPGSV,4,2,13,15,29,038,,18,63,258,,20,00,130,,23,43,348,*73
$GPGSV,4,3,13,24,60,022,,25,22,173,,28,04,219,,29,11,197,*7E
$GPGSV,4,4,13,32,11,276,*49
$GPGLL,,,,,130343.00,V,N*4C
21:03:43 | Long: Waiting... | Lat: Waiting...
$GPRMC,130344.00,V,,,,,,,060525,,,N*78
$GPVTG,,,,,,,,,N*30
$GPGGA,130344.00,,,,,0,00,99.99,,,,,,*67
$GPGSA,A,1,,,,,,,,,,,,,99.99,99.99,99.99*30
$GPGSV,4,1,13,05,27,111,,10,08,322,,12,30,135,,13,00,056,*73
$GPGSV,4,2,13,15,29,038,,18,63,258,,20,00,130,,23,43,348,*73
$GPGSV,4,3,13,24,60,022,,25,22,173,,28,04,219,,29,11,197,*7E
$GPGSV,4,4,13,32,11,276,*49
$GPGLL,,,,,130344.00,V,N*4B
21:03:44 | Long: Waiting... | Lat: Waiting...
$GPRMC,130345.00,V,,,,,,,060525,,,N*79
$GPVTG,,,,,,,,,N*30
$GPGGA,130345.00,,,,,0,00,99.99,,,,,,*66
$GPGSA,A,1,,,,,,,,,,,,,99.99,99.99,99.99*30
$GPGSV,4,1,13,05,27,111,,10,08,322,,12,30,135,,13,00,056,*73
$GPGSV,4,2,13,15,29,038,,18,63,258,,20,00,130,,23,43,348,*73
$GPGSV,4,3,13,24,60,022,,25,22,173,,28,04,219,,29,11,197,*7E
$GPGSV,4,4,13,32,11,276,*49
$GPGLL,,,,,130345.00,V,N*4A
21:03:45 | Long: Waiting... | Lat: Waiting...
$GPRMC,130346.00,V,,,,,,,060525,,,N*7A
$GPVTG,,,,,,,,,N*30
$GPGGA,130346.00,,,,,0,00,99.99,,,,,,*65
$GPGSA,A,1,,,,,,,,,,,,,99.99,99.99,99.99*30
$GPGSV,4,1,13,05,27,111,,10,08,322,,12,30,135,,13,00,056,*73
$GPGSV,4,2,13,15,29,038,,18,63,258,,20,00,130,,23,43,348,*73
$GPGSV,4,3,13,24,60,022,,25,22,173,,28,04,219,,29,11,197,*7E
$GPGSV,4,4,13,32,11,276,*49
$GPGLL,,,,,130346.00,V,N*49
21:03:46 | Long: Waiting... | Lat: Waiting...
$GPRMC,130347.00,V,,,,,,,060525,,,N*7B
$GPVTG,,,,,,,,,N*30
$GPGGA,130347.00,,,,,0,00,99.99,,,,,,*64
$GPGSA,A,1,,,,,,,,,,,,,99.99,99.99,99.99*30
$GPGSV,4,1,13,05,27,111,,10,08,322,,12,30,135,,13,00,056,*73
$GPGSV,4,2,13,15,29,038,,18,63,258,,20,00,130,,23,43,348,*73
$GPGSV,4,3,13,24,60,022,,25,22,173,,28,04,219,,29,11,197,*7E
$GPGSV,4,4,13,32,11,276,*49
$GPGLL,,,,,130347.00,V,N*48
21:03:47 | Long: Waiting... | Lat: Waiting...
